订单日期,订单单号,区域,快递公司,订单额,产品单价,利润额,产品类别,产品名称,月份_销售
2021-10-13,SO000001,华北,顺丰,261.54,38.94,-213.25,办公用品,Crate-A-Files™,10月
2021-02-20,SO000002,华南,顺丰,6.93,2.08,-4.64,办公用品,Letter Slitter,2月
2021-07-15,SO000003,华南,顺丰,2808.08,107.53,1054.82,家具产品,Document Clip Frames,7月
2021-07-15,SO000004,华北,顺丰,1761.4,70.89,-1748.56,家具产品,KI Conference Tables,7月
2021-07-15,SO000005,华北,顺丰,160.2335,7.99,-85.129,数码电子,CF 688,7月
2021-07-15,SO000006,东北,顺丰,140.56,8.46,-128.38,数码电子,TDK 4.7GB DVD-R,7月
2021-10-22,SO000007,东北,顺丰,288.56,9.11,60.72,办公用品,Newell 340,10月
2021-10-22,SO000008,华南,顺丰,1892.848,155.99,48.987,数码电子,CF 688,10月
2021-11-02,SO000009,华南,顺丰,2484.7455,65.99,657.477,数码电子,6162i,11月
2021-03-17,SO000010,华南,顺丰,3812.73,115.79,1470.3,数码电子,TDK 4.7GB DVD-R,3月
2021-01-19,SO000011,华北,顺丰,108.15,2.88,7.57,办公用品,Newell 340,1月
2021-06-03,SO000012,西北,顺丰,1186.06,30.93,511.69,家具产品,Document Clip Frames,6月
2021-06-03,SO000013,华南,顺丰,51.53,1.68,0.35,办公用品,Newell 308,6月
2021-12-17,SO000014,华南,顺丰,90.05,1.86,-107.0,办公用品,"Super Bands, 12/Pack",12月
2021-12-17,SO000015,华北,顺丰,7804.53,205.99,2057.1659999999997,数码电子,3285,12月
2021-04-16,SO000016,华北,顺丰,4158.1235,125.99,1228.8870000000002,数码电子,SC7868i,4月
2021-01-28,SO000017,西南,顺丰,75.57,2.89,28.24,办公用品,Avery 498,1月
2021-11-18,SO000018,华南,顺丰,32.72,6.48,-22.59,办公用品,Xerox 217,11月
2021-05-07,SO000019,华南,顺丰,461.89,150.98,-309.8244,数码电子,Xerox 193,5月
2021-05-07,SO000020,华东,顺丰,575.11,18.97,71.75,办公用品,Xerox 217,5月
2021-05-07,SO000021,华北,顺丰,236.46,9.71,-134.31,办公用品,Crate-A-Files™,5月
2021-06-10,SO000022,西北,韵达,192.814,7.99,-86.196,数码电子,CF 688,6月
2021-06-10,SO000023,西北,韵达,4011.65,130.98,-603.8,家具产品,Xerox 1907,6月
2021-04-30,SO000024,华南,韵达,1132.6,95.99,-310.21,办公用品,Crate-A-Files™,4月
2021-10-20,SO000025,华南,韵达,125.85,4.98,-89.25,数码电子,TDK 4.7GB DVD-R,10月
2021-09-11,SO000026,华南,韵达,567.9359999999999,65.99,-126.09299999999999,数码电子,i270,9月
2021-08-07,SO000027,华南,韵达,174.89,12.44,-37.04,办公用品,Crate-A-Files™,8月
2021-04-04,SO000028,华北,韵达,329.03,7.28,-197.25,家具产品,Document Clip Frames,4月
2021-04-04,SO000029,东北,韵达,20.19,3.14,-13.44,办公用品,Letter Slitter,4月
2021-12-27,SO000030,华南,韵达,1315.74,36.55,260.87,办公用品,Newell 340,12月
2021-04-06,SO000031,华南,韵达,310.52,12.98,33.22,办公用品,Letter Slitter,4月
2021-06-17,SO000032,华南,韵达,184.86,7.38,-33.95,家具产品,Document Clip Frames,6月
2021-06-17,SO000033,华北,韵达,267.85,5.98,-65.43,办公用品,Xerox 193,6月
2021-06-17,SO000034,华北,韵达,528.5,15.42,-149.92,办公用品,Crate-A-Files™,6月
2021-05-24,SO000035,华东,韵达,126.58,5.58,18.27,办公用品,Newell 314,5月
2021-05-24,SO000036,华东,韵达,23.7,19.84,-8.97,办公用品,Newell 340,5月
2021-12-28,SO000037,华东,韵达,586.11,12.64,98.44,家具产品,Document Clip Frames,12月
2021-12-28,SO000038,华东,韵达,599.1,24.92,3.8164999999999956,办公用品,3M Organizer Strips,12月
2021-10-26,SO000039,华东,韵达,2029.75,43.98,320.37,办公用品,Newell 340,10月
2021-10-26,SO000040,华南,韵达,1118.396,125.99,-212.333,数码电子,StarTAC ST7762,10月
2021-09-28,SO000041,华南,韵达,689.74,363.25,-490.84,办公用品,Holmes Odor Grabber,9月
2021-12-28,SO000042,华南,韵达,154.35,6.48,-91.14,办公用品,Xerox 1984,12月
2021-12-28,SO000043,华北,韵达,201.36,20.98,-284.4,办公用品,Crate-A-Files™,12月
2021-12-28,SO000044,东北,韵达,216.77,6.54,-55.108000000000004,办公用品,3M Organizer Strips,12月
2021-06-28,SO000045,东北,韵达,5677.6089999999995,140.99,1680.786,数码电子,7160,6月
2021-05-16,SO000046,东北,韵达,136.77,5.4,-136.252,办公用品,3M Organizer Strips,5月
2021-01-05,SO000047,东北,韵达,188.73,7.64,-32.48,办公用品,Xerox 217,1月
2021-01-12,SO000048,东北,韵达,412.62,9.9,175.54,办公用品,Grip Seal Envelopes,1月
2021-10-01,SO000049,华南,韵达,10123.02,208.16,457.81,办公用品,Holmes Odor Grabber,10月
2021-10-01,SO000050,华南,韵达,244.57,8.69,46.7075,办公用品,3M Organizer Strips,10月
2021-07-15,SO000051,西北,韵达,6375.28,193.17,489.02,办公用品,Crate-A-Files™,7月
2021-03-18,SO000052,华南,韵达,2634.8554999999997,155.99,257.76,数码电子,I888 World Phone,3月
2021-03-18,SO000053,华南,韵达,281.0,6.48,-291.59,办公用品,Xerox 1997,3月
2021-03-25,SO000054,华南,韵达,108.09,5.68,25.76,办公用品,Grip Seal Envelopes,3月
2021-03-25,SO000055,华北,韵达,55.34,22.84,-31.24,办公用品,Xerox 1964,3月
2021-03-19,SO000056,华东,韵达,3872.634,179.99,667.332,数码电子,CF 688,3月
2021-10-16,SO000057,西北,韵达,884.1275,115.99,-178.70600000000002,数码电子,282,10月
2021-06-03,SO000058,华北,韵达,218.27,5.99,-44.137,办公用品,3M Organizer Strips,6月
2021-06-03,SO000059,华北,韵达,100.95,5.81,-21.3,办公用品,"Super Bands, 12/Pack",6月
2021-12-30,SO000060,华北,韵达,46.94,2.21,3.88,办公用品,Newell 340,12月
2021-06-13,SO000061,东北,韵达,1239.6315,85.99,-172.54600000000002,数码电子,Accessory4,6月
2021-09-19,SO000062,东北,韵达,1640.9,48.58,-1348.06,家具产品,Xerox 1907,9月
2021-09-19,SO000063,华南,韵达,1235.87,39.48,269.27,数码电子,TDK 4.7GB DVD-R,9月
2021-12-18,SO000064,华南,韵达,3659.66,124.49,-500.38,家具产品,KI Conference Tables,12月
2021-03-02,SO000065,华南,韵达,7666.04,146.05,-1820.84,家具产品,KI Conference Tables,3月
2021-01-24,SO000066,华南,韵达,14.96,3.69,-0.03000000000000025,办公用品,Avery 501,1月
2021-01-24,SO000067,华南,韵达,15.69,3.85,-1.59,办公用品,Newell 340,1月
2021-12-15,SO000068,西北,韵达,517.93,11.7,-94.73,办公用品,Holmes Odor Grabber,12月
2021-09-26,SO000069,西北,韵达,1156.6715,65.99,88.524,数码电子,5190,9月
2021-02-05,SO000070,华东,韵达,15260.78,500.98,8734.88,数码电子,Xerox 193,2月
2021-02-05,SO000071,华东,韵达,540.41,178.47,-170.98,办公用品,Crate-A-Files™,2月
2021-10-30,SO000072,华东,韵达,43.29,4.98,-20.69,办公用品,Xerox 190,10月
2021-10-30,SO000073,华东,韵达,41.7,5.78,-14.56,办公用品,Xerox 1950,10月
2021-08-20,SO000074,华南,韵达,1162.4005,65.99,-284.625,数码电子,iDENi80s,8月
2021-07-19,SO000075,华南,韵达,356.7,7.38,-48.97,家具产品,Document Clip Frames,7月
2021-03-04,SO000076,华南,韵达,1000.78,34.58,109.33,办公用品,Newell 340,3月
2021-03-04,SO000077,华南,韵达,543.72,15.7,-211.13,办公用品,Crate-A-Files™,3月
2021-12-26,SO000078,华南,韵达,234.2,6.08,56.22,办公用品,"Super Bands, 12/Pack",12月
2021-10-07,SO000079,华南,韵达,4509.3775,115.99,1426.257,数码电子,636,10月
2021-07-10,SO000080,华北,韵达,4965.759499999999,195.99,1198.971,数码电子,R380,7月
2021-08-17,SO000081,华东,韵达,210.4,10.89,-18.96,办公用品,Holmes Odor Grabber,8月
2021-05-19,SO000082,华北,中通,1309.53,218.08,19.17999999999995,家具产品,Phone 918,5月
2021-05-19,SO000083,华北,中通,806.37,15.42,-166.4,办公用品,Crate-A-Files™,5月
2021-04-30,SO000084,华北,中通,5437.92,150.89,-684.57,家具产品,Phone 918,4月
2021-08-28,SO000085,华北,中通,394.27,21.78,30.94,办公用品,Holmes Odor Grabber,8月
2021-08-28,SO000086,西南,中通,146.69,6.64,4.43,家具产品,Document Clip Frames,8月
2021-09-20,SO000087,华南,中通,129.49,3.08,36.02,办公用品,Avery 481,9月
2021-09-20,SO000088,华北,中通,202.95,6.48,-50.64,办公用品,Xerox 1976,9月
2021-09-20,SO000089,华东,中通,2753.1925,125.99,510.48900000000003,数码电子,V3682,9月
2021-07-12,SO000090,华南,中通,70.24,4.98,-59.75,办公用品,Xerox 1922,7月
2021-07-12,SO000091,华北,中通,40.75,6.48,-27.57,办公用品,Xerox 1984,7月
2021-07-12,SO000092,华北,中通,1150.88,38.94,-911.56,办公用品,Crate-A-Files™,7月
2021-08-01,SO000093,华南,中通,283.65,6.68,-29.21,办公用品,Xerox 195,8月
2021-01-26,SO000094,华北,中通,840.04,17.7,-131.27,办公用品,Crate-A-Files™,1月
2021-10-20,SO000095,东北,中通,262.87,5.28,-166.29,办公用品,Xerox 1928,10月
2021-10-20,SO000096,华北,中通,2531.0875,65.99,881.6759999999999,数码电子,6190,10月
2021-06-17,SO000097,东北,中通,93.54,7.3,-54.0385,办公用品,3M Organizer Strips,6月
2021-06-17,SO000098,东北,中通,905.08,42.76,127.7,办公用品,Crate-A-Files™,6月
2021-11-30,SO000099,东北,中通,628.22,14.34,163.81,家具产品,Document Clip Frames,11月
2021-11-30,SO000100,东北,中通,3366.1,138.75,-335.31712500000003,家具产品,KI Conference Tables,11月
2021-01-22,SO000101,华北,中通,4913.69,120.98,-1153.9,家具产品,Xerox 1907,1月
2021-01-22,SO000102,华北,中通,464.77,18.97,29.42,办公用品,Xerox 1939,1月
2021-03-24,SO000103,西北,中通,2781.82,138.14,-695.26,办公用品,Crate-A-Files™,3月
2021-04-30,SO000104,西北,中通,1679.58,320.98,-171.92,家具产品,Phone 918,4月
2021-12-02,SO000105,华东,中通,557.85,12.95,89.44550000000001,办公用品,GBC Binding covers,12月
2021-11-21,SO000106,华东,中通,173.2,9.31,-10.9,办公用品,Letter Slitter,11月
2021-02-26,SO000107,华东,中通,228.41,4.98,-226.36,办公用品,Xerox 198,2月
2021-09-08,SO000108,华南,中通,75.14,1.76,0.82,办公用品,Newell 326,9月
2021-01-01,SO000109,华南,中通,161.77,3.58,-150.374,办公用品,3M Organizer Strips,1月
2021-01-01,SO000110,华南,中通,447.09,41.32,89.03,家具产品,Document Clip Frames,1月
2021-01-01,SO000111,西北,中通,4192.88,145.45,731.32,数码电子,Xerox 193,1月
2021-03-01,SO000112,西南,中通,560.51,80.98,32.6,办公用品,Holmes Odor Grabber,3月
2021-03-01,SO000113,华南,中通,189.95,6.48,-56.68,办公用品,Xerox 23,3月
2021-07-15,SO000114,西北,中通,28.01,4.98,3.46,办公用品,Avery 498,7月
2021-06-01,SO000115,华北,中通,4261.94,115.99,4.150000000000006,数码电子,Xerox 193,6月
2021-06-16,SO000116,华北,中通,88.84,4.98,-38.35,办公用品,Xerox 1949,6月
2021-04-16,SO000117,东北,中通,589.24,17.52,-38.35,办公用品,Holmes Odor Grabber,4月
2021-04-16,SO000118,西南,中通,233.05,9.9,86.93,办公用品,Grip Seal Envelopes,4月
2021-09-25,SO000119,华南,中通,2071.3395,65.99,324.92699999999996,数码电子,Talkabout T8367,9月
2021-12-03,SO000120,华北,中通,126.57,4.48,-752.13,办公用品,Holmes Odor Grabber,12月
2021-03-17,SO000121,西北,中通,43.57,1.26,-19.17,办公用品,Bagged Rubber Bands,3月
2021-03-17,SO000122,华东,中通,31.87,4.26,-1.25,办公用品,Newell 340,3月
2021-02-17,SO000123,华东,中通,59.85,2.74,-47.41,办公用品,Newell 340,2月
2021-01-04,SO000124,华南,中通,378.6,11.7,12.7245,办公用品,3M Organizer Strips,1月
2021-01-04,SO000125,华南,中通,38.5,15.99,-52.1391,数码电子,Xerox 193,1月
2021-07-04,SO000126,华北,中通,197.56,4.97,-119.86,家具产品,Document Clip Frames,7月
2021-11-23,SO000127,西北,中通,196.85,4.28,-166.85,办公用品,Xerox 1980,11月
2021-11-23,SO000128,华南,中通,124.56,3.95,-14.33,办公用品,"Super Bands, 12/Pack",11月
2021-04-18,SO000129,华南,中通,53.46,6.48,-17.58,办公用品,Xerox 1976,4月
2021-02-12,SO000130,华北,中通,19.32,12.53,-20.320500000000003,办公用品,3M Organizer Strips,2月
2021-05-22,SO000131,华北,中通,1813.04,115.99,-164.39520000000002,数码电子,Xerox 193,5月
2021-10-07,SO000132,华北,中通,125.16,6.48,-23.48,办公用品,Xerox 23,10月
2021-06-14,SO000133,东北,中通,65.7,5.84,13.41,办公用品,Newell 340,6月
2021-06-08,SO000134,西南,中通,716.84,21.78,134.72,办公用品,Holmes Odor Grabber,6月
2021-06-08,SO000135,华南,中通,1474.33,47.98,114.46,数码电子,TDK 4.7GB DVD-R,6月
2021-06-19,SO000136,华南,中通,1661.04,70.97,475.54,办公用品,Holmes Odor Grabber,6月
2021-11-14,SO000137,华南,申通,104.94,6.24,-34.97,家具产品,Document Clip Frames,11月
2021-03-08,SO000138,华南,申通,1246.52,24.92,52.479,办公用品,3M Organizer Strips,3月
2021-06-02,SO000139,华南,申通,676.13,15.98,45.39,数码电子,TDK 4.7GB DVD-R,6月
2021-06-02,SO000140,华北,申通,7668.55,296.18,-715.7782060000003,家具产品,KI Conference Tables,6月
2021-09-30,SO000141,西北,申通,1193.65,40.98,507.5775,办公用品,3M Organizer Strips,9月
2021-07-26,SO000142,华东,申通,1925.83,207.48,359.83,办公用品,Holmes Odor Grabber,7月
2021-03-01,SO000143,华东,申通,1222.68,59.98,300.97,办公用品,Holmes Odor Grabber,3月
2021-03-01,SO000144,华东,申通,390.2,14.58,45.0,家具产品,Document Clip Frames,3月
2021-10-01,SO000145,华南,申通,227.66,10.97,-100.16,数码电子,TDK 4.7GB DVD-R,10月
2021-10-01,SO000146,华南,申通,84.33,2.08,-64.29,办公用品,Letter Slitter,10月
2021-12-16,SO000147,华南,申通,922.39,41.32,-41.64,家具产品,Document Clip Frames,12月
2021-12-16,SO000148,华南,申通,79.19,6.88,13.91,办公用品,Xerox 217,12月
2021-08-04,SO000149,华南,申通,80.61,5.28,-4.715,办公用品,3M Organizer Strips,8月
2021-09-20,SO000150,华南,申通,605.97,13.73,-22.72,家具产品,Document Clip Frames,9月
2021-05-05,SO000151,华北,申通,4064.05,122.99,1408.1865,办公用品,3M Organizer Strips,5月
2021-05-05,SO000152,华北,申通,3213.87,68.81,-1069.72,办公用品,Holmes Odor Grabber,5月
2021-05-19,SO000153,华北,申通,315.02,5.98,95.1575,办公用品,3M Organizer Strips,5月
2021-05-19,SO000154,东北,申通,40.02,9.93,-1.28,办公用品,Newell 340,5月
2021-05-14,SO000155,东北,申通,11230.25,280.98,-679.0443660000002,家具产品,KI Conference Tables,5月
2021-06-20,SO000156,华南,申通,90.56,13.99,-37.584,数码电子,Xerox 193,6月
2021-06-20,SO000157,华南,申通,1634.9,37.74,502.42,办公用品,Newell 340,6月
2021-06-20,SO000158,华南,申通,11278.18,227.55,1836.81,家具产品,KI Conference Tables,6月
2021-04-19,SO000159,华南,申通,132.07,3.58,14.0,办公用品,"Super Bands, 12/Pack",4月
2021-05-30,SO000160,华南,申通,1815.49,39.89,782.91,家具产品,Document Clip Frames,5月
2021-11-25,SO000161,华南,申通,248.26,15.74,93.8,办公用品,Grip Seal Envelopes,11月
2021-09-04,SO000162,西北,申通,583.64,95.43,-179.5,办公用品,Crate-A-Files™,9月
2021-06-02,SO000163,华东,申通,1406.15,70.98,-379.1,家具产品,Xerox 1907,6月
2021-01-05,SO000164,华东,申通,165.75,28.48,-28.46,数码电子,TDK 4.7GB DVD-R,1月
2021-01-05,SO000165,华东,申通,2021.1470000000002,205.99,-60.39,数码电子,3285,1月
2021-08-31,SO000166,华东,申通,226.1,6.37,-52.21,办公用品,3M Organizer Strips,8月
2021-02-19,SO000167,华南,申通,341.36,8.46,-52.48,数码电子,TDK 4.7GB DVD-R,2月
2021-04-25,SO000168,华南,申通,469.438,195.99,-888.1619999999999,数码电子,T28 WORLD,4月
2021-02-26,SO000169,华南,申通,127.33,5.34,5.2955000000000005,办公用品,3M Organizer Strips,2月
2021-02-26,SO000170,华南,申通,990.1,40.98,310.216,办公用品,3M Organizer Strips,2月
2021-02-20,SO000171,东北,申通,1187.55,37.7,532.61,办公用品,3M Organizer Strips,2月
2021-05-20,SO000172,华北,申通,269.02,20.97,-112.0,数码电子,TDK 4.7GB DVD-R,5月
2021-08-21,SO000173,华南,申通,142.18,4.98,-50.14,办公用品,Xerox 1949,8月
2021-09-18,SO000174,华北,申通,5340.5,110.98,1215.28,家具产品,Document Clip Frames,9月
2021-02-14,SO000175,华南,申通,4462.23,100.98,440.72,家具产品,Xerox 1907,2月
2021-02-14,SO000176,华南,申通,663.7840000000001,71.37,-481.041,家具产品,KI Conference Tables,2月
2021-02-14,SO000177,华北,申通,115.1,4.91,53.13,办公用品,Avery 493,2月
2021-02-14,SO000178,华东,申通,516.65,70.97,57.1,办公用品,Holmes Odor Grabber,2月
2021-08-23,SO000179,华北,申通,374.78,55.48,20.03,办公用品,Xerox 194,8月
2021-11-19,SO000180,华北,申通,222.91,15.98,20.21,数码电子,TDK 4.7GB DVD-R,11月
2021-04-08,SO000181,东北,申通,129.1,4.42,-59.82,办公用品,Grip Seal Envelopes,4月
2021-11-06,SO000182,西南,申通,3532.96,100.8,-243.60336000000004,家具产品,KI Conference Tables,11月
2021-04-25,SO000183,华南,申通,662.16,28.48,185.21,数码电子,TDK 4.7GB DVD-R,4月
2021-06-19,SO000184,华南,申通,46.46,14.42,-25.13,办公用品,Holmes Odor Grabber,6月
2021-04-18,SO000185,华南,申通,14.68,8.6,-13.777000000000001,办公用品,3M Organizer Strips,4月
2021-04-18,SO000186,华南,申通,10145.14,896.99,3724.5725,办公用品,3M Organizer Strips,4月
2021-04-18,SO000187,华南,申通,68.45,4.24,-57.8795,办公用品,3M Organizer Strips,4月
2021-02-04,SO000188,华南,申通,257.39,5.28,-121.91,办公用品,Xerox 1981,2月
2021-01-25,SO000189,西北,申通,494.34,31.98,-30.19,办公用品,Crate-A-Files™,1月
2021-01-10,SO000190,华南,申通,827.27,20.97,-170.87,数码电子,TDK 4.7GB DVD-R,1月
2021-02-27,SO000191,华东,申通,892.38,31.78,366.48,数码电子,TDK 4.7GB DVD-R,2月
2021-02-27,SO000192,华东,申通,29.41,2.78,-2.06,办公用品,Newell 340,2月
2021-05-31,SO000193,华南,申通,3874.12,130.98,-305.98,家具产品,Xerox 1907,5月
2021-05-31,SO000194,华南,申通,1452.2160000000001,218.75,-277.29,家具产品,KI Conference Tables,5月
2021-05-13,SO000195,华南,申通,234.37,5.18,-144.6815,办公用品,3M Organizer Strips,5月
2021-05-13,SO000196,华南,申通,1000.3565000000001,85.99,229.779,数码电子,Accessory20,5月
2021-07-04,SO000197,华南,申通,3908.65,105.29,480.57,家具产品,Document Clip Frames,7月
2021-09-12,SO000198,华北,申通,840.07,22.84,-83.75,办公用品,Xerox 1973,9月
2021-05-12,SO000199,华东,申通,42.58,9.27,-7.61,办公用品,Xerox 217,5月
2021-05-18,SO000200,华东,申通,523.42,11.7,39.423,办公用品,3M Organizer Strips,5月
2021-05-18,SO000201,华东,申通,192.54,4.98,-186.73,办公用品,Xerox 1922,5月
2021-05-18,SO000202,华东,申通,156.7,5.28,-76.64,办公用品,Xerox 1981,5月
2021-04-15,SO000203,华北,申通,834.904,65.99,-11.681999999999999,数码电子,g520,4月
2021-04-15,SO000204,东北,申通,2480.9205,155.99,313.57800000000003,数码电子,LX 788,4月
2021-10-27,SO000205,东北,申通,2443.85,100.98,-120.85,家具产品,Xerox 1907,10月
2021-06-17,SO000206,西南,申通,4789.89,100.98,421.15,家具产品,Xerox 1907,6月
2021-08-16,SO000207,华南,申通,89.335,20.99,-107.096,数码电子,Accessory37,8月
2021-08-16,SO000208,华北,申通,158.46,3.98,-130.663,办公用品,3M Organizer Strips,8月
2021-08-16,SO000209,西北,申通,7180.83,220.98,487.17,家具产品,Xerox 1907,8月
2021-04-26,SO000210,华东,申通,17129.97,415.88,5616.08,办公用品,Crate-A-Files™,4月
2021-12-20,SO000211,华南,申通,5748.2,160.98,-459.86,家具产品,Xerox 1907,12月
2021-12-20,SO000212,华南,申通,6717.9325,175.99,1717.893,数码电子,5165,12月
2021-03-12,SO000213,华北,申通,59.03,3.69,26.92,办公用品,Avery 52,3月
2021-03-12,SO000214,华南,申通,97.48,4.71,-5.77,办公用品,"Super Bands, 12/Pack",3月
2021-08-15,SO000215,华南,申通,4530.96,105.49,-993.35,家具产品,KI Conference Tables,8月
2021-08-09,SO000216,东北,申通,726.22,17.67,52.47,家具产品,Document Clip Frames,8月
2021-12-05,SO000217,华南,申通,21717.36,699.99,8249.86,数码电子,Canon PC940 Copier,12月
2021-12-05,SO000218,华北,申通,15823.27,1360.14,1759.34,数码电子,Xerox 193,12月
2021-12-05,SO000219,华北,申通,21.44,6.48,-13.67,办公用品,Xerox 1984,12月
2021-12-05,SO000220,华北,申通,416.4,17.15,24.33,办公用品,Crate-A-Files™,12月
2021-12-05,SO000221,华北,申通,772.24,30.98,181.98,办公用品,Xerox 1979,12月
2021-01-09,SO000222,华北,申通,1326.09,420.98,-20.5505,办公用品,3M Organizer Strips,1月
2021-01-09,SO000223,华北,申通,339.49,11.97,-74.21,办公用品,Newell 340,1月
2021-10-14,SO000224,东北,申通,2135.9734999999996,65.99,239.4,数码电子,SC-3160,10月
2021-08-27,SO000225,东北,申通,293.18,10.01,64.22,数码电子,TDK 4.7GB DVD-R,8月
2021-10-13,SO000226,东北,申通,4345.86,152.48,126.62,数码电子,TDK 4.7GB DVD-R,10月
2021-02-14,SO000227,华南,申通,16.6,2.16,-20.2975,办公用品,3M Organizer Strips,2月
2021-06-17,SO000228,华南,申通,1297.304,95.99,149.823,数码电子,T60,6月
2021-03-09,SO000229,华南,申通,511.83,15.99,-172.8795,办公用品,3M Organizer Strips,3月
2021-03-09,SO000230,华南,申通,184.99,4.89,-144.55,数码电子,TDK 4.7GB DVD-R,3月
2021-08-04,SO000231,华南,申通,80.9,2.88,5.76,办公用品,Newell 335,8月
2021-09-14,SO000232,华南,申通,2150.25,48.58,586.93,办公用品,Holmes Odor Grabber,9月
2021-09-14,SO000233,华南,申通,448.0,35.51,27.2,办公用品,Crate-A-Files™,9月
2021-12-27,SO000234,华南,申通,759.94,60.89,-226.45,家具产品,Phone 918,12月
2021-09-12,SO000235,华南,申通,133.65,4.98,56.28,办公用品,Xerox 217,9月
2021-09-12,SO000236,华南,申通,525.674,65.99,-147.015,数码电子,8860,9月
2021-03-02,SO000237,华北,申通,303.59,9.65,-45.99,家具产品,Document Clip Frames,3月
2021-03-02,SO000238,西北,申通,191.6,4.98,-150.74,办公用品,Xerox 1922,3月
2021-07-16,SO000239,华东,申通,622.82,12.64,128.88,家具产品,Document Clip Frames,7月
2021-02-07,SO000240,华东,申通,1225.52,35.48,-1191.13,办公用品,Crate-A-Files™,2月
2021-02-07,SO000241,华南,申通,1024.29,99.99,-95.52,数码电子,TDK 4.7GB DVD-R,2月
2021-02-07,SO000242,华南,申通,1348.57,30.98,19.57,办公用品,Newell 340,2月
2021-08-19,SO000243,华南,申通,163.14,6.78,-62.2,办公用品,Xerox 217,8月
2021-05-07,SO000244,华南,申通,755.6075,35.99,149.166,数码电子,Accessory35,5月
2021-10-17,SO000245,华北,申通,5642.18,315.98,1996.6755000000003,办公用品,3M Organizer Strips,10月
2021-05-18,SO000246,华东,申通,2047.58,40.98,902.62,数码电子,TDK 4.7GB DVD-R,5月
2021-05-18,SO000247,华南,申通,56.61,40.97,-22.16,家具产品,Document Clip Frames,5月
2021-05-06,SO000248,华北,申通,67.24,2.84,4.9,办公用品,Newell 340,5月
2021-12-23,SO000249,华北,申通,12028.23,449.99,-547.61,数码电子,Canon PC940 Copier,12月
2021-08-19,SO000250,东北,申通,857.11,31.78,285.2,数码电子,TDK 4.7GB DVD-R,8月
2021-08-19,SO000251,西南,申通,69.6,5.98,6.46,办公用品,Grip Seal Envelopes,8月
2021-08-19,SO000252,华北,申通,1279.505,35.99,384.20099999999996,数码电子,Accessory35,8月
2021-03-24,SO000253,西北,申通,59.99,8.34,-13.78,办公用品,Xerox 217,3月
2021-03-13,SO000254,西北,申通,46.34,4.71,-7.76,办公用品,"Super Bands, 12/Pack",3月
2021-11-08,SO000255,西北,申通,370.48,13.48,-5.45,办公用品,Crate-A-Files™,11月
2021-07-11,SO000256,华东,申通,233.43,6.28,-71.898,办公用品,3M Organizer Strips,7月
2021-11-20,SO000257,华东,申通,183.41,4.13,-125.4075,办公用品,3M Organizer Strips,11月
2021-03-06,SO000258,华南,申通,1187.12,113.98,-127.3,家具产品,Phone 918,3月
2021-03-06,SO000259,华南,申通,108.31,6.48,-52.77,办公用品,Xerox 204,3月
2021-05-04,SO000260,华南,申通,10656.26,276.2,3116.54,家具产品,Phone 918,5月
2021-05-04,SO000261,华南,申通,17.06,6.28,-5.2,家具产品,Document Clip Frames,5月
2021-12-04,SO000262,西北,申通,38.26,1.76,-2.34,办公用品,Newell 310,12月
2021-04-15,SO000263,华东,申通,28.32,4.98,-14.35,办公用品,Xerox 217,4月
2021-05-07,SO000264,华北,申通,133.04,2.78,6.732,办公用品,3M Organizer Strips,5月
2021-12-01,SO000265,东北,申通,12586.19,370.98,619.71,办公用品,Crate-A-Files™,12月
2021-03-19,SO000266,华南,申通,1449.3,60.98,-712.14,办公用品,Holmes Odor Grabber,3月
2021-03-19,SO000267,华北,申通,4374.6865,125.99,973.161,数码电子,M3682,3月
2021-03-19,SO000268,东北,申通,4283.235000000001,125.99,676.125,数码电子,StarTAC 6500,3月
2021-01-12,SO000269,华北,申通,199.76,5.58,20.0,办公用品,Newell 340,1月
2021-09-22,SO000270,华北,申通,2415.38,95.95,-1131.6,家具产品,Phone 918,9月
2021-10-30,SO000271,华东,申通,1264.46,31.76,-1249.39,家具产品,KI Conference Tables,10月
2021-10-30,SO000272,华东,申通,158.25,4.57,-114.7355,办公用品,3M Organizer Strips,10月
2021-12-14,SO000273,华北,申通,302.36,107.53,290.31,家具产品,Document Clip Frames,12月
2021-03-25,SO000274,华北,申通,193.63,3.98,-152.5245,办公用品,3M Organizer Strips,3月
2021-03-25,SO000275,华北,申通,64.29,6.48,-18.85,办公用品,Xerox 207,3月
2021-05-29,SO000276,华北,申通,41.25,6.48,-23.25,办公用品,Xerox 216,5月
2021-01-17,SO000277,华北,申通,7871.91,328.14,541.47,办公用品,Holmes Odor Grabber,1月
2021-03-04,SO000278,东北,申通,909.82,22.98,292.49,数码电子,TDK 4.7GB DVD-R,3月
2021-03-04,SO000279,东北,申通,1874.37,276.2,67.84,家具产品,Phone 918,3月
2021-03-15,SO000280,东北,申通,7287.55,296.18,-715.7782060000003,家具产品,KI Conference Tables,3月
2021-11-29,SO000281,东北,申通,137.64,10.91,19.5925,办公用品,3M Organizer Strips,11月
2021-09-01,SO000282,华南,申通,15464.01,535.64,4407.44,数码电子,Xerox 193,9月
2021-09-01,SO000283,华南,申通,11.35,5.78,-7.96,办公用品,Xerox 1978,9月
2021-10-05,SO000284,华南,申通,122.14,13.48,-16.99,办公用品,Crate-A-Files™,10月
2021-09-06,SO000285,华北,申通,3491.06,136.98,921.7,家具产品,Document Clip Frames,9月
2021-09-06,SO000286,华北,申通,14383.83,399.98,5050.1,数码电子,Xerox 193,9月
2021-06-20,SO000287,华北,申通,213.75,5.02,-188.77,数码电子,TDK 4.7GB DVD-R,6月
2021-03-14,SO000288,华北,申通,186.44,3.95,-157.18,办公用品,Holmes Odor Grabber,3月
2021-05-05,SO000289,西北,申通,294.89,73.98,-321.84,数码电子,TDK 4.7GB DVD-R,5月
2021-05-05,SO000290,西北,申通,246.57,4.98,-132.51,办公用品,Xerox 1952,5月
2021-11-14,SO000291,西北,申通,3752.61,294.62,637.93,办公用品,Holmes Odor Grabber,11月
2021-11-14,SO000292,华东,申通,548.36,60.97,78.63,办公用品,Holmes Odor Grabber,11月
2021-06-01,SO000293,华东,申通,44.46,2.89,5.27,办公用品,Avery 482,6月
2021-06-01,SO000294,华东,申通,542.11,22.84,-14.76,办公用品,Xerox 1964,6月
2021-04-12,SO000295,华东,申通,107.93,4.13,-68.1375,办公用品,3M Organizer Strips,4月
2021-02-06,SO000296,华东,申通,19342.84,500.98,5603.95,家具产品,Phone 918,2月
2021-02-06,SO000297,华东,申通,771.783,140.99,-449.526,数码电子,7160,2月
2021-06-07,SO000298,华东,申通,343.78,363.25,-246.51,办公用品,Holmes Odor Grabber,6月
2021-06-07,SO000299,华东,申通,826.09,22.98,215.86,家具产品,Document Clip Frames,6月
2021-09-03,SO000300,华东,申通,66.41,8.74,-32.35,办公用品,Grip Seal Envelopes,9月
2021-03-16,SO000301,华南,申通,692.73,40.99,94.97,办公用品,Xerox 1893,3月
2021-10-18,SO000302,华南,申通,1411.58,55.98,699.31,办公用品,Xerox 1908,10月
2021-10-18,SO000303,华南,申通,2115.2419999999997,65.99,371.41200000000003,数码电子,Talkabout T8367,10月
2021-10-18,SO000304,华南,申通,1246.68,128.24,218.48,家具产品,Phone 918,10月
2021-03-28,SO000305,华南,申通,5945.3675,175.99,1585.476,数码电子,5165,3月
2021-09-13,SO000306,华南,申通,6111.1685,175.99,1663.0829999999999,数码电子,5165,9月
2021-09-13,SO000307,华南,申通,113.71,2.61,41.7,办公用品,Avery 479,9月
2021-09-05,SO000308,华北,申通,605.1,40.98,92.81,办公用品,Holmes Odor Grabber,9月
2021-03-12,SO000309,华北,申通,43.56,9.38,21.21,家具产品,Document Clip Frames,3月
2021-06-02,SO000310,西南,申通,3905.75,179.29,55.30185,家具产品,KI Conference Tables,6月
2021-09-12,SO000311,西北,申通,102.56,2.61,36.62,办公用品,Avery 494,9月
2021-09-12,SO000312,华北,申通,15.87,3.49,2.53,办公用品,"Super Bands, 12/Pack",9月
2021-04-30,SO000313,华北,申通,82.06,11.5,-26.990499999999997,办公用品,3M Organizer Strips,4月
2021-04-30,SO000314,华北,申通,23281.05,599.99,9097.645,数码电子,Canon PC940 Copier,4月
2021-07-09,SO000315,华北,申通,9418.73,320.98,2245.24,家具产品,Phone 918,7月
2021-07-09,SO000316,华北,申通,5.68,4.76,-1.82,办公用品,Xerox 217,7月
2021-07-09,SO000317,华北,申通,174.59,4.28,25.88,办公用品,Newell 336,7月
2021-07-09,SO000318,华北,申通,1265.4969999999998,125.99,-161.117,数码电子,270c,7月
2021-06-29,SO000319,东北,申通,1651.09,73.98,-2.380000000000024,数码电子,TDK 4.7GB DVD-R,6月
2021-06-29,SO000320,东北,申通,95.89,5.98,-46.31,办公用品,Xerox 217,6月
2021-06-29,SO000321,东北,申通,80.38,3.57,-71.11,办公用品,Barrel Sharpener,6月
2021-01-14,SO000322,东北,申通,40.31,5.78,-32.27,办公用品,Xerox 1924,1月
2021-03-05,SO000323,东北,申通,186.02,10.64,16.48,家具产品,Document Clip Frames,3月
2021-03-05,SO000324,西南,申通,142.44,28.15,-22.12,办公用品,Newell 340,3月
2021-05-10,SO000325,西南,申通,967.78,24.95,369.325,办公用品,3M Organizer Strips,5月
2021-01-08,SO000326,华南,申通,88.61,3.8,21.471,办公用品,3M Organizer Strips,1月
2021-08-01,SO000327,华南,申通,21134.71,3502.14,-4266.0885,数码电子,Xerox 193,8月
2021-04-12,SO000328,华南,申通,7680.29,212.6,-513.79042,家具产品,KI Conference Tables,4月
2021-10-21,SO000329,华北,申通,278.0,6.08,41.67,办公用品,Newell 340,10月
2021-01-01,SO000330,华北,申通,66.54,5.98,-46.03,数码电子,TDK 4.7GB DVD-R,1月
2021-01-01,SO000331,华北,申通,845.32,40.99,33.67,办公用品,Xerox 217,1月
2021-02-22,SO000332,西北,申通,4577.18,90.98,205.83,家具产品,Phone 918,2月
2021-02-22,SO000333,华东,申通,845.9,20.98,52.53,办公用品,Crate-A-Files™,2月
2021-01-25,SO000334,华东,申通,3116.47,100.98,-1578.26,家具产品,Xerox 1907,1月
2021-01-25,SO000335,华东,申通,12.41,6.68,-9.08,办公用品,Xerox 1923,1月
2021-01-25,SO000336,华东,申通,1382.8,120.33,141.31,办公用品,Crate-A-Files™,1月
2021-07-25,SO000337,华东,申通,113.5,7.45,-46.345,办公用品,3M Organizer Strips,7月
2021-06-28,SO000338,华东,申通,182.33,5.98,40.851,办公用品,3M Organizer Strips,6月
2021-09-03,SO000339,华东,圆通,27.01,3.8,-1.2994999999999999,办公用品,3M Organizer Strips,9月
2021-05-01,SO000340,华东,圆通,1324.09,40.89,94.96,家具产品,Document Clip Frames,5月
2021-12-14,SO000341,华东,圆通,1634.98,140.85,-120.45,办公用品,Crate-A-Files™,12月
2021-05-29,SO000342,华南,圆通,157.49,5.78,-58.25,办公用品,Xerox 1899,5月
2021-08-19,SO000343,华南,圆通,508.73,14.81,-229.67,办公用品,Holmes Odor Grabber,8月
2021-01-16,SO000344,华南,圆通,679.6,110.98,-85.76,家具产品,Document Clip Frames,1月
2021-01-16,SO000345,华南,圆通,257.42,8.01,59.18,办公用品,Xerox 217,1月
2021-03-11,SO000346,华南,圆通,317.59,8.6,-46.115,办公用品,3M Organizer Strips,3月
2021-10-28,SO000347,华南,圆通,78.17,2.84,-72.703,办公用品,3M Organizer Strips,10月
2021-08-21,SO000348,华南,圆通,24105.87,2036.48,4073.25,数码电子,Xerox 193,8月
2021-09-10,SO000349,华南,圆通,330.21,22.84,83.24,办公用品,Xerox 1929,9月
2021-07-14,SO000350,华南,圆通,278.68,14.48,8.8995,办公用品,3M Organizer Strips,7月
2021-07-14,SO000351,华南,圆通,717.468,35.99,316.476,数码电子,Accessory31,7月
2021-06-23,SO000352,华南,圆通,1082.45,39.48,271.87,数码电子,TDK 4.7GB DVD-R,6月
2021-03-05,SO000353,华北,圆通,2553.84,107.53,553.7,家具产品,Document Clip Frames,3月
2021-07-15,SO000354,华北,圆通,4147.47,145.45,586.61,数码电子,Xerox 193,7月
2021-08-26,SO000355,华北,圆通,3629.1175,205.99,636.03,数码电子,i470,8月
2021-08-14,SO000356,华北,圆通,22.56,3.36,-25.5645,办公用品,3M Organizer Strips,8月
2021-06-19,SO000357,华北,圆通,91.15,4.13,-71.5415,办公用品,3M Organizer Strips,6月
2021-06-19,SO000358,东北,圆通,171.48,4.13,66.13,办公用品,Avery 506,6月
2021-06-19,SO000359,东北,圆通,162.1545,20.99,-73.744,数码电子,CF 688,6月
2021-03-20,SO000360,东北,圆通,23.46,2.61,4.58,办公用品,Avery 479,3月
2021-10-10,SO000361,东北,圆通,282.07,7.31,140.01,办公用品,Avery 498,10月
2021-10-10,SO000362,西南,圆通,426.03700000000003,20.99,-78.958,数码电子,Accessory37,10月
2021-05-24,SO000363,华南,圆通,82.72,14.48,-29.71,数码电子,TDK 4.7GB DVD+RW,5月
2021-09-04,SO000364,华南,圆通,731.22,20.97,-84.07,数码电子,TDK 4.7GB DVD-R,9月
2021-09-04,SO000365,华南,圆通,114.14,4.98,-65.62,办公用品,Xerox 1952,9月
2021-07-31,SO000366,华南,圆通,64.82,2.12,-32.03,数码电子,TDK 4.7GB DVD-R,7月
2021-07-31,SO000367,华南,圆通,77.6,11.34,-37.07,办公用品,Xerox 217,7月
2021-07-31,SO000368,华南,圆通,821.18,48.91,308.63,办公用品,Xerox 1891,7月
2021-11-18,SO000369,华南,圆通,31.77,2.61,8.34,办公用品,Avery 494,11月
2021-11-18,SO000370,华北,圆通,208.05,5.98,46.01,办公用品,Newell 315,11月
2021-09-03,SO000371,西北,圆通,2004.12,420.98,276.675,办公用品,3M Organizer Strips,9月
2021-09-03,SO000372,华东,圆通,3841.72,243.98,691.13,家具产品,Phone 918,9月
2021-12-13,SO000373,华东,圆通,11764.25,880.98,2322.44,家具产品,Xerox 1907,12月
2021-12-13,SO000374,华东,圆通,25.17,5.47,5.88,家具产品,Document Clip Frames,12月
2021-12-13,SO000375,华东,圆通,208.47,6.48,-125.6,办公用品,Xerox 1984,12月
2021-09-07,SO000376,华东,圆通,48.37,2.88,18.02,办公用品,Avery 504,9月
2021-10-21,SO000377,华南,圆通,34.59,2.18,-60.13,办公用品,Letter Slitter,10月
2021-10-21,SO000378,华南,圆通,5029.216,218.75,-752.832,家具产品,KI Conference Tables,10月
2021-10-23,SO000379,华南,圆通,146.51,4.73,37.14,办公用品,Xerox 217,10月
2021-09-23,SO000380,华南,圆通,1078.49,40.96,252.66,数码电子,Fuji 5.2GB DVD-RAM,9月
2021-05-03,SO000381,华南,圆通,523.11,159.31,-214.53300000000002,家具产品,KI Conference Tables,5月
2021-05-03,SO000382,华南,圆通,913.41,35.99,237.14100000000002,数码电子,Accessory13,5月
2021-10-16,SO000383,华南,圆通,8316.76,279.81,2108.8,办公用品,Holmes Odor Grabber,10月
2021-10-16,SO000384,华南,圆通,2143.2155,65.99,464.355,数码电子,i270,10月
2021-09-22,SO000385,华北,圆通,229.51,6.48,-189.33,办公用品,Xerox 1905,9月
2021-09-22,SO000386,华北,圆通,473.0,15.42,-185.8,办公用品,Crate-A-Files™,9月
2021-12-17,SO000387,华北,圆通,881.65,18.97,41.27,办公用品,Xerox 217,12月
2021-01-23,SO000388,东北,圆通,2080.035,85.99,844.9019999999999,数码电子,Accessory8,1月
2021-01-23,SO000389,东北,圆通,145.42,20.97,-98.46,数码电子,TDK 4.7GB DVD-R,1月
2021-01-23,SO000390,东北,圆通,1559.4355,155.99,61.236000000000004,数码电子,T39m,1月
2021-04-29,SO000391,东北,圆通,3363.14,260.98,98.75,家具产品,Xerox 1907,4月
2021-06-07,SO000392,华南,圆通,2051.016,65.99,483.966,数码电子,StarTAC 7760,6月
2021-04-08,SO000393,华南,圆通,1895.55,40.97,807.62,数码电子,TDK 4.7GB DVD-R,4月
2021-05-20,SO000394,华南,圆通,2178.431,65.99,396.972,数码电子,5180,5月
2021-11-18,SO000395,华南,圆通,695.47,22.98,226.73,数码电子,TDK 4.7GB DVD-R,11月
2021-11-18,SO000396,华南,圆通,152.59,3.78,55.48,办公用品,Staples Bulldog Clip,11月
2021-11-18,SO000397,华南,圆通,365.62,34.76,15.77,办公用品,Crate-A-Files™,11月
2021-11-18,SO000398,华东,圆通,575.569,65.99,-86.515,数码电子,2190,11月
2021-04-02,SO000399,华北,圆通,1427.67,90.24,422.8,办公用品,Holmes Odor Grabber,4月
2021-04-02,SO000400,华北,圆通,499.26,47.9,144.05,办公用品,Xerox 1938,4月
2021-02-06,SO000401,华北,圆通,736.3,24.95,259.0715,办公用品,3M Organizer Strips,2月
2021-02-06,SO000402,华北,圆通,346.06,6.48,-76.54,办公用品,Xerox 1904,2月
2021-04-17,SO000403,华东,圆通,1344.88,55.94,-13.77,数码电子,TDK 4.7GB DVD-R,4月
2021-04-17,SO000404,华东,圆通,248.54,6.3,111.75,办公用品,Avery 48,4月
2021-07-19,SO000405,华东,圆通,3554.46,95.95,-1766.01,家具产品,Phone 918,7月
2021-07-19,SO000406,华东,圆通,569.32,12.98,84.38,办公用品,Letter Slitter,7月
2021-11-24,SO000407,华东,圆通,827.47,30.98,45.37,数码电子,TDK 4.7GB DVD-R,11月
2021-08-18,SO000408,华南,圆通,45.91,5.44,-35.535,办公用品,3M Organizer Strips,8月
2021-08-18,SO000409,华南,圆通,22319.58,549.99,-734.31,数码电子,Canon PC940 Copier,8月
2021-08-18,SO000410,华南,圆通,330.24,22.01,8.48,办公用品,Newell 340,8月
2021-08-18,SO000411,东北,圆通,520.65,34.76,30.63,办公用品,Crate-A-Files™,8月
2021-10-09,SO000412,华北,圆通,191.67,3.89,-236.2675,办公用品,Avery Binder Labels,10月
2021-10-09,SO000413,华南,圆通,5586.33,120.98,80.44,家具产品,Phone 918,10月
2021-10-09,SO000414,华南,圆通,507.64,30.98,118.94,办公用品,Xerox 217,10月
2021-09-19,SO000415,东北,圆通,787.56,21.98,220.04,办公用品,Newell 340,9月
2021-04-18,SO000416,西南,圆通,3830.14,300.97,202.25,数码电子,TDK 4.7GB DVD-R,4月
2021-04-18,SO000417,华南,圆通,1559.86,39.89,672.37,家具产品,Document Clip Frames,4月
2021-12-11,SO000418,华南,圆通,565.91,15.68,192.39,家具产品,Document Clip Frames,12月
2021-12-11,SO000419,华北,圆通,593.21,14.98,44.71,家具产品,Document Clip Frames,12月
2021-12-11,SO000420,华东,圆通,89.23,38.76,-42.72,办公用品,Xerox 1892,12月
2021-09-08,SO000421,华东,圆通,357.43,20.97,-135.98,数码电子,TDK 4.7GB DVD-R,9月
2021-09-08,SO000422,华南,圆通,4754.08,225.02,299.88,办公用品,Crate-A-Files™,9月
2021-03-09,SO000423,华南,圆通,1476.39,43.31,-303.62,家具产品,Document Clip Frames,3月
2021-03-09,SO000424,华南,圆通,863.583,125.99,-264.275,数码电子,SC7868i,3月
2021-01-15,SO000425,华南,圆通,74.87,6.48,-43.97,办公用品,Xerox 217,1月
2021-01-15,SO000426,华北,圆通,3931.3179999999998,115.99,1025.451,数码电子,282,1月
2021-05-04,SO000427,东北,圆通,4253.65,178.47,943.0,办公用品,Crate-A-Files™,5月
2021-08-21,SO000428,东北,圆通,3872.87,160.98,565.34,家具产品,Phone 918,8月
2021-08-21,SO000429,东北,圆通,356.72,40.98,12.61,数码电子,TDK 4.7GB DVD-R,8月
2021-01-22,SO000430,东北,圆通,2154.34,64.98,177.66,办公用品,Crate-A-Files™,1月
2021-09-18,SO000431,东北,圆通,197.41,6.48,-128.68,办公用品,Xerox 212,9月
2021-09-18,SO000432,西南,圆通,712.18,15.42,13.98,办公用品,Crate-A-Files™,9月
2021-03-11,SO000433,西南,圆通,16587.13,2550.14,-3476.8593,数码电子,Xerox 193,3月
2021-03-11,SO000434,西南,圆通,507.98,55.98,170.9,办公用品,Xerox 1908,3月
2021-03-02,SO000435,华南,圆通,62.88,18.97,-24.74,办公用品,Xerox 1939,3月
2021-03-30,SO000436,华南,圆通,231.26,5.98,32.83,办公用品,Newell 315,3月
2021-03-30,SO000437,华南,圆通,987.17,39.98,51.59000000000005,数码电子,TDK 4.7GB DVD-R,3月
2021-04-25,SO000438,华南,圆通,57.04,6.48,-29.06,办公用品,Xerox 1930,4月
2021-12-09,SO000439,华南,圆通,14223.82,500.98,3424.22,家具产品,Phone 918,12月
2021-05-02,SO000440,华南,圆通,6264.1855,205.99,1312.038,数码电子,iDEN i550,5月
2021-05-02,SO000441,华北,圆通,5410.95,162.93,2077.91,办公用品,Multimedia Mailers,5月
2021-05-02,SO000442,华北,圆通,4671.1495,200.99,947.3129999999999,数码电子,2160i,5月
2021-11-07,SO000443,华北,圆通,6831.72,162.93,3081.02,办公用品,Multimedia Mailers,11月
2021-05-04,SO000444,华北,圆通,120.03,2.78,10.4975,办公用品,3M Organizer Strips,5月
2021-10-29,SO000445,西北,圆通,4002.14,304.99,1314.389,办公用品,3M Organizer Strips,10月
2021-04-11,SO000446,西北,圆通,98.39,6.48,-31.54,办公用品,Xerox 21,4月
2021-11-20,SO000447,西北,圆通,103.87,4.26,15.42,办公用品,Newell 340,11月
2021-11-29,SO000448,西北,圆通,10094.43,420.98,4451.008,办公用品,3M Organizer Strips,11月
2021-01-07,SO000449,西北,圆通,10.58,1.98,-11.5805,办公用品,3M Organizer Strips,1月
2021-01-07,SO000450,西北,圆通,2119.67,699.99,-2314.74,数码电子,Canon PC940 Copier,1月
2021-01-07,SO000451,华东,圆通,45923.76,6783.02,102.60999999999694,数码电子,Xerox 193,1月
2021-02-11,SO000452,华东,圆通,33.86,2.88,0.35000000000000053,办公用品,Newell 340,2月
2021-02-11,SO000453,华东,圆通,316.61,291.73,-187.29,家具产品,Phone 918,2月
2021-09-15,SO000454,华东,圆通,336.06,6.48,-240.78,办公用品,Xerox 224,9月
2021-09-15,SO000455,华东,圆通,380.38,15.94,7.29,办公用品,Newell 340,9月
2021-08-04,SO000456,华东,圆通,65.39,1.82,-0.46,办公用品,Newell 340,8月
2021-07-23,SO000457,华东,圆通,1005.74,22.23,199.3,家具产品,Document Clip Frames,7月
2021-07-23,SO000458,华东,圆通,6477.7395,205.99,1653.966,数码电子,Talkabout T8097,7月
2021-12-16,SO000459,华东,圆通,1601.32,119.99,377.81,数码电子,Xerox 193,12月
2021-08-09,SO000460,华南,圆通,238.74,30.98,-38.89,办公用品,Newell 340,8月
2021-02-08,SO000461,华南,圆通,718.03,179.99,-427.47,数码电子,TDK 4.7GB DVD-R,2月
2021-11-09,SO000462,华南,圆通,534.96,18.89,-26.72,数码电子,TDK 4.7GB DVD-R,11月
2021-01-29,SO000463,华南,圆通,80.6,5.28,-4.2,家具产品,Document Clip Frames,1月
2021-12-20,SO000464,华南,圆通,35.58,4.42,-19.95,办公用品,Grip Seal Envelopes,12月
2021-06-02,SO000465,华北,圆通,584.511,20.99,-95.975,数码电子,Accessory39,6月
2021-07-14,SO000466,华北,圆通,3553.62,165.2,521.69,办公用品,Crate-A-Files™,7月
2021-12-23,SO000467,华东,圆通,554.21,53.98,-105.37,数码电子,TDK 4.7GB DVD-R,12月
2021-04-10,SO000468,华东,圆通,136.61,15.68,80.43,家具产品,Document Clip Frames,4月
2021-04-10,SO000469,华北,圆通,2907.63,71.37,54.59805000000001,家具产品,KI Conference Tables,4月
2021-10-08,SO000470,华东,圆通,42.66,7.84,-11.833499999999999,办公用品,3M Organizer Strips,10月
2021-11-14,SO000471,华东,圆通,142.97,4.71,-12.26,办公用品,"Super Bands, 12/Pack",11月
2021-03-16,SO000472,华北,圆通,17.12,3.8,-2.5530000000000004,办公用品,3M Organizer Strips,3月
2021-12-31,SO000473,华北,圆通,11532.99,264.98,2753.39,数码电子,Xerox 193,12月
2021-12-31,SO000474,东北,圆通,146.1,8.34,51.14,办公用品,Xerox 217,12月
2021-11-02,SO000475,东北,圆通,158.7,3.75,-196.8,办公用品,Avery 498,11月
2021-07-14,SO000476,东北,圆通,92.02,15.98,-47.36,数码电子,TDK 4.7GB DVD-R,7月
2021-11-18,SO000477,东北,圆通,1736.41,146.05,-762.44,家具产品,KI Conference Tables,11月
2021-05-20,SO000478,东北,圆通,153.28,4.91,73.16,办公用品,Avery 508,5月
2021-11-04,SO000479,西南,圆通,22.19,3.26,-3.51,办公用品,Newell 340,11月
2021-09-15,SO000480,华南,圆通,927.97,22.98,162.17,办公用品,Holmes Odor Grabber,9月
2021-09-15,SO000481,华南,圆通,59.05,6.48,-24.09,办公用品,Xerox 207,9月
2021-08-22,SO000482,华南,圆通,213.71,4.28,-208.02,办公用品,Xerox 1927,8月
2021-08-22,SO000483,华南,圆通,133.66,5.85,-5.6,办公用品,Newell 340,8月
2021-07-28,SO000484,华南,圆通,1699.52,40.98,734.75,数码电子,TDK 4.7GB DVD-R,7月
2021-07-28,SO000485,华南,圆通,760.85,15.14,-109.1,办公用品,Crate-A-Files™,7月
2021-09-22,SO000486,华南,圆通,8185.89,415.88,2137.28,办公用品,Crate-A-Files™,9月
2021-07-03,SO000487,华南,圆通,127.74,15.98,-5.57,数码电子,TDK 4.7GB DVD-R,7月
2021-07-03,SO000488,华南,圆通,325.92,9.48,-36.47,家具产品,Document Clip Frames,7月
2021-10-29,SO000489,华南,圆通,181.17,5.38,-59.8805,办公用品,3M Organizer Strips,10月
2021-10-29,SO000490,华南,圆通,13.16,7.35,-10.29,办公用品,Xerox 217,10月
2021-10-29,SO000491,华北,圆通,107.88,15.57,25.59,办公用品,Grip Seal Envelopes,10月
2021-10-29,SO000492,华北,圆通,623.02,20.89,-255.66,办公用品,Crate-A-Files™,10月
2021-06-22,SO000493,西北,圆通,815.89,19.98,-20.25,数码电子,TDK 4.7GB DVD-R,6月
2021-06-22,SO000494,华东,圆通,30.61,2.88,-3.381,办公用品,3M Organizer Strips,6月
2021-05-31,SO000495,华东,圆通,5418.68,280.98,332.3007,家具产品,KI Conference Tables,5月
2021-12-21,SO000496,华南,圆通,627.91,15.28,222.08,数码电子,TDK 4.7GB DVD-R,12月
2021-12-21,SO000497,华南,圆通,46.89,1.76,-3.83,办公用品,Newell 326,12月
2021-07-27,SO000498,华南,圆通,2152.4039999999995,110.99,218.87099999999998,数码电子,LX 677,7月
2021-10-02,SO000499,华北,圆通,153.23,5.98,-95.15,办公用品,Crate-A-Files™,10月
2021-01-30,SO000500,东北,圆通,2053.379,55.99,1040.4,数码电子,Accessory32,1月
2021-01-30,SO000501,西北,圆通,3206.3955,115.99,784.773,数码电子,StarTAC 7797,1月
2021-08-17,SO000502,西北,圆通,264.75,6.48,-212.51,办公用品,Xerox 212,8月
2021-01-07,SO000503,华南,圆通,4669.19,122.99,-1864.08,家具产品,Phone 918,1月
2021-01-07,SO000504,华南,圆通,133.4,21.98,-0.3100000000000023,办公用品,Newell 340,1月
2021-11-23,SO000505,西北,圆通,2393.63,67.28,524.875,办公用品,3M Organizer Strips,11月
2021-11-23,SO000506,华北,圆通,6177.53,130.98,-1195.12,家具产品,Xerox 1907,11月
2021-11-23,SO000507,东北,圆通,94.6,2.78,-6.34,办公用品,Newell 318,11月
2021-08-23,SO000508,华南,圆通,7518.12,152.48,1027.63,数码电子,TDK 4.7GB DVD-R,8月
2021-10-25,SO000509,华北,圆通,204.11,4.28,28.71,办公用品,Newell 336,10月
2021-09-25,SO000510,华北,圆通,1935.17,60.98,-991.07,办公用品,Holmes Odor Grabber,9月
2021-09-25,SO000511,华北,圆通,812.68,29.89,235.88,数码电子,TDK 4.7GB DVD-R,9月
2021-05-02,SO000512,东北,圆通,427.32,18.97,52.35,办公用品,Xerox 217,5月
2021-12-21,SO000513,东北,圆通,115.43,2.78,11.41,办公用品,Newell 340,12月
2021-03-15,SO000514,东北,圆通,246.06,12.07,20.67,家具产品,Document Clip Frames,3月
2021-05-17,SO000515,东北,圆通,20.5,2.94,-4.04,办公用品,Newell 343,5月
2021-06-16,SO000516,东北,圆通,288.91,12.28,-14.06,办公用品,Xerox 1881,6月
2021-09-22,SO000517,华南,圆通,269.37,5.74,-103.546,办公用品,Binder Posts,9月
2021-09-22,SO000518,华南,圆通,4933.99,128.24,1161.89,家具产品,Phone 918,9月
2021-10-23,SO000519,华南,圆通,136.67,3.81,-117.921,办公用品,3M Organizer Strips,10月
2021-11-22,SO000520,华南,圆通,259.72,10.06,78.05,办公用品,Xerox 217,11月
2021-11-22,SO000521,华南,圆通,54.69,1.68,-35.75,办公用品,Newell 323,11月
2021-12-04,SO000522,华南,圆通,383.57,12.58,70.51,家具产品,Document Clip Frames,12月
2021-12-04,SO000523,华南,圆通,461.1,14.34,116.96,家具产品,Document Clip Frames,12月
2021-03-18,SO000524,华南,圆通,374.38,8.67,-1.16,办公用品,Holmes Odor Grabber,3月
2021-03-18,SO000525,华东,圆通,1557.42,73.98,-123.81,数码电子,TDK 4.7GB DVD-R,3月
2021-03-18,SO000526,华北,圆通,410.27,30.93,226.72,家具产品,Document Clip Frames,3月
2021-03-18,SO000527,华北,圆通,1531.93,90.97,326.56,数码电子,Xerox 193,3月
2021-05-25,SO000528,华北,圆通,72.93,3.15,28.55,办公用品,Avery 498,5月
2021-12-07,SO000529,华北,圆通,321.57,100.98,-100.05,办公用品,Holmes Odor Grabber,12月
2021-12-07,SO000530,华北,圆通,1085.16,89.99,-311.54,家具产品,Phone 918,12月
2021-05-05,SO000531,华东,圆通,83.87,5.58,-28.83,办公用品,Grip Seal Envelopes,5月
2021-11-26,SO000532,华东,圆通,76.6,4.24,-48.507,办公用品,3M Organizer Strips,11月
2021-06-16,SO000533,华东,圆通,134.81,3.15,52.36,办公用品,Avery 498,6月
2021-06-16,SO000534,华东,圆通,5488.5265,195.99,1382.445,数码电子,KH 688,6月
2021-07-05,SO000535,华东,圆通,79.42,8.88,-15.456,办公用品,3M Organizer Strips,7月
2021-07-05,SO000536,华东,圆通,75.6,2.88,17.14,办公用品,Avery 514,7月
2021-05-27,SO000537,华东,圆通,139.95,3.58,-128.593,办公用品,3M Organizer Strips,5月
2021-05-27,SO000538,华南,圆通,5207.5,216.6,166.44,家具产品,Phone 918,5月
2021-03-26,SO000539,华南,圆通,271.11,6.68,64.79,办公用品,Newell 340,3月
2021-06-02,SO000540,华南,圆通,95.73,2.08,-151.15,家具产品,Document Clip Frames,6月
2021-06-02,SO000541,华南,圆通,7338.79,204.1,4031.62,数码电子,Xerox 193,6月
2021-06-02,SO000542,华南,圆通,12569.31,279.81,3160.63,办公用品,Holmes Odor Grabber,6月
2021-10-05,SO000543,华南,圆通,62.54,15.99,-30.7395,办公用品,3M Organizer Strips,10月
2021-10-05,SO000544,华南,圆通,2750.107,125.99,600.417,数码电子,Timeport L7089,10月
2021-12-09,SO000545,华南,圆通,177.95,6.48,-61.75,办公用品,Xerox 2,12月
2021-12-09,SO000546,华南,圆通,99.53,3.8,18.2835,办公用品,3M Organizer Strips,12月
2021-01-16,SO000547,华南,圆通,106.78,3.28,-98.05,办公用品,Newell 35,1月
2021-02-02,SO000548,东北,圆通,79.37,3.29,6.14,办公用品,"Super Bands, 12/Pack",2月
2021-09-28,SO000549,西南,圆通,1143.35,29.18,411.1,家具产品,Document Clip Frames,9月
2021-09-10,SO000550,华南,圆通,1463.0964999999999,115.99,162.666,数码电子,6160,9月
2021-09-10,SO000551,华东,圆通,246.3,5.98,-67.49,办公用品,Xerox 1903,9月
2021-02-23,SO000552,华东,圆通,353.62,12.97,140.148,办公用品,3M Organizer Strips,2月
2021-04-29,SO000553,华东,圆通,76.16,5.98,-24.03,办公用品,Xerox 1992,4月
2021-04-07,SO000554,华北,圆通,244.85,17.67,38.06,家具产品,Document Clip Frames,4月
2021-05-25,SO000555,西北,圆通,268.09,8.32,-63.76,数码电子,TDK 4.7GB DVD-R,5月
2021-05-25,SO000556,华东,圆通,557.03,45.19,8.95,数码电子,TDK 4.7GB DVD-R,5月
2021-05-25,SO000557,华南,圆通,26.53,6.68,-15.0,办公用品,Xerox 1898,5月
2021-05-25,SO000558,华北,圆通,5133.9235,175.99,1313.9460000000001,数码电子,5165,5月
2021-12-05,SO000559,华北,圆通,92.14,8.12,-40.25,数码电子,TDK 4.7GB DVD-R,12月
2021-12-05,SO000560,东北,圆通,257.43,6.48,-200.63,办公用品,Xerox 227,12月
2021-04-23,SO000561,东北,圆通,6.13,2.89,-2.83,办公用品,Avery 498,4月
2021-09-16,SO000562,华南,圆通,221.86,4.48,-1845.66,办公用品,Holmes Odor Grabber,9月
2021-09-16,SO000563,华北,圆通,78.26,2.61,35.09,办公用品,Avery 479,9月
2021-02-21,SO000564,西北,圆通,1225.41,28.28,-138.02,办公用品,Crate-A-Files™,2月
2021-10-04,SO000565,西北,圆通,1184.45,60.98,-552.1,办公用品,Holmes Odor Grabber,10月
2021-10-04,SO000566,西北,圆通,25409.63,1270.99,11535.282,办公用品,3M Organizer Strips,10月
2021-10-04,SO000567,华东,圆通,7308.282999999999,205.99,1680.228,数码电子,StarTAC 8000,10月
2021-04-25,SO000568,华东,圆通,3064.27,363.25,294.39,办公用品,Holmes Odor Grabber,4月
2021-04-25,SO000569,华东,圆通,475.72,19.98,-10.4,家具产品,Document Clip Frames,4月
2021-04-25,SO000570,华东,圆通,123.91,8.34,39.04,家具产品,Document Clip Frames,4月
2021-05-20,SO000571,华东,圆通,700.46,48.04,254.31,办公用品,Xerox 1885,5月
2021-12-20,SO000572,华东,圆通,2537.88,60.89,-377.25,家具产品,Phone 918,12月
2021-08-18,SO000573,华南,圆通,218.12,4.48,-1642.65,办公用品,Holmes Odor Grabber,8月
2021-08-18,SO000574,华南,圆通,729.83,22.38,-135.102,办公用品,3M Organizer Strips,8月
2021-08-18,SO000575,华南,圆通,1083.19,29.99,214.61,数码电子,TDK 4.7GB DVD-R,8月
2021-03-08,SO000576,华南,圆通,820.284,115.99,-180.202,数码电子,6160,3月
2021-03-16,SO000577,华东,圆通,370.72,15.7,-156.76,办公用品,Crate-A-Files™,3月
2021-06-27,SO000578,华东,圆通,225.14,20.15,-42.61,办公用品,Newell 340,6月
2021-06-27,SO000579,东北,圆通,1559.7755,85.99,-247.181,数码电子,Accessory4,6月
2021-03-26,SO000580,华南,圆通,1032.97,28.48,397.15,数码电子,TDK 4.7GB DVD-R,3月
2021-03-26,SO000581,华南,圆通,324.83,20.98,-426.54,办公用品,Crate-A-Files™,3月
2021-03-23,SO000582,华东,圆通,316.35,15.68,117.91,家具产品,Document Clip Frames,3月
2021-05-06,SO000583,华南,圆通,63.52,4.84,8.66,办公用品,Newell 340,5月
2021-05-06,SO000584,华南,圆通,1512.25,34.58,195.48,办公用品,Newell 340,5月
2021-01-03,SO000585,华北,圆通,1441.61,37.94,624.84,办公用品,Xerox 217,1月
2021-06-17,SO000586,华北,圆通,1038.4,56.96,112.36,办公用品,Holmes Odor Grabber,6月
2021-06-17,SO000587,华南,圆通,305.82,279.48,-232.24,办公用品,Crate-A-Files™,6月
2021-06-01,SO000588,西北,圆通,763.12,34.76,140.33,办公用品,Crate-A-Files™,6月
2021-06-01,SO000589,西北,圆通,19269.05,500.98,4127.79,家具产品,Xerox 1907,6月
2021-11-13,SO000590,西北,圆通,3367.24,79.52,-1183.69,家具产品,Document Clip Frames,11月
2021-11-13,SO000591,西北,圆通,5723.24,145.98,-194.967,家具产品,KI Conference Tables,11月
2021-03-23,SO000592,西北,圆通,188.07,6.48,-101.85,办公用品,Xerox 213,3月
2021-10-06,SO000593,华东,圆通,118.38,7.1,-42.458,办公用品,3M Organizer Strips,10月
2021-05-12,SO000594,华南,圆通,54.43,6.48,-31.63,办公用品,Xerox 215,5月
2021-05-12,SO000595,华北,圆通,124.94,2.78,-2.4,办公用品,Newell 340,5月
2021-05-12,SO000596,华北,圆通,78.46,2.62,18.57,办公用品,"Super Bands, 12/Pack",5月
2021-06-11,SO000597,华北,圆通,646.07,28.48,237.75,数码电子,TDK 4.7GB DVD-R,6月
2021-07-02,SO000598,华北,圆通,128.28,6.3,53.58,办公用品,Avery 51,7月
2021-08-20,SO000599,华北,圆通,1691.51,42.76,285.16,办公用品,Crate-A-Files™,8月
2021-08-20,SO000600,东北,圆通,122.93,9.78,-6.83,办公用品,Grip Seal Envelopes,8月
2021-08-20,SO000601,东北,圆通,47.86,9.48,-17.32,家具产品,Document Clip Frames,8月
2021-08-20,SO000602,东北,圆通,3607.8504999999996,110.99,784.4939999999999,数码电子,LX 677,8月
2021-07-02,SO000603,东北,圆通,42.5,11.66,-28.43,办公用品,Newell 340,7月
2021-10-06,SO000604,东北,圆通,391.42,9.99,25.03,办公用品,Xerox 1948,10月
2021-05-28,SO000605,东北,圆通,14.76,2.88,1.32,办公用品,Avery 49,5月
2021-01-11,SO000606,西南,圆通,6403.39,130.98,-824.15,家具产品,Xerox 1907,1月
2021-01-11,SO000607,西南,圆通,757.91,30.97,-16.05,数码电子,TDK 4.7GB DVD-R,1月
2021-02-09,SO000608,华南,圆通,381.6,193.17,-319.02,办公用品,Crate-A-Files™,2月
2021-02-27,SO000609,华南,圆通,138.85,7.1,-49.3465,办公用品,3M Organizer Strips,2月
2021-01-08,SO000610,华南,圆通,64.29,4.13,14.42,办公用品,Avery 491,1月
2021-01-08,SO000611,华南,圆通,75.77,22.72,64.25,家具产品,Document Clip Frames,1月
2021-05-28,SO000612,华东,圆通,255.74,8.5,37.09,数码电子,TDK 4.7GB DVD-R,5月
2021-02-12,SO000613,华北,圆通,639.71,14.2,102.53,家具产品,Document Clip Frames,2月
2021-03-03,SO000614,华东,圆通,409.16,22.72,21.96,家具产品,Document Clip Frames,3月
2021-03-03,SO000615,华东,圆通,2508.316,65.99,456.813,数码电子,5180,3月
2021-03-24,SO000616,华东,圆通,253.89,5.58,-83.66,办公用品,Grip Seal Envelopes,3月
2021-10-02,SO000617,华南,圆通,1556.87,68.81,-521.42,办公用品,Holmes Odor Grabber,10月
2021-10-02,SO000618,华南,圆通,195.98,5.98,-71.47,办公用品,Xerox 1947,10月
2021-10-02,SO000619,华南,圆通,9235.97,300.65,2848.17,办公用品,Holmes Odor Grabber,10月
2021-10-02,SO000620,华南,圆通,274.38,5.78,-94.82,办公用品,Xerox 1950,10月
2021-08-14,SO000621,西南,圆通,17.72,1.74,-15.34,家具产品,Document Clip Frames,8月
2021-07-17,SO000622,华东,圆通,1505.57,30.53,-54.63,办公用品,Avery 498,7月
2021-07-16,SO000623,东北,圆通,1165.33,40.97,154.85,办公用品,Newell 340,7月
2021-09-29,SO000624,华南,圆通,49.04,7.38,7.74,家具产品,Document Clip Frames,9月
2021-03-02,SO000625,华南,圆通,215.76,10.9,-97.75,办公用品,Crate-A-Files™,3月
2021-10-22,SO000626,华南,圆通,640.21,150.98,-388.5167,家具产品,KI Conference Tables,10月
2021-05-04,SO000627,华南,圆通,179.45,5.34,-116.3455,办公用品,3M Organizer Strips,5月
2021-05-04,SO000628,西南,圆通,7987.43,160.98,1304.9,家具产品,Phone 918,5月
2021-05-04,SO000629,华北,圆通,2455.276,65.99,693.0630000000001,数码电子,2190,5月
2021-02-17,SO000630,华东,圆通,2592.432,155.99,428.472,数码电子,T39m,2月
2021-06-29,SO000631,华北,圆通,7441.29,165.98,2665.396,办公用品,3M Organizer Strips,6月
2021-05-21,SO000632,华北,圆通,313.43,25.38,104.03,家具产品,Document Clip Frames,5月
2021-05-21,SO000633,华北,圆通,390.11,21.38,-19.92,办公用品,Newell 340,5月
2021-09-30,SO000634,华北,圆通,992.95,21.38,-65.21,办公用品,Newell 340,9月
2021-02-01,SO000635,华北,圆通,55.45,3.08,21.42,办公用品,Avery 497,2月
2021-10-10,SO000636,华北,圆通,279.29,7.59,14.15,家具产品,Document Clip Frames,10月
2021-02-22,SO000637,东北,圆通,325.24,6.54,-79.419,办公用品,3M Organizer Strips,2月
2021-10-24,SO000638,东北,圆通,6077.11,146.34,-353.6598780000001,家具产品,KI Conference Tables,10月
2021-04-29,SO000639,东北,圆通,2841.4395,125.99,374.625,数码电子,StarTAC 3000,4月
2021-03-16,SO000640,东北,圆通,887.94,120.97,49.45,数码电子,Xerox 193,3月
2021-03-28,SO000641,东北,圆通,294.78,6.68,-113.45,办公用品,Xerox 217,3月
2021-01-16,SO000642,东北,圆通,126.38,4.0,26.64,办公用品,Xerox 217,1月
2021-01-16,SO000643,东北,圆通,33.1,6.48,-24.15,办公用品,Xerox 1984,1月
2021-12-28,SO000644,西南,圆通,3730.54,119.99,1369.09,数码电子,Xerox 193,12月
2021-09-12,SO000645,华南,圆通,282.71,6.48,-141.44,办公用品,Xerox 215,9月
2021-09-12,SO000646,华南,圆通,724.13,14.81,-250.53,办公用品,Holmes Odor Grabber,9月
2021-09-12,SO000647,华南,圆通,294.66,20.24,86.33,家具产品,Document Clip Frames,9月
2021-11-30,SO000648,华南,圆通,1765.05,43.41,749.2155,办公用品,3M Organizer Strips,11月
2021-11-14,SO000649,华南,圆通,7384.54,280.98,-2301.5278000000003,家具产品,KI Conference Tables,11月
2021-09-03,SO000650,华南,圆通,2325.42,90.48,739.91,办公用品,Grip Seal Envelopes,9月
2021-09-24,SO000651,华南,圆通,3021.64,70.98,-720.2,家具产品,Phone 918,9月
2021-06-17,SO000652,华南,圆通,66.88,8.33,-17.01,数码电子,TDK 4.7GB DVD-R,6月
2021-06-17,SO000653,华北,圆通,447.34,15.67,203.01,办公用品,Grip Seal Envelopes,6月
2021-01-09,SO000654,西北,圆通,16172.44,500.98,7176.12,数码电子,Xerox 193,1月
2021-09-19,SO000655,西北,圆通,89.55,4.48,-375.64,办公用品,Holmes Odor Grabber,9月
2021-02-26,SO000656,西北,圆通,65.61,7.28,-39.74,数码电子,TDK 4.7GB DVD-R,2月
2021-02-26,SO000657,华东,圆通,309.62,14.03,-80.2,办公用品,Crate-A-Files™,2月
2021-09-19,SO000658,华东,圆通,920.0,30.73,-45.07,数码电子,TDK 4.7GB DVD-R,9月
2021-09-19,SO000659,华东,圆通,104.2,14.56,-8.53,办公用品,Holmes Odor Grabber,9月
2021-09-19,SO000660,华东,圆通,3563.88,299.99,285.95,数码电子,Canon PC940 Copier,9月
2021-05-13,SO000661,华东,圆通,1590.163,55.99,-57.541000000000004,数码电子,Accessory6,5月
2021-05-13,SO000662,华东,圆通,482.93,13.9,-67.59,办公用品,Letter Slitter,5月
2021-05-13,SO000663,华东,圆通,1203.73,162.93,293.14,办公用品,Multimedia Mailers,5月
2021-05-13,SO000664,华东,顺丰,75.19,11.58,-6.61,办公用品,Grip Seal Envelopes,5月
2021-11-06,SO000665,华南,顺丰,152.44,7.7,-16.64,家具产品,Document Clip Frames,11月
2021-04-18,SO000666,华南,顺丰,3041.33,130.98,-260.41,家具产品,Phone 918,4月
2021-11-24,SO000667,华南,顺丰,17.89,3.98,-1.15,办公用品,Newell 340,11月
2021-08-31,SO000668,华南,顺丰,1210.0514999999998,125.99,-104.24700000000007,数码电子,Timeport L7089,8月
2021-08-31,SO000669,华南,顺丰,187.83,3.75,85.96,办公用品,Avery 510,8月
2021-08-31,SO000670,华南,顺丰,49.59,12.28,-8.38,办公用品,Xerox 1881,8月
2021-08-31,SO000671,华东,顺丰,4253.009,155.99,1115.694,数码电子,LX 788,8月
2021-03-21,SO000672,华南,顺丰,123.85,7.98,-71.44,办公用品,Iris Project Case,3月
2021-12-28,SO000673,华北,顺丰,2116.7,67.28,488.81800000000004,办公用品,3M Organizer Strips,12月
2021-09-30,SO000674,华北,顺丰,180.38,6.48,-119.32,办公用品,Xerox 220,9月
2021-03-10,SO000675,华南,顺丰,314.21,5.88,49.77,办公用品,Xerox 217,3月
2021-04-07,SO000676,西北,顺丰,10.39,4.71,-7.97,办公用品,"Super Bands, 12/Pack",4月
2021-02-20,SO000677,华南,顺丰,48.57,2.94,4.21,办公用品,Newell 338,2月
2021-07-06,SO000678,华北,顺丰,342.97,8.75,-131.63,家具产品,Document Clip Frames,7月
2021-03-30,SO000679,西北,顺丰,352.55,12.97,128.9875,办公用品,3M Organizer Strips,3月
2021-03-30,SO000680,华北,顺丰,719.64,20.89,-245.62,办公用品,Crate-A-Files™,3月
2021-04-13,SO000681,东北,顺丰,117.4,2.88,48.63,办公用品,Avery 49,4月
2021-12-13,SO000682,华南,顺丰,135.928,31.76,-126.47,家具产品,KI Conference Tables,12月
2021-09-13,SO000683,华南,顺丰,1560.617,65.99,214.29,数码电子,i270,9月
2021-12-22,SO000684,华东,顺丰,6746.312,179.29,-433.2901430000001,家具产品,KI Conference Tables,12月
2021-12-22,SO000685,华南,顺丰,311.38,11.58,34.12,办公用品,Grip Seal Envelopes,12月
2021-04-19,SO000686,华南,顺丰,126.87,32.98,-125.99,数码电子,TDK 4.7GB DVD-R,4月
2021-01-05,SO000687,东北,顺丰,41.94,8.04,-26.174000000000003,办公用品,3M Organizer Strips,1月
2021-01-05,SO000688,西北,顺丰,89.25,4.91,40.88,办公用品,Avery 493,1月
2021-01-05,SO000689,华南,顺丰,79.81,11.55,-4.28,办公用品,Newell 309,1月
2021-01-27,SO000690,华北,顺丰,463.83,33.98,103.26,数码电子,TDK 4.7GB DVD-R,1月
2021-04-24,SO000691,华北,顺丰,55.38,6.48,-25.95,办公用品,Xerox 210,4月
2021-10-24,SO000692,华北,顺丰,9.4,2.52,-7.6,办公用品,Letter Slitter,10月
2021-05-09,SO000693,华北,顺丰,159.43,6.48,-120.59,办公用品,Xerox 227,5月
2021-11-10,SO000694,华北,顺丰,4901.99,315.98,1724.6755,办公用品,3M Organizer Strips,11月
2021-08-05,SO000695,华北,顺丰,17248.09,400.98,2048.63,家具产品,KI Conference Tables,8月
2021-06-11,SO000696,东北,顺丰,775.74,89.99,-215.39,家具产品,Phone 918,6月
2021-06-11,SO000697,东北,顺丰,238.34,9.31,-19.31,办公用品,Letter Slitter,6月
2021-08-21,SO000698,东北,顺丰,831.52,35.41,259.47,数码电子,TDK 4.7GB DVD-R,8月
2021-08-21,SO000699,东北,顺丰,1089.87,125.99,-124.509,数码电子,i600,8月
2021-08-21,SO000700,东北,顺丰,121.3,5.8,-64.8715,办公用品,3M Organizer Strips,8月
2021-11-16,SO000701,东北,顺丰,168.31,8.17,46.49,办公用品,Xerox 217,11月
2021-11-16,SO000702,东北,顺丰,4282.724999999999,110.99,1371.7440000000001,数码电子,T18,11月
2021-08-09,SO000703,西南,顺丰,109.37,10.31,25.96,办公用品,Xerox 217,8月
2021-05-24,SO000704,华南,顺丰,106.64,3.68,-31.95,办公用品,Letter Slitter,5月
2021-02-25,SO000705,华南,顺丰,40.87,6.48,-16.38,办公用品,Xerox 1984,2月
2021-02-25,SO000706,华南,顺丰,8363.65,300.98,763.33,家具产品,Phone 918,2月
2021-10-20,SO000707,华南,顺丰,1068.79,76.72,56.05,办公用品,Holmes Odor Grabber,10月
2021-10-20,SO000708,华南,顺丰,287.13,5.78,-186.31,办公用品,Xerox 196,10月
2021-09-13,SO000709,华北,顺丰,4305.79,142.86,1020.32,办公用品,Letter Size Cart,9月
2021-04-16,SO000710,西北,顺丰,79.68,7.7,18.24,家具产品,Document Clip Frames,4月
2021-11-09,SO000711,华东,顺丰,41.18,5.44,-19.3085,办公用品,3M Organizer Strips,11月
2021-08-13,SO000712,华东,顺丰,12.8,2.88,-2.21,办公用品,Newell 346,8月
2021-10-29,SO000713,华东,顺丰,709.04,220.98,-337.92,家具产品,Xerox 1907,10月
2021-10-29,SO000714,华东,顺丰,978.77,38.76,220.91,办公用品,Xerox 1892,10月
2021-03-28,SO000715,华东,顺丰,79.58,37.44,-38.28,办公用品,Newell 340,3月
2021-04-21,SO000716,华东,顺丰,786.675,125.99,-315.029,数码电子,StarTAC 6500,4月
2021-05-10,SO000717,华南,顺丰,1991.7029999999997,55.99,559.107,数码电子,Accessory2,5月
2021-08-25,SO000718,华南,顺丰,4896.93,128.24,1467.82,家具产品,Phone 918,8月
2021-06-11,SO000719,华南,顺丰,569.21,39.98,-38.51,数码电子,TDK 4.7GB DVD-R,6月
2021-03-01,SO000720,华南,顺丰,192.8,8.01,31.0,办公用品,Xerox 217,3月
2021-11-25,SO000721,华南,顺丰,900.06,73.98,-221.12,数码电子,TDK 4.7GB DVD-R,11月
2021-11-25,SO000722,华南,顺丰,2066.63,140.85,65.58,办公用品,Crate-A-Files™,11月
2021-11-25,SO000723,华南,顺丰,24.72,2.74,-21.47,办公用品,Newell 340,11月
2021-10-12,SO000724,华南,顺丰,339.35,40.98,27.88,办公用品,Holmes Odor Grabber,10月
2021-10-12,SO000725,华北,顺丰,33.67,3.08,4.08,办公用品,Avery 481,10月
2021-06-08,SO000726,华南,顺丰,1347.63,28.48,562.89,数码电子,TDK 4.7GB DVD-R,6月
2021-05-26,SO000727,华南,顺丰,14451.75,349.45,4503.63,家具产品,KI Conference Tables,5月
2021-04-11,SO000728,华南,顺丰,3821.039,115.99,1057.8870000000002,数码电子,2160,4月
2021-07-25,SO000729,华东,顺丰,1735.3515,65.99,258.624,数码电子,5180,7月
2021-11-01,SO000730,华东,顺丰,4733.7,120.98,624.36,家具产品,Phone 918,11月
2021-11-01,SO000731,华东,顺丰,2718.07,209.84,1107.53,家具产品,Document Clip Frames,11月
2021-06-03,SO000732,华东,顺丰,2508.6730000000002,125.99,417.465,数码电子,Timeport L7089,6月
2021-07-08,SO000733,华南,顺丰,59.38,8.69,-3.0475,办公用品,3M Organizer Strips,7月
2021-01-30,SO000734,华南,顺丰,1285.37,31.78,514.07,数码电子,TDK 4.7GB DVD-R,1月
2021-09-08,SO000735,东北,顺丰,212.57,5.34,9.486,办公用品,3M Organizer Strips,9月
2021-09-08,SO000736,华东,顺丰,1469.48,140.98,-263.65,家具产品,Xerox 1907,9月
2021-09-08,SO000737,华北,顺丰,4279.24,205.99,890.181,数码电子,i470,9月
2021-04-03,SO000738,华北,顺丰,1042.25,131.12,195.16,办公用品,Holmes Odor Grabber,4月
2021-04-03,SO000739,华北,顺丰,5010.7415,200.99,1196.37,数码电子,2160i,4月
2021-12-25,SO000740,华北,顺丰,2932.99,90.98,-1448.83,家具产品,Document Clip Frames,12月
2021-12-25,SO000741,东北,顺丰,9194.8,218.75,-1760.5710000000001,家具产品,KI Conference Tables,12月
2021-12-25,SO000742,东北,顺丰,2285.12,140.98,-455.8,家具产品,Xerox 1907,12月
2021-02-21,SO000743,东北,顺丰,525.555,85.99,-60.665,数码电子,Accessory8,2月
2021-02-21,SO000744,东北,顺丰,276.029,7.99,-108.185,数码电子,CF 688,2月
2021-02-21,SO000745,东北,顺丰,187.204,205.99,-796.763,数码电子,i470,2月
2021-10-09,SO000746,华南,顺丰,434.73,11.33,-12.2,办公用品,Holmes Odor Grabber,10月
2021-10-09,SO000747,华南,顺丰,7017.42,140.85,595.2,办公用品,Crate-A-Files™,10月
2021-10-24,SO000748,华南,顺丰,54.28,6.24,-11.98,家具产品,Document Clip Frames,10月
2021-01-28,SO000749,华南,顺丰,4888.14,107.53,1545.09,家具产品,Document Clip Frames,1月
2021-01-28,SO000750,华南,顺丰,63.87,2.18,-149.93,办公用品,Xerox 217,1月
2021-01-12,SO000751,华南,顺丰,260.12,8.98,36.54,家具产品,Document Clip Frames,1月
2021-07-20,SO000752,华北,顺丰,88.82,4.13,38.35,办公用品,Avery 506,7月
2021-07-20,SO000753,华北,顺丰,2392.23,209.84,1216.74,家具产品,Document Clip Frames,7月
2021-01-08,SO000754,西北,顺丰,48.91,3.98,-7.04,办公用品,Unpadded Memo Slips,1月
2021-03-24,SO000755,西北,顺丰,284.62,20.98,-27.08,办公用品,Crate-A-Files™,3月
2021-07-20,SO000756,西北,顺丰,226.83,6.48,-92.05,办公用品,Xerox 21,7月
2021-07-20,SO000757,西北,顺丰,278.92,17.15,6.11,办公用品,Crate-A-Files™,7月
2021-03-17,SO000758,华东,顺丰,885.94,449.99,-2024.079,数码电子,Canon PC940 Copier,3月
2021-07-25,SO000759,华东,顺丰,29.42,3.69,14.43,办公用品,Avery 52,7月
2021-07-25,SO000760,华东,顺丰,46.48,4.63,-1.82,办公用品,Newell 340,7月
2021-06-20,SO000761,华东,顺丰,433.68,10.98,44.1,办公用品,Grip Seal Envelopes,6月
2021-04-10,SO000762,华东,顺丰,216.08,6.48,-84.33,办公用品,Xerox 1966,4月
2021-04-10,SO000763,华东,顺丰,339.03,13.48,-24.44,办公用品,Crate-A-Files™,4月
2021-04-10,SO000764,华东,顺丰,1098.1490000000001,115.99,-182.974,数码电子,8890,4月
2021-03-24,SO000765,华东,顺丰,355.69,8.74,-149.46,办公用品,Grip Seal Envelopes,3月
2021-01-05,SO000766,华东,顺丰,49.55,5.78,-20.33,办公用品,Xerox 217,1月
2021-01-05,SO000767,华南,顺丰,606.56,45.99,20.232,数码电子,KF 788,1月
2021-11-07,SO000768,华南,顺丰,129.62,5.88,4.41,办公用品,Xerox 217,11月
2021-04-07,SO000769,华南,顺丰,68.46,5.58,-22.48,办公用品,Grip Seal Envelopes,4月
2021-04-07,SO000770,华南,顺丰,885.23,40.89,78.98,家具产品,Document Clip Frames,4月
2021-01-07,SO000771,华南,顺丰,116.38,9.68,29.68,办公用品,Xerox 217,1月
2021-11-28,SO000772,华南,顺丰,129.44,2.58,-5.54,办公用品,Newell 340,11月
2021-11-28,SO000773,华南,顺丰,1829.3869999999997,65.99,482.445,数码电子,StarTAC Series,11月
2021-12-24,SO000774,华南,顺丰,1281.28,29.17,415.85400000000004,办公用品,3M Organizer Strips,12月
2021-12-24,SO000775,华南,顺丰,1940.31,146.05,-668.187,家具产品,KI Conference Tables,12月
2021-12-24,SO000776,华南,顺丰,430.848,125.99,-492.76700000000005,数码电子,8290,12月
2021-09-24,SO000777,华南,顺丰,703.54,48.58,138.46,办公用品,Holmes Odor Grabber,9月
2021-09-24,SO000778,华南,顺丰,65.93,10.31,11.06,办公用品,Xerox 217,9月
2021-09-24,SO000779,西北,顺丰,67.3,2.18,-115.38,办公用品,Letter Slitter,9月
2021-06-06,SO000780,华南,顺丰,120.22,14.34,52.69,家具产品,Document Clip Frames,6月
2021-04-29,SO000781,华北,顺丰,118.97,9.65,-0.05999999999999517,家具产品,Document Clip Frames,4月
2021-07-16,SO000782,东北,顺丰,288.55,7.37,-133.7,数码电子,TDK 4.7GB DVD-R,7月
2021-07-23,SO000783,华北,顺丰,254.69,5.98,-269.37,办公用品,Xerox 1895,7月
2021-01-05,SO000784,西北,顺丰,120.53,12.22,49.26,家具产品,Document Clip Frames,1月
2021-12-31,SO000785,西北,顺丰,61.871500000000005,7.99,-50.325,数码电子,CF 688,12月
2021-08-15,SO000786,华北,顺丰,198.78,11.5,-28.3475,办公用品,3M Organizer Strips,8月
2021-08-15,SO000787,华南,顺丰,281.58,5.77,-161.56,家具产品,Document Clip Frames,8月
2021-02-15,SO000788,华北,顺丰,138.17,5.85,-1.09,办公用品,Newell 340,2月
2021-06-01,SO000789,东北,顺丰,501.38,15.31,-71.95,办公用品,Crate-A-Files™,6月
2021-05-03,SO000790,华东,顺丰,2206.17,525.98,251.43,办公用品,3M Organizer Strips,5月
2021-05-03,SO000791,华东,顺丰,621.12,16.51,190.5275,办公用品,JM Magazine Binder,5月
2021-05-03,SO000792,华南,顺丰,175.92,5.98,-93.41,数码电子,TDK 4.7GB DVD-R,5月
2021-10-04,SO000793,华北,顺丰,371.68,11.29,-13.32,办公用品,Crate-A-Files™,10月
2021-05-20,SO000794,东北,顺丰,297.05,20.48,-16.89,办公用品,Holmes Odor Grabber,5月
2021-05-20,SO000795,东北,顺丰,108.26,15.67,25.51,办公用品,Grip Seal Envelopes,5月
2021-07-29,SO000796,华南,顺丰,9.25,4.13,-4.21,办公用品,Avery 491,7月
2021-07-29,SO000797,华南,顺丰,573.89,14.98,-121.44,办公用品,Crate-A-Files™,7月
2021-09-06,SO000798,华北,顺丰,2039.39,99.99,199.73,数码电子,TDK 4.7GB DVD-R,9月
2021-05-15,SO000799,华北,顺丰,357.96,12.28,10.44,办公用品,Xerox 1881,5月
2021-12-10,SO000800,华南,顺丰,2665.64,280.98,-107.49,家具产品,KI Conference Tables,12月
2021-05-24,SO000801,华南,顺丰,5261.73,150.98,650.3,家具产品,Phone 918,5月
2021-10-02,SO000802,华北,顺丰,193.79,8.04,-117.16199999999999,办公用品,3M Organizer Strips,10月
2021-12-14,SO000803,华北,顺丰,849.46,35.44,9.06,办公用品,Xerox 1880,12月
2021-04-28,SO000804,华北,顺丰,163.54,4.13,-95.059,办公用品,3M Organizer Strips,4月
2021-04-28,SO000805,华北,顺丰,2390.54,82.99,756.1,数码电子,TDK 4.7GB DVD-R,4月
2021-08-02,SO000806,华北,顺丰,9626.86,294.62,1882.2,办公用品,Holmes Odor Grabber,8月
2021-03-05,SO000807,华北,顺丰,6005.21,296.18,-450.7,家具产品,KI Conference Tables,3月
2021-03-24,SO000808,华北,顺丰,2012.14,40.97,241.74,家具产品,Document Clip Frames,3月
2021-11-05,SO000809,东北,顺丰,10307.01,230.98,3025.59,家具产品,KI Conference Tables,11月
2021-07-13,SO000810,东北,顺丰,2531.66,50.98,354.74,办公用品,Holmes Odor Grabber,7月
2021-07-13,SO000811,东北,顺丰,5382.3105,205.99,1419.048,数码电子,Talkabout T8097,7月
2021-02-19,SO000812,东北,顺丰,56.73,4.84,8.33,办公用品,Newell 340,2月
2021-11-21,SO000813,东北,顺丰,933.21,22.98,207.18,家具产品,Document Clip Frames,11月
2021-11-03,SO000814,东北,顺丰,813.535,20.99,435.95099999999996,数码电子,Accessory21,11月
2021-12-28,SO000815,西南,顺丰,44.45,20.98,-17.457,办公用品,3M Organizer Strips,12月
2021-08-12,SO000816,西南,顺丰,384.33,58.1,87.6775,办公用品,3M Organizer Strips,8月
2021-08-12,SO000817,华南,顺丰,239.03,80.48,-68.22,办公用品,Holmes Odor Grabber,8月
2021-11-19,SO000818,华南,顺丰,582.59,155.06,-121.75,办公用品,Crate-A-Files™,11月
2021-04-06,SO000819,华南,顺丰,384.74,13.43,2.69,办公用品,Crate-A-Files™,4月
2021-11-12,SO000820,华南,顺丰,3922.42,92.23,-354.9,家具产品,Document Clip Frames,11月
2021-11-12,SO000821,华南,顺丰,1733.3625,85.99,-267.014,数码电子,Accessory4,11月
2021-12-02,SO000822,华南,顺丰,18316.3,596.98,4569.06,数码电子,Xerox 193,12月
2021-12-26,SO000823,华南,顺丰,68.32,4.28,-66.72,办公用品,Xerox 1927,12月
2021-12-26,SO000824,华南,顺丰,536.38,150.98,-258.8,家具产品,Xerox 1907,12月
2021-12-26,SO000825,华北,顺丰,391.8755,20.99,-38.016000000000005,数码电子,CF 688,12月
2021-09-15,SO000826,西北,顺丰,2036.97,699.99,-2397.44,数码电子,Canon PC940 Copier,9月
2021-09-15,SO000827,华东,顺丰,2629.664,159.31,27.74,家具产品,KI Conference Tables,9月
2021-06-17,SO000828,华东,顺丰,394.62,10.89,-31.39,办公用品,Holmes Odor Grabber,6月
2021-06-17,SO000829,华东,顺丰,464.64,10.64,14.48,家具产品,Document Clip Frames,6月
2021-06-17,SO000830,华东,顺丰,96.68,7.96,22.25,家具产品,Document Clip Frames,6月
2021-04-21,SO000831,华东,顺丰,5556.18,120.98,1638.48,办公用品,Holmes Odor Grabber,4月
2021-04-21,SO000832,华南,顺丰,1021.55,50.98,64.81,家具产品,Phone 918,4月
2021-04-21,SO000833,华南,顺丰,205.24,4.89,-148.77,数码电子,TDK 4.7GB DVD-R,4月
2021-11-21,SO000834,华南,顺丰,19109.61,499.99,-379.29,数码电子,Canon PC940 Copier,11月
2021-10-14,SO000835,华南,顺丰,155.48,25.98,-6.64,办公用品,Holmes Odor Grabber,10月
2021-10-14,SO000836,华南,顺丰,56.77,2.78,-3.2,办公用品,Newell 340,10月
2021-04-07,SO000837,华南,顺丰,63.91,6.48,-27.78,办公用品,Xerox 200,4月
2021-01-20,SO000838,华南,顺丰,208.28,11.48,3.63,办公用品,Xerox 217,1月
2021-08-18,SO000839,华南,顺丰,206.09,5.08,36.04,家具产品,Document Clip Frames,8月
2021-08-18,SO000840,华南,顺丰,124.25,55.98,-55.78,办公用品,Xerox 1882,8月
2021-09-21,SO000841,华南,顺丰,66.09,2.88,13.71,办公用品,Avery 514,9月
2021-03-28,SO000842,华南,顺丰,261.94,80.97,-219.7794,数码电子,Xerox 193,3月
2021-03-28,SO000843,东北,顺丰,9574.82,209.37,-505.98447900000014,家具产品,KI Conference Tables,3月
2021-12-11,SO000844,东北,顺丰,16.08,3.8,-3.7489999999999997,办公用品,3M Organizer Strips,12月
2021-09-08,SO000845,东北,顺丰,27.32,2.08,-5.87,家具产品,Document Clip Frames,9月
2021-09-08,SO000846,华南,顺丰,643.31,15.42,-231.34,办公用品,Crate-A-Files™,9月
2021-09-22,SO000847,华南,顺丰,1734.72,35.44,57.89,办公用品,Xerox 1880,9月
2021-08-23,SO000848,西北,顺丰,1597.37,146.05,-533.69,家具产品,KI Conference Tables,8月
2021-08-23,SO000849,华东,顺丰,1753.9579999999999,65.99,382.392,数码电子,252,8月
2021-09-11,SO000850,华东,顺丰,409.08,17.78,78.86,家具产品,Document Clip Frames,9月
2021-03-20,SO000851,华东,顺丰,150.77,19.98,-72.23,数码电子,TDK 4.7GB DVD-R,3月
2021-03-20,SO000852,华东,顺丰,9620.82,1637.53,-1759.58,办公用品,Letter Slitter,3月
2021-12-21,SO000853,华东,顺丰,157.03,22.23,13.21,家具产品,Document Clip Frames,12月
2021-06-21,SO000854,华北,顺丰,67.35,2.88,22.63,办公用品,Avery 492,6月
2021-06-21,SO000855,华北,顺丰,1472.31,348.21,-223.58700000000002,家具产品,KI Conference Tables,6月
2021-12-24,SO000856,华北,顺丰,510.56,10.64,-29.4,家具产品,Document Clip Frames,12月
2021-12-24,SO000857,华北,顺丰,389.52,20.28,116.37,家具产品,Document Clip Frames,12月
2021-10-01,SO000858,东北,顺丰,191.14,4.98,82.65,办公用品,Xerox 217,10月
2021-06-02,SO000859,东北,顺丰,477.53,9.78,197.76,办公用品,Grip Seal Envelopes,6月
2021-06-02,SO000860,东北,顺丰,2690.7515,200.99,234.612,数码电子,5125,6月
2021-04-11,SO000861,东北,顺丰,2443.342,65.99,590.319,数码电子,StarTAC 7760,4月
2021-07-21,SO000862,华南,顺丰,255.48,6.48,-116.79,办公用品,Xerox 1966,7月
2021-07-21,SO000863,华南,顺丰,130.32,6.48,-67.28,办公用品,Xerox 213,7月
2021-06-15,SO000864,华南,顺丰,1991.93,48.94,951.5,办公用品,Xerox 1916,6月
2021-11-23,SO000865,华南,顺丰,67.72,2.16,-142.669,办公用品,3M Organizer Strips,11月
2021-11-23,SO000866,华南,顺丰,68.64,21.38,-38.93,办公用品,Newell 340,11月
2021-12-29,SO000867,华南,顺丰,133.94,5.84,45.0,办公用品,Newell 340,12月
2021-12-29,SO000868,华北,顺丰,5433.0895,205.99,1365.282,数码电子,StarTAC 8000,12月
2021-10-21,SO000869,西北,顺丰,52.38,3.93,11.72,办公用品,"Super Bands, 12/Pack",10月
2021-02-27,SO000870,西北,顺丰,497.4,14.98,37.9,家具产品,Document Clip Frames,2月
2021-02-27,SO000871,西北,顺丰,4965.384,124.49,-175.46,家具产品,KI Conference Tables,2月
2021-02-27,SO000872,华东,顺丰,358.4195,55.99,-275.055,数码电子,Accessory28,2月
2021-02-27,SO000873,华东,顺丰,3232.68,105.98,875.45,家具产品,Document Clip Frames,2月
2021-07-14,SO000874,华南,顺丰,46.36,1.74,-56.73,家具产品,Document Clip Frames,7月
2021-01-29,SO000875,华南,顺丰,3283.74,67.28,723.3330000000001,办公用品,3M Organizer Strips,1月
2021-08-11,SO000876,华南,顺丰,199.11,6.48,-83.33,办公用品,Xerox 1966,8月
2021-06-09,SO000877,华南,顺丰,29.79,2.88,3.76,办公用品,Avery 474,6月
2021-05-03,SO000878,华南,顺丰,216.95,8.09,-88.82,家具产品,Document Clip Frames,5月
2021-02-10,SO000879,华南,顺丰,1297.4485,85.99,4.212000000000006,数码电子,3395,2月
2021-08-28,SO000880,华南,顺丰,320.26,7.1,-84.134,办公用品,3M Organizer Strips,8月
2021-08-31,SO000881,东北,顺丰,3397.72,70.71,-912.08,家具产品,Document Clip Frames,8月
2021-08-31,SO000882,华北,顺丰,449.42,376.13,-261.612,家具产品,KI Conference Tables,8月
2021-12-11,SO000883,华北,顺丰,303.69,14.98,-50.84,办公用品,Crate-A-Files™,12月
2021-02-22,SO000884,华南,顺丰,19100.45,442.14,6839.95,数码电子,Xerox 193,2月
2021-12-19,SO000885,华北,顺丰,14922.16,550.98,545.69745,家具产品,KI Conference Tables,12月
2021-01-23,SO000886,华东,顺丰,62.77,60.97,-36.84,办公用品,Holmes Odor Grabber,1月
2021-08-07,SO000887,西北,顺丰,857.42,31.11,51.18,数码电子,TDK 4.7GB DVD-R,8月
2021-08-07,SO000888,东北,顺丰,2.24,1.48,-1.97,办公用品,Binder Clips by OIC,8月
2021-04-23,SO000889,东北,顺丰,373.33,10.23,-22.18,办公用品,Letter Slitter,4月
2021-02-11,SO000890,华南,顺丰,17874.26,419.19,6247.95,办公用品,Crate-A-Files™,2月
2021-08-14,SO000891,华南,顺丰,92.63,2.08,-70.8,办公用品,Letter Slitter,8月
2021-11-10,SO000892,华东,顺丰,311.08,10.89,-38.45,办公用品,Holmes Odor Grabber,11月
2021-11-22,SO000893,华北,顺丰,159.26,3.69,73.89,办公用品,Avery 487,11月
2021-06-07,SO000894,西北,EMS,59.58,4.76,14.49,办公用品,Xerox 217,6月
2021-05-16,SO000895,西北,EMS,75.72,9.77,20.29,家具产品,Document Clip Frames,5月
2021-05-16,SO000896,华东,韵达,225.21,5.98,-66.16,办公用品,Xerox 1992,5月
2021-05-28,SO000897,华南,韵达,57.84,60.97,-41.77,办公用品,Holmes Odor Grabber,5月
2021-05-28,SO000898,华北,韵达,3991.99,90.98,-1014.11,家具产品,Document Clip Frames,5月
2021-08-12,SO000899,华南,韵达,240.14,6.88,57.78,办公用品,Xerox 217,8月
2021-03-17,SO000900,华北,韵达,336.85,8.12,-40.76,数码电子,TDK 4.7GB DVD-R,3月
2021-10-12,SO000901,华北,韵达,448.07,30.42,-141.02,数码电子,TDK 4.7GB DVD-R,10月
2021-10-12,SO000902,西北,EMS,38.29,1.95,-16.15,办公用品,Newell 340,10月
2021-01-13,SO000903,华东,韵达,236.99,6.48,-95.79,办公用品,Xerox 215,1月
2021-01-13,SO000904,华北,韵达,4617.335999999999,125.99,978.3539999999999,数码电子,Timeport L7089,1月
2021-08-20,SO000905,华北,EMS,116.11,7.64,-36.46,办公用品,Xerox 217,8月
2021-08-20,SO000906,华北,EMS,306.92,9.99,13.46,办公用品,Xerox 1948,8月
2021-11-26,SO000907,华北,EMS,89.71,2.62,20.71,办公用品,"Super Bands, 12/Pack",11月
2021-07-17,SO000908,华北,EMS,188.23,4.37,-145.1,办公用品,Holmes Odor Grabber,7月
2021-07-17,SO000909,华北,EMS,541.95,19.84,143.04,办公用品,Newell 340,7月
2021-06-12,SO000910,华北,EMS,312.36,28.15,-19.33,办公用品,Newell 340,6月
2021-01-04,SO000911,华北,EMS,169.18,8.67,-18.73,办公用品,Holmes Odor Grabber,1月
2021-01-04,SO000912,东北,中通,8252.392,280.98,1853.19,家具产品,KI Conference Tables,1月
2021-12-20,SO000913,东北,中通,17274.87,1360.14,2028.12,数码电子,Xerox 193,12月
2021-01-21,SO000914,东北,中通,448.23,15.98,110.6,数码电子,TDK 4.7GB DVD-R,1月
2021-05-21,SO000915,东北,中通,748.83,33.98,250.01,数码电子,TDK 4.7GB DVD-R,5月
2021-12-01,SO000916,东北,中通,194.29,6.84,-177.17,办公用品,Letter Slitter,12月
2021-12-01,SO000917,东北,中通,1621.1,48.91,-971.36,办公用品,Crate-A-Files™,12月
2021-07-21,SO000918,西南,中通,18028.07,500.98,8157.7,数码电子,Xerox 193,7月
2021-08-15,SO000919,华南,中通,21062.91,880.98,5713.53,家具产品,Xerox 1907,8月
2021-05-15,SO000920,华南,中通,1802.0,39.06,508.96299999999997,办公用品,3M Organizer Strips,5月
2021-05-15,SO000921,华南,中通,1832.22,37.7,805.4345000000001,办公用品,3M Organizer Strips,5月
2021-04-16,SO000922,华南,中通,19224.92,449.99,6635.15,数码电子,Canon PC940 Copier,4月
2021-04-16,SO000923,华南,中通,778.62,19.23,247.24,家具产品,Document Clip Frames,4月
2021-05-24,SO000924,华南,中通,40.85,2.62,6.46,办公用品,"Super Bands, 12/Pack",5月
2021-06-27,SO000925,华南,中通,295.24,5.81,-279.933,办公用品,3M Organizer Strips,6月
2021-09-09,SO000926,华南,中通,164.62,5.18,-93.7135,办公用品,3M Organizer Strips,9月
2021-09-09,SO000927,华南,中通,4225.77,120.98,-1393.69,家具产品,Xerox 1907,9月
2021-09-09,SO000928,华南,中通,53.89,6.3,17.63,办公用品,Avery 48,9月
2021-08-29,SO000929,华南,中通,33.43,2.89,8.47,办公用品,Avery 498,8月
2021-09-26,SO000930,华南,中通,53.14,6.64,14.57,家具产品,Document Clip Frames,9月
2021-08-11,SO000931,华北,中通,2388.636,205.99,190.998,数码电子,i470,8月
2021-05-01,SO000932,华北,中通,156.47,7.1,-39.2265,办公用品,3M Organizer Strips,5月
2021-02-01,SO000933,西北,中通,869.78,34.76,43.36,办公用品,Crate-A-Files™,2月
2021-02-01,SO000934,华东,中通,2503.0080000000003,286.85,-298.62,家具产品,KI Conference Tables,2月
2021-05-06,SO000935,华东,中通,181.32,25.38,80.32,家具产品,Document Clip Frames,5月
2021-08-04,SO000936,华东,中通,127.84,2.94,12.69,办公用品,Newell 343,8月
2021-08-04,SO000937,华东,中通,11.15,1.81,-2.62,办公用品,"Super Bands, 12/Pack",8月
2021-02-01,SO000938,华东,中通,730.33,51.98,110.77,数码电子,Xerox 193,2月
2021-07-21,SO000939,华东,中通,1262.72,24.95,490.28,办公用品,3M Organizer Strips,7月
2021-07-21,SO000940,华东,中通,524.19,15.98,-135.46,数码电子,TDK 4.7GB DVD-R,7月
2021-09-13,SO000941,华东,中通,116.84,5.4,-125.442,办公用品,3M Organizer Strips,9月
2021-02-11,SO000942,华南,中通,81.56,10.01,-7.23,数码电子,TDK 4.7GB DVD-R,2月
2021-02-11,SO000943,华南,中通,2088.5,51.98,675.07,数码电子,Xerox 193,2月
2021-02-11,SO000944,华南,中通,2126.72,64.98,150.04,办公用品,Crate-A-Files™,2月
2021-02-11,SO000945,华南,中通,3753.72,138.75,-556.25,家具产品,KI Conference Tables,2月
2021-01-06,SO000946,华南,中通,22.13,7.68,-2.392,办公用品,3M Organizer Strips,1月
2021-01-06,SO000947,东北,中通,129.84,6.64,2.39,家具产品,Document Clip Frames,1月
2021-05-25,SO000948,东北,中通,235.49,47.9,21.78,办公用品,Xerox 1938,5月
2021-01-15,SO000949,华北,中通,217.0,4.98,-61.21,办公用品,Xerox 217,1月
2021-01-15,SO000950,东北,中通,296.13,6.35,119.09,办公用品,Xerox 217,1月
2021-06-19,SO000951,西南,中通,481.27,113.98,-181.27,家具产品,Phone 918,6月
2021-06-19,SO000952,华南,中通,879.54,23.99,166.93,数码电子,Xerox 193,6月
2021-01-19,SO000953,华南,中通,8177.07,178.47,2385.3,办公用品,Crate-A-Files™,1月
2021-12-10,SO000954,华南,中通,294.52,21.78,15.34,办公用品,Holmes Odor Grabber,12月
2021-06-04,SO000955,华南,中通,436.17,10.9,-141.27,办公用品,Crate-A-Files™,6月
2021-07-01,SO000956,华南,中通,1559.5,39.48,515.83,数码电子,TDK 4.7GB DVD-R,7月
2021-07-19,SO000957,东北,中通,520.49,51.65,-51.01,家具产品,Document Clip Frames,7月
2021-12-09,SO000958,西北,中通,1143.88,73.98,-88.7,数码电子,TDK 4.7GB DVD-R,12月
2021-03-26,SO000959,华北,中通,187.3995,55.99,-225.302,数码电子,Accessory24,3月
2021-12-09,SO000960,华北,中通,371.95,8.12,-87.4,数码电子,TDK 4.7GB DVD-R,12月
2021-02-27,SO000961,华北,中通,334.89,11.99,-1.4355,数码电子,Xerox 193,2月
2021-02-18,SO000962,东北,中通,136.29,7.3,-77.28,办公用品,3M Organizer Strips,2月
2021-11-16,SO000963,东北,中通,1311.25,39.48,407.44,数码电子,TDK 4.7GB DVD-R,11月
2021-11-16,SO000964,东北,中通,544.41,100.98,-338.27,家具产品,Xerox 1907,11月
2021-11-16,SO000965,东北,中通,844.09,19.98,52.56,家具产品,Document Clip Frames,11月
2021-10-12,SO000966,东北,中通,1880.8,40.98,775.88,数码电子,TDK 4.7GB DVD-R,10月
2021-10-12,SO000967,东北,中通,7143.927000000001,195.99,2374.731,数码电子,T65,10月
2021-01-08,SO000968,东北,圆通,1187.864,376.13,-347.16,家具产品,KI Conference Tables,1月
2021-01-25,SO000969,东北,圆通,11.08,1.74,-8.93,家具产品,Document Clip Frames,1月
2021-02-04,SO000970,东北,圆通,258.61,8.85,-15.962,办公用品,3M Organizer Strips,2月
2021-10-10,SO000971,西南,圆通,241.89,15.42,-83.3,办公用品,Crate-A-Files™,10月
2021-10-10,SO000972,西南,圆通,83.34,1.86,-93.18,办公用品,"Super Bands, 12/Pack",10月
2021-12-21,SO000973,华南,圆通,304.52,21.78,25.34,办公用品,Holmes Odor Grabber,12月
2021-04-11,SO000974,华南,圆通,112.12,11.33,-8.45,办公用品,Holmes Odor Grabber,4月
2021-04-11,SO000975,华南,圆通,49.58,3.36,-47.0235,办公用品,3M Organizer Strips,4月
2021-04-11,SO000976,华南,圆通,1939.65,122.99,-885.73,家具产品,Phone 918,4月
2021-04-11,SO000977,华南,圆通,465.52,14.98,65.35,家具产品,Document Clip Frames,4月
2021-02-08,SO000978,西北,圆通,12296.49,280.98,-416.7,家具产品,Phone 918,2月
2021-02-08,SO000979,西北,圆通,128.13,6.48,-34.91,办公用品,Xerox 217,2月
2021-06-21,SO000980,华东,圆通,77.19,4.06,-81.35,办公用品,Holmes Odor Grabber,6月
2021-05-10,SO000981,华东,圆通,118.98,14.27,-12.765,办公用品,3M Organizer Strips,5月
2021-05-10,SO000982,华东,圆通,4910.09,159.99,1669.38,数码电子,Gyration RF Keyboard,5月
2021-05-10,SO000983,华东,圆通,1058.45,27.75,-386.02,办公用品,Crate-A-Files™,5月
2021-01-04,SO000984,华东,圆通,172.04,54.2,143.08,家具产品,Document Clip Frames,1月
2021-01-04,SO000985,华东,圆通,113.14,37.94,-21.23,办公用品,Xerox 217,1月
2021-01-04,SO000986,华东,圆通,1724.82,55.29,407.8,办公用品,Crate-A-Files™,1月
2021-08-07,SO000987,华东,圆通,6396.2,276.2,1902.24,家具产品,Phone 918,8月
2021-03-22,SO000988,华东,圆通,642.9,39.48,88.72,数码电子,TDK 4.7GB DVD-R,3月
2021-03-22,SO000989,华东,圆通,47.28,4.91,17.05,办公用品,Avery 493,3月
2021-07-21,SO000990,华东,圆通,132.86,3.69,57.0,办公用品,Avery 501,7月
2021-03-26,SO000991,华南,圆通,446.72,20.28,-39.0,家具产品,Document Clip Frames,3月
2021-03-26,SO000992,华南,圆通,1580.6005,65.99,303.525,数码电子,V8162,3月
2021-02-13,SO000993,华南,圆通,1703.8505,65.99,316.062,数码电子,8260,2月
2021-02-13,SO000994,东北,圆通,303.18649999999997,20.99,92.592,数码电子,Accessory21,2月
2021-03-10,SO000995,东北,圆通,141.92,13.73,12.2,家具产品,Document Clip Frames,3月
2021-02-07,SO000996,华北,圆通,748.25,70.98,-86.99,家具产品,Xerox 1907,2月
2021-01-08,SO000997,华东,圆通,21752.01,896.99,9296.348,办公用品,3M Organizer Strips,1月
2021-06-29,SO000998,华北,圆通,6206.16,120.33,1416.27,办公用品,Crate-A-Files™,6月
2021-08-28,SO000999,华北,圆通,262.32,14.48,5.1595,办公用品,3M Organizer Strips,8月
2021-09-14,SO001000,东北,圆通,1707.99,65.99,391.185,数码电子,StarTAC 7760,9月
2021-09-14,SO001001,东北,圆通,936.95,33.98,-0.7400000000000091,家具产品,Document Clip Frames,9月
2021-09-14,SO001002,东北,圆通,296.84,45.19,-71.83,数码电子,TDK 4.7GB DVD-R,9月
2021-09-14,SO001003,西南,圆通,1620.94,400.98,-969.0483660000001,家具产品,KI Conference Tables,9月
2021-12-28,SO001004,华南,圆通,959.0889999999999,65.99,124.99199999999999,数码电子,6000,12月
2021-05-29,SO001005,华南,圆通,3681.7495,95.99,1196.442,数码电子,T60,5月
2021-11-09,SO001006,华东,圆通,875.52,37.93,5.710000000000008,家具产品,Document Clip Frames,11月
2021-05-08,SO001007,东北,圆通,260.39,16.98,-48.57,办公用品,Grip Seal Envelopes,5月
2021-06-05,SO001008,西北,圆通,269.93,5.43,119.64,办公用品,Xerox 217,6月
2021-06-05,SO001009,华南,圆通,303.62,6.48,-59.98,数码电子,TDK 4.7GB DVD-R,6月
2021-06-01,SO001010,华北,圆通,55.77,9.11,-4.37,办公用品,Newell 340,6月
2021-06-01,SO001011,东北,圆通,2181.44,64.65,-896.34,办公用品,Crate-A-Files™,6月
2021-12-15,SO001012,华南,圆通,16002.29,363.25,4604.79,办公用品,Holmes Odor Grabber,12月
2021-12-15,SO001013,华南,圆通,182.26,18.94,60.6135,办公用品,3M Organizer Strips,12月
2021-05-26,SO001014,华北,圆通,1379.34,40.48,-470.85,数码电子,TDK 4.7GB DVD-R,5月
2021-05-26,SO001015,华北,圆通,168.25,26.48,101.78,家具产品,Document Clip Frames,5月
2021-06-08,SO001016,东北,圆通,751.77,15.67,353.2,办公用品,Grip Seal Envelopes,6月
2021-05-01,SO001017,华南,圆通,78.81,2.23,-93.25,家具产品,Document Clip Frames,5月
2021-09-30,SO001018,华北,圆通,2300.45,60.98,624.64,办公用品,Grip Seal Envelopes,9月
2021-09-30,SO001019,华北,圆通,548.11,11.55,124.24,办公用品,Newell 309,9月
2021-04-04,SO001020,华南,圆通,226.81,14.45,-5.3705,办公用品,3M Organizer Strips,4月
2021-04-04,SO001021,华北,圆通,511.07,10.97,-165.74,数码电子,TDK 4.7GB DVD-R,4月
2021-04-04,SO001022,华东,圆通,337.34,39.48,-69.84,数码电子,TDK 4.7GB DVD-R,4月
2021-01-12,SO001023,华北,圆通,4080.3,350.99,593.79,家具产品,Phone 918,1月
2021-01-12,SO001024,华北,圆通,260.79,8.74,111.4,办公用品,Grip Seal Envelopes,1月
2021-01-12,SO001025,华北,圆通,90.35,1.98,-16.72,办公用品,"Super Bands, 12/Pack",1月
2021-02-20,SO001026,华北,圆通,72.63,22.01,-26.94,办公用品,Newell 340,2月
2021-05-03,SO001027,华北,圆通,26.09,2.84,-1.76,办公用品,Newell 340,5月
2021-09-30,SO001028,华北,圆通,6900.13,180.98,552.97,家具产品,Xerox 1907,9月
2021-02-27,SO001029,华北,圆通,1942.1734999999999,115.99,400.824,数码电子,StarTAC 7797,2月
2021-12-11,SO001030,东北,圆通,560.39,15.68,186.87,家具产品,Document Clip Frames,12月
2021-12-11,SO001031,东北,圆通,7062.615999999999,195.99,2288.6369999999997,数码电子,T65,12月
2021-09-10,SO001032,东北,圆通,1406.49,28.15,332.52,办公用品,Newell 340,9月
2021-09-10,SO001033,东北,圆通,587.71,12.98,26.28,办公用品,Letter Slitter,9月
2021-05-07,SO001034,东北,圆通,1079.19,92.23,46.8,家具产品,Document Clip Frames,5月
2021-05-07,SO001035,东北,圆通,19.05,4.28,-14.81,办公用品,Xerox 1927,5月
2021-10-12,SO001036,东北,圆通,90.37,4.48,-374.82,办公用品,Holmes Odor Grabber,10月
2021-10-12,SO001037,东北,圆通,806.05,20.95,-63.39,数码电子,TDK 4.7GB DVD-R,10月
2021-05-19,SO001038,东北,圆通,650.1395,20.99,22.572,数码电子,Accessory29,5月
2021-10-08,SO001039,东北,圆通,141.77,17.48,-24.48,数码电子,TDK 4.7GB DVD-R,10月
2021-10-28,SO001040,东北,圆通,5459.32,300.65,1603.12,办公用品,Holmes Odor Grabber,10月
2021-10-28,SO001041,西南,圆通,1793.42,49.99,21.5,数码电子,TDK 4.7GB DVD-R,10月
2021-10-28,SO001042,华南,圆通,3080.07,104.85,1480.15,办公用品,Xerox 1941,10月
2021-02-27,SO001043,华南,圆通,1425.06,48.04,597.31,办公用品,Xerox 1910,2月
2021-02-10,SO001044,华南,圆通,19.47,4.13,-14.29,办公用品,Avery 498,2月
2021-04-08,SO001045,华南,圆通,1141.37,35.44,-0.14000000000000057,办公用品,Xerox 1880,4月
2021-03-21,SO001046,华南,圆通,522.62,13.48,34.52,办公用品,Crate-A-Files™,3月
2021-11-17,SO001047,华南,圆通,4286.55,172.99,1416.7035,办公用品,3M Organizer Strips,11月
2021-11-17,SO001048,华南,圆通,8.34,7.64,-3.44,办公用品,Grip Seal Envelopes,11月
2021-12-05,SO001049,华南,圆通,28.96,19.98,-27.07,办公用品,Xerox 217,12月
2021-12-23,SO001050,华南,圆通,4547.9,95.98,-768.14,家具产品,Phone 918,12月
2021-03-14,SO001051,华南,圆通,7223.59,200.98,1769.81,家具产品,Phone 918,3月
2021-03-14,SO001052,华南,圆通,934.216,179.29,-4.34,家具产品,KI Conference Tables,3月
2021-07-02,SO001053,华南,圆通,1205.73,60.97,310.93,办公用品,Holmes Odor Grabber,7月
2021-01-12,SO001054,华北,圆通,31.35,8.85,-14.6165,办公用品,3M Organizer Strips,1月
2021-04-20,SO001055,华北,圆通,475.9,27.42,-5.179999999999993,家具产品,Document Clip Frames,4月
2021-04-20,SO001056,华北,圆通,3635.63,320.64,104.48,家具产品,KI Conference Tables,4月
2021-01-22,SO001057,华北,圆通,187.37,32.98,-125.96,数码电子,TDK 4.7GB DVD-R,1月
2021-01-08,SO001058,华北,圆通,157.56,4.89,-139.35,数码电子,TDK 4.7GB DVD-R,1月
2021-05-20,SO001059,华北,圆通,1002.77,49.34,295.6,家具产品,Document Clip Frames,5月
2021-05-20,SO001060,华北,圆通,178.14,10.06,56.3,家具产品,Document Clip Frames,5月
2021-12-13,SO001061,西北,圆通,118.56,4.91,-63.3765,办公用品,3M Organizer Strips,12月
2021-12-13,SO001062,西北,圆通,2145.05,48.94,1012.67,办公用品,Xerox 1916,12月
2021-06-25,SO001063,西北,圆通,2926.33,67.28,499.273,办公用品,3M Organizer Strips,6月
2021-06-25,SO001064,西北,圆通,40.05,2.08,-10.223500000000001,办公用品,Economy Binders,6月
2021-06-25,SO001065,西北,圆通,552.87,26.31,-64.82,数码电子,TDK 4.7GB DVD-R,6月
2021-06-25,SO001066,西北,圆通,26.33,1.76,-33.61,家具产品,Document Clip Frames,6月
2021-05-01,SO001067,西北,圆通,3904.12,81.94,-1508.46,家具产品,Xerox 1907,5月
2021-05-01,SO001068,华东,圆通,343.64,8.57,13.29,家具产品,Document Clip Frames,5月
2021-05-01,SO001069,华东,圆通,256.64,5.81,-28.29,办公用品,"Super Bands, 12/Pack",5月
2021-05-27,SO001070,华东,圆通,298.3,6.3,146.72,办公用品,Avery 51,5月
2021-06-03,SO001071,华东,圆通,11057.6,259.71,183.9,家具产品,KI Conference Tables,6月
2021-10-17,SO001072,华东,圆通,1003.06,25.98,271.78,办公用品,Holmes Odor Grabber,10月
2021-01-03,SO001073,华东,圆通,122.23,4.26,24.55,办公用品,Newell 340,1月
2021-04-20,SO001074,华东,圆通,1871.13,45.98,346.43,家具产品,Document Clip Frames,4月
2021-04-20,SO001075,华东,圆通,729.57,35.44,250.43,办公用品,Xerox 1932,4月
2021-04-05,SO001076,华东,圆通,2851.17,58.14,-868.88,家具产品,Xerox 1907,4月
2021-04-05,SO001077,华东,圆通,183.43,12.44,-41.86,办公用品,Crate-A-Files™,4月
2021-03-13,SO001078,华东,圆通,334.66,9.93,132.56,办公用品,Newell 340,3月
2021-03-13,SO001079,华南,圆通,139.19,5.98,-86.73,办公用品,Xerox 217,3月
2021-03-13,SO001080,华南,圆通,2026.05,135.99,-357.65,家具产品,Phone 918,3月
2021-03-23,SO001081,华南,圆通,2796.67,55.29,801.04,办公用品,Crate-A-Files™,3月
2021-09-15,SO001082,华南,圆通,1449.21,150.98,-270.0,家具产品,Phone 918,9月
2021-09-19,SO001083,华南,圆通,149.25,15.01,-26.8065,办公用品,3M Organizer Strips,9月
2021-09-19,SO001084,华南,圆通,10.14,4.82,-7.613,办公用品,3M Organizer Strips,9月
2021-11-19,SO001085,华南,圆通,37.7,2.18,-81.08,办公用品,Xerox 217,11月
2021-11-19,SO001086,华南,圆通,1059.72,20.98,112.22,办公用品,Crate-A-Files™,11月
2021-04-05,SO001087,华南,圆通,790.63,34.54,52.3175,办公用品,3M Organizer Strips,4月
2021-06-03,SO001088,华南,圆通,197.15,6.68,-23.34,办公用品,Xerox 1977,6月
2021-02-11,SO001089,华南,圆通,820.5645,205.99,-800.25,数码电子,StarTAC 8000,2月
2021-02-11,SO001090,华南,圆通,3332.06,99.99,412.63,数码电子,Xerox 193,2月
2021-04-24,SO001091,华南,圆通,118.18,4.06,-133.62,办公用品,Holmes Odor Grabber,4月
2021-01-19,SO001092,华东,圆通,354.45,10.98,11.38,办公用品,Holmes Odor Grabber,1月
2021-01-19,SO001093,东北,圆通,238.43,16.99,-36.11,办公用品,Newell 340,1月
2021-01-19,SO001094,华南,圆通,1606.4,44.43,-1231.35,家具产品,KI Conference Tables,1月
2021-03-01,SO001095,华南,圆通,104.38,14.42,-24.2,办公用品,Holmes Odor Grabber,3月
2021-08-23,SO001096,华东,圆通,1199.7,30.98,3.22,办公用品,Grip Seal Envelopes,8月
2021-05-12,SO001097,华北,圆通,10445.95,243.98,1069.61,家具产品,Phone 918,5月
2021-10-21,SO001098,华北,圆通,1125.76,60.65,379.28,家具产品,Document Clip Frames,10月
2021-01-28,SO001099,华北,圆通,622.72,40.97,76.51,办公用品,Newell 340,1月
2021-12-09,SO001100,华北,圆通,7522.8,162.93,3187.37,办公用品,Multimedia Mailers,12月
2021-03-04,SO001101,华北,圆通,3491.71,95.95,-1216.64,家具产品,Phone 918,3月
2021-03-04,SO001102,华北,圆通,485.16,34.58,-9.319999999999993,办公用品,Newell 340,3月
2021-11-02,SO001103,东北,圆通,457.68,29.17,107.3805,办公用品,3M Organizer Strips,11月
2021-05-13,SO001104,东北,圆通,66.33,4.13,-47.2305,办公用品,3M Organizer Strips,5月
2021-05-03,SO001105,东北,圆通,717.29,29.89,191.29,数码电子,TDK 4.7GB DVD-R,5月
2021-05-14,SO001106,东北,圆通,229.35,4.89,-165.45,数码电子,TDK 4.7GB DVD-R,5月
2021-05-14,SO001107,东北,圆通,294.86,6.68,-141.12,办公用品,Xerox 1898,5月
2021-02-26,SO001108,华南,圆通,405.53,35.44,130.52,办公用品,Xerox 1932,2月
2021-06-26,SO001109,华南,圆通,772.412,55.99,-184.69,数码电子,Accessory6,6月
2021-06-03,SO001110,华南,圆通,112.72,2.61,39.19,办公用品,Avery 494,6月
2021-10-07,SO001111,华南,圆通,670.39,27.48,-82.26,数码电子,TDK 4.7GB DVD-R,10月
2021-10-07,SO001112,华南,圆通,5618.4,179.99,1314.12,数码电子,TDK 4.7GB DVD-R,10月
2021-10-07,SO001113,华南,圆通,5450.6,140.85,10.86,办公用品,Crate-A-Files™,10月
2021-10-15,SO001114,华北,圆通,183.45,4.98,-149.66,办公用品,Xerox 1922,10月
2021-08-04,SO001115,华北,圆通,30.95,6.48,-16.48,办公用品,Xerox 1894,8月
2021-08-04,SO001116,西北,圆通,1449.301,35.99,432.37800000000004,数码电子,Accessory13,8月
2021-01-06,SO001117,西北,圆通,51.3,7.28,-32.48,办公用品,Xerox 217,1月
2021-01-06,SO001118,西北,圆通,8.48,5.08,-7.9,家具产品,Document Clip Frames,1月
2021-01-06,SO001119,华东,圆通,87.52,3.28,-70.02,办公用品,Newell 337,1月
2021-02-07,SO001120,华南,圆通,89.77,2.21,9.92,办公用品,Newell 340,2月
2021-01-10,SO001121,华南,圆通,162.25,4.77,-43.21,数码电子,TDK 4.7GB DVD-R,1月
2021-12-07,SO001122,华南,圆通,3565.27,510.14,-502.80780000000004,数码电子,Xerox 193,12月
2021-12-07,SO001123,华南,圆通,241.01,4.76,-4.69,办公用品,Xerox 217,12月
2021-10-18,SO001124,华南,圆通,79.44,2.88,29.85,办公用品,Avery 492,10月
2021-10-18,SO001125,华南,圆通,110.03,19.98,-31.33,家具产品,Document Clip Frames,10月
2021-03-22,SO001126,华南,圆通,7486.09,1500.97,-2561.3235,数码电子,Xerox 193,3月
2021-03-22,SO001127,华南,圆通,881.32,48.04,373.67,办公用品,Xerox 1910,3月
2021-03-22,SO001128,华南,圆通,22.77,4.28,-6.2,办公用品,Newell 320,3月
2021-03-01,SO001129,华南,圆通,434.77,11.34,-155.21,办公用品,Xerox 217,3月
2021-04-18,SO001130,华南,圆通,2130.22,89.99,-584.6,家具产品,Phone 918,4月
2021-05-09,SO001131,华南,圆通,1337.81,59.78,407.116,办公用品,3M Organizer Strips,5月
2021-10-28,SO001132,东北,圆通,572.74,14.45,53.312,办公用品,3M Organizer Strips,10月
2021-12-09,SO001133,华南,圆通,209.02,6.3,101.8,办公用品,Avery 48,12月
2021-02-01,SO001134,东北,圆通,299.87,15.74,130.04,办公用品,Grip Seal Envelopes,2月
2021-08-10,SO001135,西北,圆通,75.03,3.14,-31.52,办公用品,Letter Slitter,8月
2021-08-10,SO001136,华南,圆通,1497.7595,35.99,483.66,数码电子,Accessory35,8月
2021-06-20,SO001137,东北,圆通,197.57399999999998,7.99,-90.838,数码电子,CF 688,6月
2021-04-01,SO001138,东北,圆通,835.1505,35.99,158.175,数码电子,Accessory35,4月
2021-04-01,SO001139,东北,圆通,771.834,125.99,-295.427,数码电子,i2000,4月
2021-09-19,SO001140,华南,圆通,150.34,6.48,-28.45,办公用品,Xerox 23,9月
2021-09-19,SO001141,华南,圆通,1142.36,30.73,72.78,数码电子,TDK 4.7GB DVD-R,9月
2021-09-06,SO001142,华东,圆通,766.9635,20.99,-88.253,数码电子,Accessory37,9月
2021-01-14,SO001143,华南,圆通,2364.29,115.99,-220.0491,数码电子,Xerox 193,1月
2021-01-14,SO001144,华北,圆通,112.57,4.28,13.92,办公用品,Newell 336,1月
2021-05-15,SO001145,华北,圆通,286.9,8.32,-36.63,数码电子,TDK 4.7GB DVD-R,5月
2021-05-15,SO001146,华东,圆通,46.4,2.94,-2.12,办公用品,Newell 343,5月
2021-05-05,SO001147,华东,圆通,4935.72,140.98,-698.09,家具产品,Xerox 1907,5月
2021-03-20,SO001148,华南,圆通,1133.96,31.74,185.0875,办公用品,3M Organizer Strips,3月
2021-02-23,SO001149,华北,圆通,290.3,7.59,25.16,家具产品,Document Clip Frames,2月
2021-02-23,SO001150,东北,圆通,434.11,11.7,24.854,办公用品,3M Organizer Strips,2月
2021-02-23,SO001151,东北,圆通,288.9,6.98,96.34,办公用品,Xerox 217,2月
2021-04-21,SO001152,西南,圆通,715.4,30.98,-99.34,数码电子,TDK 4.7GB DVD-R,4月
2021-08-28,SO001153,华南,圆通,1266.72,300.98,-268.36,家具产品,Phone 918,8月
2021-08-06,SO001154,华南,圆通,22.07,5.98,-15.45,办公用品,Xerox 1895,8月
2021-09-29,SO001155,华北,圆通,368.04,19.98,70.39,办公用品,Xerox 1936,9月
2021-09-29,SO001156,西北,圆通,152.6,6.48,-86.62,办公用品,Xerox 214,9月
2021-04-14,SO001157,西北,圆通,1003.71,29.1,-22.82,数码电子,TDK 4.7GB DVD-R,4月
2021-04-14,SO001158,华东,圆通,4212.7519999999995,296.18,-715.7782060000003,家具产品,KI Conference Tables,4月
2021-04-13,SO001159,华东,圆通,1307.0,54.48,428.99,办公用品,Holmes Odor Grabber,4月
2021-04-13,SO001160,华东,圆通,41.39,1.88,-12.0175,办公用品,3M Organizer Strips,4月
2021-08-15,SO001161,华东,圆通,218.77,5.4,-188.1285,办公用品,3M Organizer Strips,8月
2021-01-29,SO001162,华东,圆通,76.36,6.48,-58.4,办公用品,Xerox 1984,1月
2021-01-29,SO001163,华南,圆通,309.9015,125.99,-558.415,数码电子,Timeport L7089,1月
2021-07-15,SO001164,华南,圆通,163.78,17.98,-43.0302,数码电子,Xerox 193,7月
2021-07-15,SO001165,华北,圆通,84.64,8.62,-9.29,办公用品,Holmes Odor Grabber,7月
2021-12-21,SO001166,华北,圆通,729.92,20.95,99.31,数码电子,TDK 4.7GB DVD-R,12月
2021-06-17,SO001167,华北,圆通,113.75,4.13,-77.3375,办公用品,3M Organizer Strips,6月
2021-06-17,SO001168,华北,圆通,3081.95,130.98,-662.8,家具产品,Xerox 1907,6月
2021-04-01,SO001169,华北,圆通,51.94,10.01,-12.48,数码电子,TDK 4.7GB DVD-R,4月
2021-07-29,SO001170,华北,圆通,185.64,7.45,-69.874,办公用品,3M Organizer Strips,7月
2021-07-29,SO001171,东北,圆通,225.98,6.48,-135.74,办公用品,Xerox 213,7月
2021-01-09,SO001172,东北,圆通,541.45,11.66,-164.25,办公用品,Newell 340,1月
2021-09-02,SO001173,东北,圆通,366.87,9.74,-1.79,家具产品,Document Clip Frames,9月
2021-03-22,SO001174,东北,圆通,151.49,11.58,-3.95,办公用品,Grip Seal Envelopes,3月
2021-03-22,SO001175,东北,圆通,308.22,7.77,-215.57,办公用品,Holmes Odor Grabber,3月
2021-11-20,SO001176,东北,圆通,1556.55,105.34,436.02,家具产品,Document Clip Frames,11月
2021-04-14,SO001177,东北,圆通,72.00349999999999,20.99,-108.075,数码电子,Accessory37,4月
2021-06-04,SO001178,东北,圆通,1289.127,115.99,-16.335,数码电子,8890,6月
2021-01-16,SO001179,西南,圆通,151.05,5.8,-76.1415,办公用品,3M Organizer Strips,1月
2021-01-16,SO001180,华南,圆通,133.04,10.35,49.69,办公用品,Avery 503,1月
2021-04-09,SO001181,华南,圆通,85.85,4.48,-327.65,办公用品,Holmes Odor Grabber,4月
2021-04-09,SO001182,华南,圆通,14377.78,350.99,4161.98,家具产品,Phone 918,4月
2021-04-09,SO001183,华南,圆通,994.27,40.98,-127.11,数码电子,TDK 4.7GB DVD-R,4月
2021-04-09,SO001184,华东,圆通,9558.65,349.45,2154.07,家具产品,KI Conference Tables,4月
2021-10-07,SO001185,华北,圆通,1610.76,43.57,-8.67,办公用品,Crate-A-Files™,10月
2021-09-30,SO001186,华北,圆通,937.8,29.74,27.12,办公用品,Crate-A-Files™,9月
2021-05-06,SO001187,西北,圆通,446.06,9.11,161.32,办公用品,Xerox 217,5月
2021-06-30,SO001188,华东,圆通,449.17,9.93,198.83,办公用品,Newell 340,6月
2021-06-30,SO001189,华东,圆通,79.81,2.21,5.48,办公用品,Newell 340,6月
2021-03-08,SO001190,华东,圆通,2451.41,51.98,773.36,数码电子,Xerox 193,3月
2021-03-08,SO001191,华东,圆通,851.24,80.97,-149.4573,数码电子,Xerox 193,3月
2021-01-04,SO001192,华东,圆通,63.34,3.36,-76.015,办公用品,3M Organizer Strips,1月
2021-01-04,SO001193,华东,圆通,151.35,3.71,8.33,办公用品,Xerox 217,1月
2021-08-18,SO001194,华东,圆通,2422.4404999999997,65.99,568.179,数码电子,3390,8月
2021-10-22,SO001195,华东,圆通,220.7875,55.99,-305.31600000000003,数码电子,Accessory36,10月
2021-08-10,SO001196,华东,圆通,2593.08,79.52,-673.31,家具产品,Document Clip Frames,8月
2021-08-10,SO001197,华东,圆通,2529.396,125.99,371.214,数码电子,270c,8月
2021-01-31,SO001198,华东,圆通,1866.12,123.38,400.69,办公用品,Holmes Odor Grabber,1月
2021-12-20,SO001199,华东,圆通,1184.11,193.17,-145.07,办公用品,Crate-A-Files™,12月
2021-12-20,SO001200,华东,圆通,514.22,30.56,187.374,办公用品,3M Organizer Strips,12月
2021-02-25,SO001201,华南,圆通,428.14,22.84,-6.04,办公用品,Xerox 1964,2月
2021-02-25,SO001202,华南,圆通,1379.3374999999999,125.99,-78.54000000000006,数码电子,i1000plus,2月
2021-02-02,SO001203,华南,圆通,647.81,17.67,8.650000000000006,家具产品,Document Clip Frames,2月
2021-05-04,SO001204,华南,圆通,3338.98,80.98,-846.73,办公用品,Crate-A-Files™,5月
2021-11-08,SO001205,华南,圆通,6688.11,150.98,2872.88,数码电子,Xerox 193,11月
2021-11-08,SO001206,华南,圆通,16.73,12.64,-6.96,家具产品,Document Clip Frames,11月
2021-10-13,SO001207,华南,圆通,153.44,12.2,-6.15,家具产品,Document Clip Frames,10月
2021-01-28,SO001208,华东,圆通,190.45,59.98,-44.05,办公用品,Holmes Odor Grabber,1月
2021-01-28,SO001209,华南,圆通,179.99,5.18,-102.26950000000001,办公用品,3M Organizer Strips,1月
2021-03-05,SO001210,华北,圆通,441.58,30.98,117.39,办公用品,Xerox 19,3月
2021-08-20,SO001211,华北,圆通,168.9,9.99,-16.1907,数码电子,Xerox 193,8月
2021-06-19,SO001212,东北,圆通,180.46,6.48,-57.62,办公用品,Xerox 217,6月
2021-05-19,SO001213,东北,圆通,145.86,9.99,-92.32,办公用品,Xerox 217,5月
2021-10-07,SO001214,华南,圆通,1520.26,42.8,640.8405,办公用品,3M Organizer Strips,10月
2021-10-07,SO001215,华南,圆通,688.02,22.98,154.99,家具产品,Document Clip Frames,10月
2021-06-05,SO001216,华南,圆通,4335.34,99.99,524.09,数码电子,TDK 4.7GB DVD-R,6月
2021-06-05,SO001217,西北,圆通,1150.5345,85.99,361.647,数码电子,Accessory8,6月
2021-06-28,SO001218,华东,圆通,4644.87,100.8,-1291.39,家具产品,KI Conference Tables,6月
2021-06-28,SO001219,华南,圆通,627.69,39.98,-12.02,数码电子,TDK 4.7GB DVD-R,6月
2021-11-12,SO001220,华北,圆通,441.43,140.81,-154.45,家具产品,Phone 918,11月
2021-11-12,SO001221,华南,圆通,2145.6974999999998,195.99,-176.792,数码电子,688,11月
2021-11-12,SO001222,东北,圆通,1341.963,85.99,180.78300000000002,数码电子,6340,11月
2021-05-28,SO001223,华南,圆通,172.15,3.69,86.78,办公用品,Avery 52,5月
2021-04-07,SO001224,华北,圆通,1423.35,40.48,-580.32,数码电子,TDK 4.7GB DVD-R,4月
2021-05-17,SO001225,华东,圆通,24.16,1.88,8.0495,办公用品,3M Organizer Strips,5月
2021-05-17,SO001226,华南,圆通,270.84,6.48,-78.02,办公用品,Xerox 1904,5月
2021-05-17,SO001227,华北,圆通,3389.93,102.3,737.94,家具产品,Document Clip Frames,5月
2021-05-17,SO001228,华北,圆通,266.36,6.48,-191.28,办公用品,Xerox 217,5月
2021-05-17,SO001229,东北,圆通,89.41,1.89,-21.49,办公用品,"Super Bands, 12/Pack",5月
2021-06-02,SO001230,东北,圆通,772.2675,65.99,-48.851,数码电子,SC-3160,6月
2021-07-01,SO001231,东北,圆通,17279.62,449.99,4176.253000000001,数码电子,Canon PC940 Copier,7月
2021-07-01,SO001232,东北,圆通,120.3,5.84,20.38,办公用品,Newell 312,7月
2021-01-03,SO001233,东北,圆通,1767.88,50.98,66.47,办公用品,Holmes Odor Grabber,1月
2021-01-03,SO001234,东北,圆通,277.42,22.24,49.82,数码电子,TDK 4.7GB DVD-R,1月
2021-01-03,SO001235,东北,圆通,178.13,13.43,-19.75,办公用品,Crate-A-Files™,1月
2021-06-12,SO001236,西南,圆通,1676.48,55.48,590.35,办公用品,Xerox 194,6月
2021-06-02,SO001237,西南,圆通,12.12,5.43,-4.55,办公用品,Xerox 217,6月
2021-06-02,SO001238,西南,圆通,2318.2135,65.99,583.749,数码电子,V8162,6月
2021-06-02,SO001239,西南,圆通,1136.44,40.98,-9.299999999999969,数码电子,TDK 4.7GB DVD-R,6月
2021-09-02,SO001240,华南,圆通,932.8919999999999,35.99,458.982,数码电子,Accessory31,9月
2021-12-21,SO001241,华南,圆通,14556.67,306.14,3829.63,数码电子,Xerox 193,12月
2021-11-04,SO001242,华南,圆通,160.29,7.59,1.35,家具产品,Document Clip Frames,11月
2021-03-20,SO001243,华南,圆通,119.2,3.93,30.61,办公用品,"Super Bands, 12/Pack",3月
2021-03-20,SO001244,华南,圆通,1825.42,99.23,1193.19,家具产品,Document Clip Frames,3月
2021-06-22,SO001245,华北,圆通,15383.7,304.99,6523.257,办公用品,3M Organizer Strips,6月
2021-06-22,SO001246,华北,圆通,1637.457,65.99,118.152,数码电子,V 3600 Series,6月
2021-05-23,SO001247,华北,圆通,822.3495,125.99,-360.305,数码电子,StarTAC 6500,5月
2021-11-11,SO001248,华北,圆通,605.77,14.34,129.33,家具产品,Document Clip Frames,11月
2021-11-11,SO001249,西北,圆通,1480.91,30.98,489.14,办公用品,Xerox 1979,11月
2021-07-24,SO001250,西北,圆通,3644.24,101.41,-457.73,办公用品,Crate-A-Files™,7月
2021-07-24,SO001251,西北,圆通,599.2075,95.99,-268.664,数码电子,T60,7月
2021-12-09,SO001252,西北,圆通,268.55,8.12,-99.02,数码电子,TDK 4.7GB DVD-R,12月
2021-06-10,SO001253,西北,圆通,294.91,12.44,-37.27,办公用品,Crate-A-Files™,6月
2021-06-26,SO001254,西北,圆通,384.9,14.03,-108.28,办公用品,Crate-A-Files™,6月
2021-10-16,SO001255,华东,圆通,2637.78,152.48,-0.839999999999975,数码电子,TDK 4.7GB DVD-R,10月
2021-10-16,SO001256,华东,圆通,157.4,4.98,-118.56,办公用品,Xerox 1926,10月
2021-11-17,SO001257,华东,圆通,2799.7,62.05,884.08,办公用品,Holmes Odor Grabber,11月
2021-10-10,SO001258,华东,圆通,2039.56,279.48,-329.49,办公用品,Crate-A-Files™,10月
2021-08-20,SO001259,华东,圆通,292.808,7.99,-129.69,数码电子,CF 688,8月
2021-08-30,SO001260,华东,圆通,518.8,30.98,54.62949999999999,办公用品,3M Organizer Strips,8月
2021-08-21,SO001261,华东,圆通,174.64,4.37,-143.23,办公用品,Holmes Odor Grabber,8月
2021-08-21,SO001262,华东,圆通,994.2280000000001,155.99,-446.57800000000003,数码电子,CF 688,8月
2021-04-14,SO001263,华南,圆通,5977.63,180.98,-86.68,办公用品,Holmes Odor Grabber,4月
2021-09-28,SO001264,华南,圆通,1239.81,50.98,-13.28,数码电子,TDK 4.7GB DVD-R,9月
2021-09-28,SO001265,华南,圆通,273.32,6.48,-48.68,办公用品,Xerox 23,9月
2021-01-03,SO001266,华北,圆通,79.64,3.25,-377.74,办公用品,Holmes Odor Grabber,1月
2021-01-03,SO001267,东北,圆通,1527.42,60.98,326.4,办公用品,Grip Seal Envelopes,1月
2021-02-10,SO001268,东北,圆通,473.67,11.34,78.2,办公用品,Xerox 188,2月
2021-12-23,SO001269,华东,圆通,2811.7,71.37,-3074.2712000000006,家具产品,KI Conference Tables,12月
2021-05-19,SO001270,华南,圆通,176.5,3.57,-119.35,办公用品,Barrel Sharpener,5月
2021-05-19,SO001271,华南,圆通,1546.8,37.76,25.51,办公用品,Crate-A-Files™,5月
2021-05-19,SO001272,华南,圆通,3457.56,124.49,-365.44,家具产品,KI Conference Tables,5月
2021-08-29,SO001273,西北,圆通,3632.6,89.99,-400.33,家具产品,Phone 918,8月
2021-01-30,SO001274,东北,圆通,1644.22,46.94,563.09,家具产品,Document Clip Frames,1月
2021-05-14,SO001275,东北,圆通,131.65,4.91,67.41,办公用品,Avery 478,5月
2021-02-23,SO001276,华南,圆通,199.8,6.48,-96.59,办公用品,Xerox 1930,2月
2021-02-23,SO001277,华南,圆通,68.97,2.78,0.77,办公用品,Newell 339,2月
2021-01-02,SO001278,华北,圆通,124.81,40.98,-11.937000000000001,办公用品,3M Organizer Strips,1月
2021-04-03,SO001279,西北,圆通,123.16,4.98,45.79,办公用品,Xerox 217,4月
2021-05-18,SO001280,华东,圆通,1160.55,25.98,-179.17,家具产品,Phone 918,5月
2021-12-06,SO001281,华南,圆通,1733.1,95.99,-505.69,办公用品,Crate-A-Files™,12月
2021-12-06,SO001282,华南,圆通,3448.6455,125.99,900.414,数码电子,SC7868i,12月
2021-08-09,SO001283,华北,圆通,131.2,3.95,-107.98,办公用品,Holmes Odor Grabber,8月
2021-10-31,SO001284,华北,圆通,1735.94,140.98,-432.54,家具产品,Xerox 1907,10月
2021-10-31,SO001285,华北,圆通,337.6,172.99,-210.7835,家具产品,Document Clip Frames,10月
2021-03-16,SO001286,东北,圆通,82.42,7.59,18.53,家具产品,Document Clip Frames,3月
2021-05-05,SO001287,东北,圆通,1712.66,152.48,-390.77,数码电子,TDK 4.7GB DVD-R,5月
2021-06-16,SO001288,东北,圆通,53.91,3.15,19.47,办公用品,Avery 498,6月
2021-10-11,SO001289,东北,圆通,31.95,8.04,-23.69,办公用品,3M Organizer Strips,10月
2021-10-11,SO001290,东北,圆通,563.82,16.51,188.224,办公用品,JM Magazine Binder,10月
2021-10-11,SO001291,东北,圆通,502.44,15.51,-363.44,办公用品,Crate-A-Files™,10月
2021-05-25,SO001292,东北,圆通,165.04,15.99,-66.585,办公用品,3M Organizer Strips,5月
2021-03-28,SO001293,华南,圆通,522.97,10.4,29.98,家具产品,Document Clip Frames,3月
2021-03-28,SO001294,华南,圆通,199.46,4.28,-121.2,办公用品,Xerox 1962,3月
2021-11-25,SO001295,华南,圆通,1954.796,140.99,98.352,数码电子,7160,11月
2021-06-07,SO001296,华南,圆通,316.52,152.48,-542.32,数码电子,TDK 4.7GB DVD-R,6月
2021-06-07,SO001297,华南,圆通,155.39,32.98,-127.7,数码电子,TDK 4.7GB DVD-R,6月
2021-10-07,SO001298,华南,圆通,12175.82,320.98,2825.15,家具产品,Phone 918,10月
2021-10-07,SO001299,华南,圆通,101.21,18.97,2.13,办公用品,Xerox 1887,10月
2021-10-07,SO001300,华南,圆通,1585.64,48.91,707.15,办公用品,Xerox 1891,10月
2021-02-13,SO001301,华北,圆通,906.02,150.98,-382.38,家具产品,Xerox 1907,2月
2021-02-13,SO001302,华北,圆通,170.88,3.81,-149.08599999999998,办公用品,3M Organizer Strips,2月
2021-03-07,SO001303,华北,圆通,3725.53,76.72,748.67,办公用品,Holmes Odor Grabber,3月
2021-06-13,SO001304,华北,圆通,133.23,3.14,-59.91,办公用品,Letter Slitter,6月
2021-06-13,SO001305,西北,圆通,146.25,6.35,60.12,办公用品,Xerox 217,6月
2021-07-30,SO001306,西北,圆通,434.62,11.5,-68.977,办公用品,3M Organizer Strips,7月
2021-11-10,SO001307,西北,圆通,2654.16,90.97,600.93,数码电子,Xerox 193,11月
2021-11-10,SO001308,西北,圆通,36.23,2.12,-24.87,数码电子,TDK 4.7GB DVD-R,11月
2021-11-10,SO001309,西北,圆通,1722.65,114.98,-399.67,家具产品,Xerox 1907,11月
2021-07-27,SO001310,西北,圆通,493.26,12.53,263.4,办公用品,Avery 498,7月
2021-07-27,SO001311,西北,圆通,192.15,5.18,37.31,办公用品,Array® Memo Cubes,7月
2021-01-16,SO001312,华东,圆通,3633.03,120.98,1440.2740000000001,办公用品,3M Organizer Strips,1月
2021-04-13,SO001313,华东,圆通,3.42,1.88,-2.9094999999999995,办公用品,3M Organizer Strips,4月
2021-01-03,SO001314,华东,圆通,522.49,43.22,-236.43,数码电子,TDK 4.7GB DVD-R,1月
2021-01-03,SO001315,华东,圆通,28359.4,574.74,14440.39,数码电子,Xerox 193,1月
2021-01-03,SO001316,华东,圆通,123.76,10.14,32.44,办公用品,Xerox 217,1月
2021-09-05,SO001317,华东,圆通,1124.3,25.98,-335.22,家具产品,Phone 918,9月
2021-09-05,SO001318,华东,圆通,43.57,4.13,6.7,办公用品,Avery 491,9月
2021-09-05,SO001319,华南,圆通,2610.894,125.99,516.1859999999999,数码电子,8290,9月
2021-04-07,SO001320,华南,圆通,88.38,6.48,-64.95,办公用品,Xerox 212,4月
2021-04-23,SO001321,华南,圆通,2348.66,46.89,921.41,办公用品,Holmes Odor Grabber,4月
2021-04-23,SO001322,华南,圆通,2657.12,140.98,-373.09,家具产品,Xerox 1907,4月
2021-04-23,SO001323,华南,圆通,9579.62,212.6,-3465.072,家具产品,KI Conference Tables,4月
2021-09-06,SO001324,华南,圆通,42.67,4.18,-12.719000000000001,办公用品,3M Organizer Strips,9月
2021-04-22,SO001325,华南,圆通,292.11,15.42,-91.95,办公用品,Crate-A-Files™,4月
2021-09-12,SO001326,华南,圆通,12.61,1.88,-4.899,办公用品,3M Organizer Strips,9月
2021-02-19,SO001327,华南,圆通,110.15,6.75,13.905999999999999,办公用品,3M Organizer Strips,2月
2021-02-19,SO001328,华南,圆通,3335.27,243.98,539.69,家具产品,Phone 918,2月
2021-08-08,SO001329,华南,圆通,106.06,3.14,-59.74,办公用品,Letter Slitter,8月
2021-02-27,SO001330,华南,圆通,103.75,12.97,25.1345,办公用品,3M Organizer Strips,2月
2021-02-27,SO001331,华南,圆通,855.865,110.99,-153.923,数码电子,T18,2月
2021-03-17,SO001332,华北,圆通,223.64,5.98,-90.26,办公用品,Xerox 1947,3月
2021-01-22,SO001333,华南,圆通,202.64,90.97,-221.62380000000002,数码电子,Xerox 193,1月
2021-01-22,SO001334,华南,圆通,133.69,5.98,-92.23,办公用品,Xerox 217,1月
2021-01-03,SO001335,华南,圆通,262.76,20.98,-146.05,家具产品,Document Clip Frames,1月
2021-08-13,SO001336,华南,圆通,176.26,4.13,75.13,办公用品,Avery 506,8月
2021-10-12,SO001337,华南,圆通,3505.6,128.24,1019.7,家具产品,Phone 918,10月
2021-07-23,SO001338,华北,圆通,84.09,5.4,-73.14,办公用品,3M Organizer Strips,7月
2021-03-24,SO001339,华南,圆通,135.23,5.68,-45.65,办公用品,Letter Slitter,3月
2021-09-10,SO001340,东北,圆通,1222.59,40.97,501.99,数码电子,TDK 4.7GB DVD-R,9月
2021-01-22,SO001341,华北,圆通,1939.66,48.92,540.67,办公用品,Holmes Odor Grabber,1月
2021-01-22,SO001342,华北,圆通,21.56,4.13,2.75,办公用品,Avery 506,1月
2021-01-22,SO001343,华北,圆通,115.81,2.88,-1.49,办公用品,Newell 340,1月
2021-03-22,SO001344,华北,圆通,131.61,17.48,-7.3,数码电子,TDK 4.7GB DVD-R,3月
2021-12-08,SO001345,华北,圆通,750.39,30.98,133.705,办公用品,3M Organizer Strips,12月
2021-12-08,SO001346,华北,圆通,18.46,4.91,-0.43,办公用品,Avery 508,12月
2021-05-11,SO001347,华北,圆通,2366.18,162.93,703.8,办公用品,Multimedia Mailers,5月
2021-05-11,SO001348,华北,圆通,675.71,13.79,-17.49,家具产品,Document Clip Frames,5月
2021-05-11,SO001349,东北,圆通,292.978,20.99,-93.61,数码电子,Accessory39,5月
2021-05-11,SO001350,东北,圆通,3615.8405000000002,85.99,1861.353,数码电子,Accessory20,5月
2021-10-10,SO001351,东北,圆通,319.69,7.28,-73.66,数码电子,TDK 4.7GB DVD-R,10月
2021-10-28,SO001352,东北,圆通,706.68,15.94,6.6,办公用品,Newell 340,10月
2021-09-04,SO001353,东北,圆通,33.96,1.76,0.1,办公用品,Newell 310,9月
2021-09-12,SO001354,东北,圆通,8374.132,205.99,2568.096,数码电子,TimeportP7382,9月
2021-07-16,SO001355,东北,圆通,1406.64,27.18,424.36,办公用品,Grip Seal Envelopes,7月
2021-08-16,SO001356,东北,圆通,192.49,160.98,-98.3,家具产品,Phone 918,8月
2021-03-18,SO001357,西南,圆通,5403.75,355.98,103.83,家具产品,Phone 918,3月
2021-04-20,SO001358,西南,圆通,54.79,5.85,-6.82,办公用品,Newell 340,4月
2021-05-14,SO001359,华南,圆通,356.09,15.67,155.82,办公用品,Grip Seal Envelopes,5月
2021-04-03,SO001360,华南,圆通,1075.91,39.98,34.42,数码电子,TDK 4.7GB DVD-R,4月
2021-04-03,SO001361,华南,圆通,1176.859,65.99,137.862,数码电子,StarTAC 7760,4月
2021-04-03,SO001362,华南,圆通,6408.3,280.98,539.54,家具产品,KI Conference Tables,4月
2021-10-05,SO001363,华南,圆通,63.71,2.08,-96.03,家具产品,Document Clip Frames,10月
2021-10-05,SO001364,华南,圆通,5388.8,370.98,-115.08,办公用品,Crate-A-Files™,10月
2021-01-30,SO001365,华南,圆通,1751.68,41.94,771.8254999999999,办公用品,3M Organizer Strips,1月
2021-01-30,SO001366,华北,圆通,86.47,5.28,-9.3495,办公用品,3M Organizer Strips,1月
2021-01-30,SO001367,华北,圆通,684.5,21.38,-27.99,办公用品,Newell 340,1月
2021-10-11,SO001368,华北,圆通,158.83,5.77,-56.97,家具产品,Document Clip Frames,10月
2021-08-16,SO001369,华北,圆通,4655.07,140.98,-270.63,家具产品,Xerox 1907,8月
2021-08-16,SO001370,华北,圆通,10087.6,218.08,3387.35,家具产品,Phone 918,8月
2021-08-16,SO001371,西北,圆通,1608.08,50.98,-82.16,数码电子,TDK 4.7GB DVD-R,8月
2021-05-01,SO001372,西北,圆通,7890.89,167.27,-771.09,办公用品,Crate-A-Files™,5月
2021-06-19,SO001373,华东,圆通,10122.72,280.98,-381.16,家具产品,Phone 918,6月
2021-06-19,SO001374,华东,圆通,203.6,4.98,-166.44,办公用品,Xerox 1922,6月
2021-06-19,SO001375,华东,圆通,115.81,3.98,22.06,办公用品,Newell 340,6月
2021-09-04,SO001376,华东,圆通,2912.015,95.99,698.1659999999999,数码电子,T60,9月
2021-11-30,SO001377,华东,圆通,74.75,2.28,-115.43,办公用品,Newell 340,11月
2021-08-07,SO001378,华东,圆通,81.9,6.68,-23.52,办公用品,Xerox 1977,8月
2021-03-04,SO001379,华东,圆通,12.18,10.14,-3.88,办公用品,Xerox 217,3月
2021-05-15,SO001380,华东,圆通,3197.45,73.98,97.15999999999993,数码电子,TDK 4.7GB DVD-R,5月
2021-05-15,SO001381,华东,圆通,78.57,3.68,-20.65,办公用品,Letter Slitter,5月
2021-09-07,SO001382,华东,圆通,95.9,6.08,19.57,办公用品,Newell 340,9月
2021-09-07,SO001383,华东,圆通,517.91,19.9,107.11,办公用品,Holmes Odor Grabber,9月
2021-09-07,SO001384,华东,圆通,162.28,3.36,-216.154,办公用品,3M Organizer Strips,9月
2021-01-10,SO001385,华南,圆通,162.58,4.89,-109.86,数码电子,TDK 4.7GB DVD-R,1月
2021-01-10,SO001386,华南,圆通,6815.23,150.98,-196.07,家具产品,KI Conference Tables,1月
2021-04-28,SO001387,华南,圆通,203.3,79.52,148.25,家具产品,Document Clip Frames,4月
2021-04-28,SO001388,华南,圆通,196.8515,125.99,-606.595,数码电子,i600,4月
2021-02-12,SO001389,华南,圆通,637.04,30.73,-26.83,数码电子,TDK 4.7GB DVD-R,2月
2021-08-07,SO001390,华南,圆通,1058.43,20.28,245.0,家具产品,Document Clip Frames,8月
2021-02-08,SO001391,东北,圆通,147.88,3.58,-142.91049999999998,办公用品,3M Organizer Strips,2月
2021-11-16,SO001392,西北,圆通,64.37,8.85,-6.9575,办公用品,3M Organizer Strips,11月
2021-11-16,SO001393,华东,圆通,4588.55,449.99,-266.624,数码电子,Canon PC940 Copier,11月
2021-01-02,SO001394,西北,圆通,5403.75,355.98,103.83,家具产品,Phone 918,1月
2021-01-02,SO001395,东北,圆通,192.49,160.98,-98.3,家具产品,Phone 918,1月
2021-01-02,SO001396,华南,申通,6408.3,280.98,539.54,家具产品,KI Conference Tables,1月
2021-05-01,SO001397,华东,申通,596.21,34.23,211.59,家具产品,Document Clip Frames,5月
2021-10-09,SO001398,华南,申通,96.75,4.24,-72.91,办公用品,3M Organizer Strips,10月
2021-03-25,SO001399,华南,申通,14357.85,500.98,3309.55,家具产品,Xerox 1907,3月
2021-11-24,SO001400,华北,申通,1210.02,25.98,-279.44,家具产品,Phone 918,11月
2021-11-29,SO001401,华东,申通,461.55,33.98,-12.0,家具产品,Document Clip Frames,11月
2021-11-29,SO001402,东北,申通,418.82,8.6,-60.214,办公用品,3M Organizer Strips,11月
2021-06-23,SO001403,华南,申通,767.34,73.98,-154.65,数码电子,TDK 4.7GB DVD-R,6月
2021-05-23,SO001404,华东,申通,74.02,5.08,-2.91,家具产品,Document Clip Frames,5月
2021-05-23,SO001405,华东,申通,1276.17,55.48,564.22,办公用品,Xerox 217,5月
2021-02-17,SO001406,华北,申通,464.57,39.98,-79.18,数码电子,TDK 4.7GB DVD-R,2月
2021-12-12,SO001407,华北,申通,690.88,22.98,119.25,家具产品,Document Clip Frames,12月
2021-12-24,SO001408,华北,申通,28.41,1.98,-44.079499999999996,办公用品,3M Organizer Strips,12月
2021-02-13,SO001409,华北,申通,2645.88,100.98,-1231.98,家具产品,Xerox 1907,2月
2021-02-13,SO001410,华北,申通,2573.29,122.99,-896.94,家具产品,Phone 918,2月
2021-02-13,SO001411,华南,申通,127.17,5.53,-108.1345,办公用品,3M Organizer Strips,2月
2021-01-10,SO001412,华南,申通,111.66,4.98,-53.33,办公用品,Xerox 1952,1月
2021-01-10,SO001413,华南,申通,231.95,9.78,44.14,数码电子,TDK 4.7GB DVD-R,1月
2021-01-17,SO001414,华北,申通,299.08,90.48,-50.43,办公用品,Grip Seal Envelopes,1月
2021-01-17,SO001415,华南,申通,566.39,22.84,76.43,办公用品,Xerox 1991,1月
2021-04-07,SO001416,华北,申通,2144.924,65.99,542.25,数码电子,g520,4月
2021-09-12,SO001417,华东,申通,1907.71,70.98,32.55,家具产品,Xerox 1907,9月
2021-07-07,SO001418,华南,申通,65.89,5.08,20.6,家具产品,Document Clip Frames,7月
2021-07-21,SO001419,华北,申通,310.31,14.58,51.5,家具产品,Document Clip Frames,7月
2021-04-20,SO001420,华北,申通,5554.036,175.99,1153.836,数码电子,2180,4月
2021-11-21,SO001421,华北,申通,496.15,20.98,213.3755,办公用品,3M Organizer Strips,11月
2021-02-05,SO001422,华北,申通,139.86,2.88,9.59,办公用品,Newell 340,2月
2021-02-05,SO001423,东北,申通,926.585,195.99,-655.424,数码电子,R380,2月
2021-07-14,SO001424,东北,申通,799.98,90.97,15.36,数码电子,Xerox 193,7月
2021-07-14,SO001425,东北,申通,363.57,44.43,33.988949999999996,家具产品,KI Conference Tables,7月
2021-10-11,SO001426,东北,申通,9752.25,209.84,3066.17,家具产品,Document Clip Frames,10月
2021-06-22,SO001427,东北,申通,7547.14,320.98,2080.48,家具产品,Phone 918,6月
2021-06-22,SO001428,东北,申通,224.32,110.98,-178.77,家具产品,Document Clip Frames,6月
2021-06-22,SO001429,东北,申通,311.98,22.01,-9.78,办公用品,Newell 340,6月
2021-12-21,SO001430,东北,申通,2312.96,145.45,43.030000000000086,数码电子,Xerox 193,12月
2021-11-22,SO001431,东北,申通,5181.08,114.98,-1623.6,家具产品,Xerox 1907,11月
2021-11-22,SO001432,西南,申通,10567.45,299.99,2925.37,数码电子,Canon PC940 Copier,11月
2021-11-22,SO001433,华南,申通,1679.04,40.97,324.47,家具产品,Document Clip Frames,11月
2021-11-22,SO001434,华南,申通,2055.97,999.99,-2342.0052,数码电子,Xerox 193,11月
2021-11-09,SO001435,华南,申通,27.34,5.78,-12.38,办公用品,Xerox 1899,11月
2021-11-09,SO001436,华南,申通,683.68,28.48,-95.54,数码电子,TDK 4.7GB DVD-R,11月
2021-09-16,SO001437,华南,申通,156.15,15.73,-37.6,办公用品,Letter Slitter,9月
2021-06-25,SO001438,华南,申通,193.16,6.48,-71.73,办公用品,Xerox 21,6月
2021-01-05,SO001439,华南,申通,2323.36,179.99,220.39,数码电子,TDK 4.7GB DVD-R,1月
2021-12-23,SO001440,华南,申通,383.45,180.98,-244.47,家具产品,Phone 918,12月
2021-08-10,SO001441,华南,申通,871.25,22.99,-14.31,办公用品,Newell 340,8月
2021-08-10,SO001442,华北,申通,537.87,11.66,-162.24,办公用品,Newell 340,8月
2021-01-02,SO001443,西北,申通,138.75,5.84,49.81,办公用品,Newell 340,1月
2021-08-18,SO001444,西北,申通,820.52,15.99,-191.222,办公用品,3M Organizer Strips,8月
2021-03-28,SO001445,西北,申通,823.13,18.94,384.5145,办公用品,3M Organizer Strips,3月
2021-03-28,SO001446,西北,申通,569.61,17.98,-48.44,数码电子,TDK 4.7GB DVD-R,3月
2021-03-28,SO001447,西北,申通,75.06,2.89,26.13,办公用品,Avery 498,3月
2021-03-28,SO001448,华东,申通,225.13,4.48,-205.75,家具产品,Document Clip Frames,3月
2021-08-10,SO001449,华东,申通,121.73,4.98,-69.07,办公用品,Xerox 1897,8月
2021-12-25,SO001450,华东,申通,114.86,4.28,16.21,办公用品,Newell 336,12月
2021-05-04,SO001451,华东,申通,1757.43,44.01,490.77,办公用品,Holmes Odor Grabber,5月
2021-05-04,SO001452,华东,申通,137.26,15.99,-54.6135,办公用品,3M Organizer Strips,5月
2021-05-04,SO001453,华东,申通,2913.1455,175.99,333.72,数码电子,5165,5月
2021-05-04,SO001454,华东,申通,246.98,7.38,-94.78,家具产品,Document Clip Frames,5月
2021-10-23,SO001455,华东,申通,1968.47,40.97,327.9,办公用品,Newell 340,10月
2021-11-16,SO001456,华东,申通,6250.936000000001,262.11,31.21,家具产品,KI Conference Tables,11月
2021-05-14,SO001457,华南,申通,7869.22,243.98,1523.46,家具产品,Phone 918,5月
2021-05-14,SO001458,华南,申通,912.44,25.38,182.72,家具产品,Document Clip Frames,5月
2021-09-13,SO001459,华南,申通,838.4,17.7,-132.91,办公用品,Crate-A-Files™,9月
2021-01-27,SO001460,华南,申通,377.21299999999997,110.99,-411.653,数码电子,T18,1月
2021-05-27,SO001461,华南,申通,854.88,33.98,-44.14,家具产品,Document Clip Frames,5月
2021-05-27,SO001462,华南,申通,80.27,1.76,-0.79,办公用品,Newell 326,5月
2021-11-11,SO001463,华南,申通,994.04,95.99,-335.06,办公用品,Crate-A-Files™,11月
2021-09-29,SO001464,华南,申通,10223.19,289.53,2723.31,办公用品,Holmes Odor Grabber,9月
2021-09-29,SO001465,华南,申通,312.42,6.48,-90.42,办公用品,Xerox 207,9月
2021-03-29,SO001466,华北,申通,1111.008,146.34,-146.29,家具产品,KI Conference Tables,3月
2021-02-12,SO001467,东北,申通,435.27,15.98,-147.51,数码电子,TDK 4.7GB DVD-R,2月
2021-02-12,SO001468,华南,申通,723.82,27.42,-40.98,家具产品,Document Clip Frames,2月
2021-12-20,SO001469,东北,申通,1082.43,47.98,23.97,数码电子,TDK 4.7GB DVD-R,12月
2021-02-24,SO001470,西南,申通,40.23,7.77,-30.26,办公用品,Holmes Odor Grabber,2月
2021-09-11,SO001471,华南,申通,341.55,8.37,-255.65,家具产品,Document Clip Frames,9月
2021-09-11,SO001472,华东,申通,98.37,6.48,-76.54,办公用品,Xerox 1996,9月
2021-02-04,SO001473,华东,申通,2773.84,58.14,-513.76,家具产品,Xerox 1907,2月
2021-09-25,SO001474,华东,申通,289.94,6.48,-102.19,办公用品,Xerox 1894,9月
2021-09-25,SO001475,华南,申通,1848.52,218.75,-493.6,家具产品,KI Conference Tables,9月
2021-08-27,SO001476,华南,申通,262.54,8.5,29.24,数码电子,TDK 4.7GB DVD-R,8月
2021-08-27,SO001477,西北,申通,190.73,15.99,-69.6435,数码电子,Xerox 193,8月
2021-08-27,SO001478,华北,申通,1332.97,95.99,4.752000000000001,数码电子,600 Series Flip,8月
2021-05-14,SO001479,华北,申通,227.37,5.28,-92.07,办公用品,Xerox 1954,5月
2021-01-23,SO001480,华北,申通,136.41,6.84,-99.34,办公用品,Letter Slitter,1月
2021-01-23,SO001481,华北,申通,1312.65,30.98,488.31,办公用品,Xerox 217,1月
2021-05-12,SO001482,华北,申通,283.13,6.48,-141.26,办公用品,Xerox 1930,5月
2021-05-23,SO001483,东北,申通,104.39,2.61,38.45,办公用品,Avery 494,5月
2021-05-12,SO001484,东北,申通,618.84,41.47,-200.84,家具产品,Document Clip Frames,5月
2021-07-26,SO001485,东北,申通,100.41,3.57,-69.91,办公用品,Barrel Sharpener,7月
2021-07-26,SO001486,东北,申通,8101.9875,200.99,2369.844,数码电子,2160i,7月
2021-07-26,SO001487,东北,申通,1313.811,195.99,-457.16,数码电子,A1228,7月
2021-05-02,SO001488,西南,申通,6330.085999999999,205.99,1421.892,数码电子,V70,5月
2021-01-19,SO001489,西南,申通,40.26,4.28,-27.44,办公用品,Xerox 199,1月
2021-09-10,SO001490,华南,申通,95.38,15.99,-36.891999999999996,办公用品,3M Organizer Strips,9月
2021-03-17,SO001491,华南,申通,48.04,6.48,-23.28,办公用品,Xerox 217,3月
2021-07-05,SO001492,华南,申通,19.36,6.78,-11.85,办公用品,Xerox 217,7月
2021-07-05,SO001493,华南,申通,206.27,6.81,-54.441,办公用品,3M Organizer Strips,7月
2021-08-23,SO001494,华南,申通,308.54,19.84,76.42,办公用品,Newell 340,8月
2021-08-19,SO001495,华南,申通,400.57,19.98,93.36,办公用品,Xerox 217,8月
2021-08-24,SO001496,华南,申通,233.39,6.48,-197.39,办公用品,Xerox 1905,8月
2021-12-27,SO001497,华南,申通,2072.12,40.97,365.23,办公用品,Newell 340,12月
2021-12-27,SO001498,华南,申通,151.19,4.71,-13.45,办公用品,"Super Bands, 12/Pack",12月
2021-06-12,SO001499,华东,申通,133.9,43.41,-14.581999999999999,办公用品,3M Organizer Strips,6月
2021-04-06,SO001500,华北,申通,608.21,12.88,-175.13,办公用品,Letter Slitter,4月
2021-04-06,SO001501,华北,申通,570.5285,45.99,3.96,数码电子,600 Series Non-Flip,4月
2021-10-26,SO001502,西北,申通,285.84,15.28,-27.255,办公用品,3M Organizer Strips,10月
2021-10-26,SO001503,西北,申通,12450.48,300.98,3030.16,家具产品,Xerox 1907,10月
2021-11-25,SO001504,西北,申通,2525.9874999999997,125.99,416.673,数码电子,SC7868i,11月
2021-08-23,SO001505,西北,申通,65.42,1.74,-112.92,家具产品,Document Clip Frames,8月
2021-08-23,SO001506,西北,申通,5750.94,119.99,432.98,数码电子,Xerox 193,8月
2021-02-06,SO001507,华东,申通,5149.06,180.98,605.44,家具产品,Phone 918,2月
2021-03-10,SO001508,华东,申通,135.31,5.74,-49.3235,办公用品,Binder Posts,3月
2021-02-10,SO001509,华东,申通,1281.358,115.99,-90.123,数码电子,2160,2月
2021-03-27,SO001510,华东,申通,2040.95,48.91,-1231.87,办公用品,Crate-A-Files™,3月
2021-11-12,SO001511,华东,申通,181.66,17.98,-27.4746,数码电子,Xerox 193,11月
2021-01-03,SO001512,华东,申通,1170.025,95.99,4.221000000000011,数码电子,600 Series Flip,1月
2021-08-13,SO001513,华东,申通,193.11,3.89,-263.764,办公用品,Avery Binder Labels,8月
2021-03-30,SO001514,华东,申通,3449.26,80.97,252.77,数码电子,Xerox 193,3月
2021-11-06,SO001515,华东,申通,677.43,50.98,75.48,家具产品,Document Clip Frames,11月
2021-04-01,SO001516,华南,申通,566.53,60.98,-209.6,家具产品,Phone 918,4月
2021-10-04,SO001517,华南,申通,486.43,30.93,285.35,家具产品,Document Clip Frames,10月
2021-10-04,SO001518,华南,申通,144.95,19.98,10.82,办公用品,Xerox 191,10月
2021-05-14,SO001519,华南,申通,73.36,1.86,-94.95,办公用品,"Super Bands, 12/Pack",5月
2021-05-14,SO001520,华南,申通,3630.146,125.99,951.6780000000001,数码电子,StarTAC ST7868,5月
2021-12-10,SO001521,华南,申通,538.27,18.94,225.199,办公用品,3M Organizer Strips,12月
2021-12-10,SO001522,华南,申通,3665.41,122.99,1236.359,办公用品,3M Organizer Strips,12月
2021-12-10,SO001523,西北,申通,20.95,1.14,2.81,办公用品,OIC Thumb-Tacks,12月
2021-02-24,SO001524,东北,申通,2545.89,138.14,-321.51,办公用品,Crate-A-Files™,2月
2021-05-13,SO001525,东北,申通,8305.19,240.98,1383.32,家具产品,Xerox 1907,5月
2021-05-13,SO001526,西北,申通,251.05,7.31,118.79,办公用品,Avery 498,5月
2021-05-13,SO001527,华南,申通,305.62,8.74,-129.86,办公用品,Grip Seal Envelopes,5月
2021-04-17,SO001528,华南,申通,226.882,125.99,-582.6479999999999,数码电子,M70,4月
2021-09-07,SO001529,华南,申通,158.79,11.7,1.1560000000000001,办公用品,3M Organizer Strips,9月
2021-09-07,SO001530,华南,申通,286.81,7.64,110.05,办公用品,Grip Seal Envelopes,9月
2021-10-23,SO001531,华东,申通,1102.28,23.99,389.61,办公用品,Grip Seal Envelopes,10月
2021-06-24,SO001532,华北,申通,14.49,3.28,-12.58,办公用品,Newell 35,6月
2021-03-25,SO001533,华北,申通,710.86,19.98,196.22,办公用品,Xerox 1936,3月
2021-12-10,SO001534,东北,申通,1991.26,68.81,-528.09,办公用品,Holmes Odor Grabber,12月
2021-12-10,SO001535,华南,申通,10480.272,550.98,2271.68,家具产品,KI Conference Tables,12月
2021-06-09,SO001536,华北,申通,114.53,5.68,-39.23,办公用品,Letter Slitter,6月
2021-06-09,SO001537,华东,申通,7164.7435000000005,205.99,1609.29,数码电子,3285,6月
2021-03-20,SO001538,华北,申通,4620.05,160.98,-229.68,家具产品,Xerox 1907,3月
2021-08-16,SO001539,华南,申通,131.71,6.48,-44.0,办公用品,Xerox 1994,8月
2021-03-15,SO001540,华东,申通,130.38,7.4,31.52,办公用品,Xerox 217,3月
2021-01-17,SO001541,华南,申通,308.52,41.47,-59.85,家具产品,Document Clip Frames,1月
2021-01-17,SO001542,华南,申通,176.5,6.48,-119.72,办公用品,Xerox 210,1月
2021-11-29,SO001543,华南,申通,5188.86,111.03,395.12,办公用品,Crate-A-Files™,11月
2021-10-21,SO001544,西南,申通,182.86,4.82,-106.27,家具产品,Document Clip Frames,10月
2021-05-21,SO001545,华东,申通,398.86,8.85,-26.45,办公用品,3M Organizer Strips,5月
2021-05-21,SO001546,华北,申通,109.18,2.61,37.17,办公用品,Avery 479,5月
2021-05-21,SO001547,华北,申通,28.59,4.98,-14.33,办公用品,Xerox 217,5月
2021-03-30,SO001548,华北,申通,221.66,5.98,-95.17,数码电子,TDK 4.7GB DVD-R,3月
2021-04-09,SO001549,华北,申通,3197.0029999999997,125.99,603.459,数码电子,StarTAC 3000,4月
2021-03-17,SO001550,华北,申通,339.81,43.41,79.5855,办公用品,3M Organizer Strips,3月
2021-12-28,SO001551,东北,申通,1285.55,49.99,-17.03,数码电子,TDK 4.7GB DVD-R,12月
2021-12-28,SO001552,东北,申通,177.67,28.53,39.626999999999995,办公用品,3M Organizer Strips,12月
2021-08-30,SO001553,东北,申通,276.5,10.98,35.72,办公用品,Grip Seal Envelopes,8月
2021-10-30,SO001554,东北,申通,298.57,6.88,74.07,办公用品,Xerox 217,10月
2021-10-30,SO001555,东北,申通,44.32,2.52,-41.55,办公用品,Newell 340,10月
2021-10-30,SO001556,东北,申通,1629.75,415.88,-195.7,办公用品,Crate-A-Files™,10月
2021-10-30,SO001557,东北,申通,261.02,4.98,-94.047,办公用品,3M Organizer Strips,10月
2021-02-09,SO001558,西南,申通,6170.02,179.29,-433.2901430000001,家具产品,KI Conference Tables,2月
2021-05-26,SO001559,华南,申通,2083.0525000000002,65.99,354.96,数码电子,i1000,5月
2021-05-26,SO001560,华南,申通,233.28,4.91,112.35,办公用品,Avery 493,5月
2021-05-26,SO001561,华南,申通,47.01,27.75,-19.32,办公用品,Crate-A-Files™,5月
2021-06-30,SO001562,华南,申通,140.07,8.6,-21.85,办公用品,3M Organizer Strips,6月
2021-10-18,SO001563,华南,申通,157.87,3.28,-115.8,办公用品,Newell 337,10月
2021-03-22,SO001564,华南,申通,1194.96,39.98,107.45,数码电子,TDK 4.7GB DVD-R,3月
2021-03-01,SO001565,华南,申通,866.66,90.97,35.29000000000005,数码电子,Xerox 193,3月
2021-11-16,SO001566,华南,申通,184.33100000000002,35.99,-89.199,数码电子,Accessory41,11月
2021-11-16,SO001567,华南,申通,1223.3795,65.99,83.565,数码电子,i500plus,11月
2021-10-21,SO001568,华南,申通,14.84,4.98,-2.42,办公用品,Avery 498,10月
2021-10-21,SO001569,华南,申通,922.47,119.99,-13.1022,数码电子,Xerox 193,10月
2021-09-10,SO001570,华南,申通,3245.73,110.98,569.57,家具产品,Document Clip Frames,9月
2021-09-10,SO001571,华东,申通,63.02,2.18,-119.66,办公用品,Letter Slitter,9月
2021-09-10,SO001572,华北,申通,6420.87,699.99,-690.21,数码电子,Canon PC940 Copier,9月
2021-09-10,SO001573,华北,申通,2407.6929999999998,110.99,424.143,数码电子,LX 677,9月
2021-09-05,SO001574,华北,申通,128.69,4.55,28.288,办公用品,3M Organizer Strips,9月
2021-07-21,SO001575,华北,申通,12270.3,304.99,4842.3735,办公用品,3M Organizer Strips,7月
2021-08-06,SO001576,华北,申通,109.7,5.98,-106.77,办公用品,Xerox 1895,8月
2021-08-06,SO001577,西北,申通,80.89,2.94,23.37,办公用品,Newell 340,8月
2021-06-22,SO001578,西北,申通,482.91,16.91,-16.59,办公用品,Crate-A-Files™,6月
2021-06-22,SO001579,西北,申通,2969.6365,155.99,383.454,数码电子,CF 688,6月
2021-05-07,SO001580,西北,申通,333.68,16.48,81.96,数码电子,Maxell DVD-RAM Discs,5月
2021-11-24,SO001581,西北,申通,58.64,2.21,4.55,办公用品,Newell 340,11月
2021-11-24,SO001582,华东,申通,136.06,6.37,-33.2235,办公用品,3M Organizer Strips,11月
2021-01-21,SO001583,华东,申通,1554.53,90.48,474.66,办公用品,Grip Seal Envelopes,1月
2021-03-03,SO001584,华东,申通,446.04,10.98,59.041,办公用品,3M Organizer Strips,3月
2021-03-03,SO001585,华东,申通,18421.2,400.98,-969.0483660000001,家具产品,KI Conference Tables,3月
2021-08-01,SO001586,华东,申通,39.68,8.01,-6.71,办公用品,Xerox 217,8月
2021-08-01,SO001587,华东,申通,1273.266,205.99,-615.67,数码电子,Talkabout T8097,8月
2021-04-12,SO001588,华东,申通,1519.9,105.34,399.37,家具产品,Document Clip Frames,4月
2021-08-24,SO001589,华东,申通,102.24,3.69,37.79,办公用品,Avery 487,8月
2021-08-17,SO001590,华东,申通,165.37,6.6,-80.11,数码电子,TDK 4.7GB DVD-R,8月
2021-08-17,SO001591,华东,申通,1785.74,48.04,739.48,家具产品,Document Clip Frames,8月
2021-10-20,SO001592,华东,申通,111.9,6.47,38.03,办公用品,Newell 340,10月
2021-07-04,SO001593,华东,申通,965.69,146.34,-144.198,家具产品,KI Conference Tables,7月
2021-07-02,SO001594,华东,申通,4629.67,99.23,2860.71,家具产品,Document Clip Frames,7月
2021-04-18,SO001595,华南,申通,1350.34,52.99,-517.17,办公用品,Crate-A-Files™,4月
2021-04-18,SO001596,华南,申通,861.26,100.98,-429.86,家具产品,Xerox 1907,4月
2021-04-18,SO001597,华南,申通,1531.411,85.99,365.418,数码电子,Accessory34,4月
2021-11-22,SO001598,华南,申通,1497.3174999999999,35.99,836.505,数码电子,Accessory31,11月
2021-03-15,SO001599,华南,申通,281.84,17.98,-99.55,数码电子,TDK 4.7GB DVD-R,3月
2021-03-15,SO001600,华南,申通,200.75300000000001,125.99,-605.374,数码电子,SC7868i,3月
2021-04-09,SO001601,华南,申通,32.51,35.41,-90.94,数码电子,TDK 4.7GB DVD-R,4月
2021-04-09,SO001602,华南,申通,570.51,16.74,-142.75,办公用品,Crate-A-Files™,4月
2021-09-24,SO001603,华南,申通,243.49,8.32,-45.89,数码电子,TDK 4.7GB DVD-R,9月
2021-09-24,SO001604,华南,申通,1090.4,40.97,146.24,办公用品,Newell 340,9月
2021-02-22,SO001605,华东,申通,65.85,3.28,3.9,办公用品,Newell 329,2月
2021-11-10,SO001606,华南,申通,1154.14,32.98,-36.0,数码电子,TDK 4.7GB DVD-R,11月
2021-11-10,SO001607,华北,申通,223.82,5.98,-249.11,办公用品,Xerox 1895,11月
2021-11-10,SO001608,华北,申通,61.4635,65.99,-261.349,数码电子,Talkabout T8367,11月
2021-11-10,SO001609,东北,申通,122.09,5.18,14.11,办公用品,Array® Memo Cubes,11月
2021-09-04,SO001610,西南,申通,7312.031499999999,175.99,2031.507,数码电子,2180,9月
2021-07-04,SO001611,华南,申通,102.18,19.98,-65.67,数码电子,TDK 4.7GB DVD-R,7月
2021-02-07,SO001612,华南,申通,1650.411,65.99,335.079,数码电子,i1000,2月
2021-07-27,SO001613,华南,申通,1173.5,140.81,53.87,家具产品,Phone 918,7月
2021-01-27,SO001614,华南,申通,6121.1984999999995,205.99,1312.344,数码电子,V70,1月
2021-12-25,SO001615,华南,申通,188.93,7.28,58.32,办公用品,Xerox 217,12月
2021-04-26,SO001616,华南,申通,38.96,4.28,0.3699999999999992,办公用品,Newell 336,4月
2021-08-04,SO001617,西北,申通,3501.79,3502.14,-7838.3346,数码电子,Xerox 193,8月
2021-08-04,SO001618,华东,申通,141.83,15.73,-35.69,办公用品,Letter Slitter,8月
2021-02-05,SO001619,华东,申通,1566.8,500.97,-1044.9222,数码电子,Xerox 193,2月
2021-02-05,SO001620,华南,申通,616.01,21.38,-74.88,办公用品,Newell 340,2月
2021-02-05,SO001621,华南,申通,438.6085,28.99,-56.045,数码电子,CF 688,2月
2021-07-19,SO001622,华南,申通,686.27,40.48,-345.36,数码电子,TDK 4.7GB DVD-R,7月
2021-02-25,SO001623,华南,申通,315.28,99.99,-261.5481,数码电子,Xerox 193,2月
2021-06-03,SO001624,华北,申通,3503.12,145.98,-168.14,家具产品,KI Conference Tables,6月
2021-02-24,SO001625,华北,申通,57.24,1.26,-14.1,办公用品,Bagged Rubber Bands,2月
2021-12-25,SO001626,华北,申通,651.45,17.7,-160.56,办公用品,Crate-A-Files™,12月
2021-06-29,SO001627,华北,申通,311.1,6.88,86.6,办公用品,Xerox 217,6月
2021-06-29,SO001628,华北,申通,452.93,10.97,-172.34,数码电子,TDK 4.7GB DVD-R,6月
2021-09-21,SO001629,华北,申通,54.23,7.28,-16.46,办公用品,Xerox 217,9月
2021-07-28,SO001630,华北,申通,247.21,4.98,-63.72,办公用品,Xerox 217,7月
2021-07-28,SO001631,华北,申通,1541.781,66.99,14.346,数码电子,CF 688,7月
2021-07-31,SO001632,东北,申通,148.34400000000002,150.98,25.20675,家具产品,KI Conference Tables,7月
2021-09-12,SO001633,东北,申通,351.27,15.73,-37.22,办公用品,Letter Slitter,9月
2021-08-14,SO001634,东北,申通,181.5,4.48,-6.24,办公用品,Grip Seal Envelopes,8月
2021-04-20,SO001635,东北,申通,2339.52,54.96,886.03,办公用品,Xerox 1940,4月
2021-04-20,SO001636,西南,申通,533.25,11.97,-88.32,办公用品,Newell 340,4月
2021-07-17,SO001637,华南,申通,4993.42,119.99,190.14,数码电子,Xerox 193,7月
2021-07-17,SO001638,华南,申通,1059.3,115.79,67.59999999999992,数码电子,TDK 4.7GB DVD-R,7月
2021-04-20,SO001639,华南,申通,7319.85,152.48,611.43,数码电子,TDK 4.7GB DVD-R,4月
2021-04-20,SO001640,华南,申通,707.44,24.98,-50.27,办公用品,Crate-A-Files™,4月
2021-09-09,SO001641,华南,申通,40.29,30.42,-82.13,数码电子,TDK 4.7GB DVD-R,9月
2021-09-09,SO001642,华南,申通,775.77,39.98,179.37,办公用品,Grip Seal Envelopes,9月
2021-08-20,SO001643,华南,申通,242.63,12.44,-36.11,办公用品,Crate-A-Files™,8月
2021-07-03,SO001644,华南,申通,5051.89,107.53,1708.84,家具产品,Document Clip Frames,7月
2021-05-23,SO001645,华南,申通,796.14,41.94,320.0675,办公用品,3M Organizer Strips,5月
2021-05-23,SO001646,华南,申通,142.96,4.73,33.59,办公用品,Xerox 217,5月
2021-02-24,SO001647,华北,申通,102.06,6.3,36.23,办公用品,Avery 48,2月
2021-02-24,SO001648,华北,申通,101.82,6.48,-52.55,办公用品,Xerox 214,2月
2021-08-23,SO001649,华北,申通,4729.85,100.97,2014.82,数码电子,Xerox 193,8月
2021-05-25,SO001650,华北,申通,1386.6,280.98,-556.18,家具产品,Phone 918,5月
2021-11-24,SO001651,华北,申通,194.174,20.99,-20.911,数码电子,Accessory25,11月
2021-06-15,SO001652,华北,申通,49.23,1.98,-77.70549999999999,办公用品,3M Organizer Strips,6月
2021-11-10,SO001653,华北,申通,397.84,15.22,-14.7545,办公用品,3M Organizer Strips,11月
2021-06-24,SO001654,华北,申通,73.07,15.7,-41.01,办公用品,Crate-A-Files™,6月
2021-06-24,SO001655,西北,申通,4679.1,179.29,111.52,家具产品,KI Conference Tables,6月
2021-04-07,SO001656,西北,申通,657.94,14.45,7.3525,办公用品,3M Organizer Strips,4月
2021-04-07,SO001657,西北,申通,1270.73,70.98,-425.72,家具产品,Phone 918,4月
2021-03-16,SO001658,华东,申通,109.49,3.38,26.09,办公用品,Newell 340,3月
2021-01-19,SO001659,华东,申通,1684.96,110.98,-553.06,办公用品,Crate-A-Files™,1月
2021-01-19,SO001660,华东,申通,1662.048,212.6,-471.25800000000004,家具产品,KI Conference Tables,1月
2021-01-19,SO001661,华东,申通,11460.76,349.45,4264.82,家具产品,KI Conference Tables,1月
2021-01-03,SO001662,华东,申通,896.49,213.45,-452.2695,数码电子,Xerox 193,1月
2021-04-13,SO001663,华东,申通,210.66,5.18,-145.7165,办公用品,3M Organizer Strips,4月
2021-06-24,SO001664,华东,申通,1660.86,415.88,-164.59,办公用品,Crate-A-Files™,6月
2021-09-27,SO001665,华东,申通,152.26,3.69,64.99,办公用品,Avery 487,9月
2021-06-30,SO001666,华东,申通,135.21,9.27,5.89,办公用品,Xerox 217,6月
2021-06-16,SO001667,华东,申通,2048.5679999999998,205.99,-259.985,数码电子,TimeportP7382,6月
2021-02-06,SO001668,华东,申通,4442.049,200.99,720.954,数码电子,5125,2月
2021-02-04,SO001669,华南,申通,271.06,5.74,-76.6015,办公用品,Binder Posts,2月
2021-02-04,SO001670,华南,申通,58.84,9.48,4.29,家具产品,Document Clip Frames,2月
2021-02-04,SO001671,华南,申通,1211.72,99.23,587.84,家具产品,Document Clip Frames,2月
2021-02-04,SO001672,华南,申通,75.26,7.64,-17.24,办公用品,Xerox 217,2月
2021-02-04,SO001673,华南,申通,407.116,65.99,-289.806,数码电子,iDEN i95,2月
2021-09-19,SO001674,华南,申通,8009.592499999999,200.99,2332.395,数码电子,5125,9月
2021-09-19,SO001675,华南,申通,4689.66,194.3,2176.19,家具产品,Document Clip Frames,9月
2021-11-09,SO001676,华南,申通,49.89,4.98,-30.84,办公用品,Xerox 1897,11月
2021-11-09,SO001677,华南,申通,1831.5289999999998,85.99,-139.975,数码电子,Accessory4,11月
2021-09-11,SO001678,华南,申通,17.59,2.61,10.85,办公用品,Avery 479,9月
2021-09-11,SO001679,华北,申通,308.81,6.35,128.28,办公用品,Xerox 217,9月
2021-12-25,SO001680,华南,申通,4852.05,122.99,-1197.58,家具产品,Phone 918,12月
2021-12-09,SO001681,华南,申通,686.2,18.84,290.2,家具产品,Document Clip Frames,12月
2021-12-09,SO001682,华北,申通,1274.5155,35.99,444.15,数码电子,Accessory41,12月
2021-12-12,SO001683,华北,申通,10341.47,208.16,865.02,家具产品,Phone 918,12月
2021-12-12,SO001684,西北,申通,55.21,24.98,-45.3,家具产品,Phone 918,12月
2021-12-12,SO001685,东北,申通,38.3,3.36,-42.4925,家具产品,Document Clip Frames,12月
2021-03-01,SO001686,华东,申通,3355.1539999999995,195.99,658.5029999999999,数码电子,R380,3月
2021-06-02,SO001687,华东,申通,599.52,17.98,25.14,数码电子,Xerox 193,6月
2021-06-02,SO001688,华南,申通,10330.94,419.19,2914.56,办公用品,Crate-A-Files™,6月
2021-12-14,SO001689,华北,申通,19.0,6.54,-10.7295,办公用品,3M Organizer Strips,12月
2021-12-14,SO001690,东北,申通,8289.51,155.06,3051.62,办公用品,Crate-A-Files™,12月
2021-12-12,SO001691,东北,申通,302.91,124.49,-186.12900000000002,家具产品,KI Conference Tables,12月
2021-12-12,SO001692,东北,申通,842.6134999999999,35.99,-208.428,数码电子,Accessory17,12月
2021-06-25,SO001693,华南,申通,159.51,130.98,-103.63,家具产品,Phone 918,6月
2021-06-25,SO001694,华东,申通,5015.051,200.99,1090.431,数码电子,2160i,6月
2021-12-18,SO001695,华南,申通,117.97,2.88,44.59,办公用品,Avery 49,12月
2021-11-30,SO001696,华南,申通,561.65,180.98,-264.94,家具产品,Phone 918,11月
2021-11-30,SO001697,华南,申通,55.6,3.25,-52.54,办公用品,Holmes Odor Grabber,11月
2021-11-30,SO001698,东北,申通,2431.13,110.98,660.63,家具产品,Document Clip Frames,11月
2021-11-30,SO001699,华南,申通,113.4,3.95,-5.02,办公用品,"Super Bands, 12/Pack",11月
2021-02-14,SO001700,华东,申通,5007.69,114.98,-899.34,家具产品,Xerox 1907,2月
2021-02-14,SO001701,华东,申通,1379.62,31.98,-66.07,办公用品,Crate-A-Files™,2月
2021-10-23,SO001702,华北,申通,2237.76,200.98,151.86,家具产品,Phone 918,10月
2021-10-23,SO001703,华北,申通,20.59,3.98,1.19,办公用品,Newell 340,10月
2021-10-23,SO001704,华北,申通,281.74,14.56,25.67,办公用品,Holmes Odor Grabber,10月
2021-10-23,SO001705,华北,申通,217.35,8.74,-67.19,办公用品,Grip Seal Envelopes,10月
2021-10-23,SO001706,华北,申通,2746.57,178.47,617.4,办公用品,Crate-A-Files™,10月
2021-12-10,SO001707,华北,申通,1212.928,31.76,-1460.77,家具产品,KI Conference Tables,12月
2021-07-06,SO001708,东北,申通,515.65,39.48,123.5,办公用品,Holmes Odor Grabber,7月
2021-12-24,SO001709,东北,申通,3019.41,120.97,1269.05,数码电子,Xerox 193,12月
2021-06-02,SO001710,东北,申通,824.24,26.31,-127.23,数码电子,TDK 4.7GB DVD-R,6月
2021-06-18,SO001711,东北,申通,283.17,8.74,119.64,办公用品,Grip Seal Envelopes,6月
2021-12-20,SO001712,东北,申通,539.21,15.23,11.650950000000002,家具产品,KI Conference Tables,12月
2021-05-11,SO001713,东北,申通,3436.9,92.23,-398.11,家具产品,Document Clip Frames,5月
2021-04-02,SO001714,东北,申通,513.74,15.15,-28.681,办公用品,3M Organizer Strips,4月
2021-04-02,SO001715,华南,申通,36.8,7.38,14.19,家具产品,Document Clip Frames,4月
2021-02-02,SO001716,华南,申通,123.82,29.34,-0.370000000000001,家具产品,Document Clip Frames,2月
2021-03-23,SO001717,华南,申通,36.86,5.81,-32.821,办公用品,3M Organizer Strips,3月
2021-05-28,SO001718,华南,申通,209.53,5.78,-81.06,办公用品,Xerox 1978,5月
2021-05-28,SO001719,华南,申通,225.47,14.97,-29.07,办公用品,Crate-A-Files™,5月
2021-05-28,SO001720,华南,申通,168.66,3.95,-167.06,办公用品,Holmes Odor Grabber,5月
2021-10-18,SO001721,华南,申通,243.05,5.98,-70.85,办公用品,Xerox 1947,10月
2021-08-04,SO001722,华南,申通,2560.59,80.98,670.96,数码电子,TDK 4.7GB DVD-R,8月
2021-08-04,SO001723,华南,申通,189.04,11.35,-74.77,办公用品,Crate-A-Files™,8月
2021-10-24,SO001724,华北,申通,137.84,7.4,34.31,办公用品,Xerox 217,10月
2021-02-18,SO001725,华北,申通,299.01,7.98,-142.86,办公用品,Iris Project Case,2月
2021-10-15,SO001726,西北,申通,22079.47,1938.02,5322.14,数码电子,Xerox 193,10月
2021-12-26,SO001727,西北,申通,536.25,15.99,-166.75,办公用品,3M Organizer Strips,12月
2021-12-26,SO001728,西北,申通,5.73,4.98,-1.84,办公用品,Xerox 217,12月
2021-11-08,SO001729,西北,申通,240.27,7.38,-269.80150000000003,办公用品,3M Organizer Strips,11月
2021-11-08,SO001730,华东,申通,6802.37,284.98,459.5,家具产品,Phone 918,11月
2021-01-31,SO001731,华东,申通,1400.1,39.98,88.68,数码电子,TDK 4.7GB DVD-R,1月
2021-03-12,SO001732,华东,申通,1146.41,73.98,-88.61,数码电子,TDK 4.7GB DVD-R,3月
2021-04-19,SO001733,华东,申通,3662.16,130.98,-372.82,家具产品,Xerox 1907,4月
2021-04-19,SO001734,华东,申通,329.37,15.14,-53.57,办公用品,Crate-A-Files™,4月
2021-12-07,SO001735,华东,申通,356.95,387.99,-228.2405,办公用品,3M Organizer Strips,12月
2021-12-07,SO001736,华东,申通,112.86,6.6,-56.78,数码电子,TDK 4.7GB DVD-R,12月
2021-12-07,SO001737,华南,申通,2063.42,55.98,989.95,办公用品,Xerox 1934,12月
2021-07-07,SO001738,华南,申通,1187.01,137.48,-203.27,家具产品,Xerox 1907,7月
2021-07-10,SO001739,华南,申通,744.0,20.89,215.8,数码电子,TDK 4.7GB DVD-R,7月
2021-07-10,SO001740,华南,申通,388.8665,35.99,103.05,数码电子,Accessory31,7月
2021-08-04,SO001741,华南,申通,1676.44,120.98,607.495,办公用品,3M Organizer Strips,8月
2021-08-04,SO001742,华南,申通,1406.07,100.98,-701.91,家具产品,Xerox 1907,8月
2021-08-04,SO001743,华南,申通,1771.67,59.76,338.95,办公用品,Crate-A-Files™,8月
2021-08-07,SO001744,华南,申通,5407.31,226.67,1068.48,家具产品,Phone 918,8月
2021-02-20,SO001745,华南,申通,3081.33,100.98,-1341.11,家具产品,Xerox 1907,2月
2021-02-20,SO001746,华南,申通,1692.56,40.98,275.5,办公用品,Holmes Odor Grabber,2月
2021-05-13,SO001747,华南,申通,1702.499,125.99,133.452,数码电子,i600,5月
2021-05-24,SO001748,华南,申通,2360.43,80.97,66.22,数码电子,Xerox 193,5月
2021-05-24,SO001749,华南,申通,154.6,6.48,-23.53,办公用品,Xerox 231,5月
2021-03-03,SO001750,华南,申通,74.3,2.08,-129.01,家具产品,Document Clip Frames,3月
2021-06-11,SO001751,华南,申通,5023.2535,125.99,1665.225,数码电子,232,6月
2021-06-16,SO001752,东北,申通,70.33,15.04,1.07,办公用品,Xerox 217,6月
2021-01-13,SO001753,东北,申通,140.72,3.28,-115.53,办公用品,Newell 342,1月
2021-01-13,SO001754,西北,申通,8038.08,172.99,2821.405,办公用品,3M Organizer Strips,1月
2021-10-20,SO001755,西北,申通,1768.9689999999998,65.99,341.1,数码电子,i1000,10月
2021-10-15,SO001756,华东,申通,189.99,12.97,72.8195,办公用品,3M Organizer Strips,10月
2021-12-21,SO001757,华北,申通,2360.98,78.65,611.93,办公用品,Holmes Odor Grabber,12月
2021-12-21,SO001758,华北,申通,182.2,3.75,82.21,办公用品,Avery 496,12月
2021-04-10,SO001759,西南,申通,15.64,3.36,-16.008,办公用品,3M Organizer Strips,4月
2021-04-10,SO001760,华南,申通,1751.08,59.78,587.01,办公用品,3M Organizer Strips,4月
2021-04-10,SO001761,华南,申通,225.37,12.22,77.53,家具产品,Document Clip Frames,4月
2021-02-22,SO001762,华南,申通,107.12,55.98,-54.87,办公用品,Xerox 1908,2月
2021-02-22,SO001763,华南,申通,676.24,26.38,219.78,办公用品,Xerox 1935,2月
2021-02-22,SO001764,华北,申通,3668.6,155.06,993.15,办公用品,Crate-A-Files™,2月
2021-04-27,SO001765,华北,申通,564.85,58.1,181.0245,办公用品,3M Organizer Strips,4月
2021-04-27,SO001766,华南,申通,572.33,39.98,-62.28,数码电子,TDK 4.7GB DVD-R,4月
2021-03-19,SO001767,华北,申通,345.69,15.04,143.23,办公用品,Xerox 217,3月
2021-01-15,SO001768,东北,申通,201.06,8.09,-80.86,家具产品,Document Clip Frames,1月
2021-02-09,SO001769,华北,申通,21506.77,499.99,1260.51,数码电子,Canon PC940 Copier,2月
2021-02-09,SO001770,华北,申通,669.02,20.98,-1274.02,办公用品,Crate-A-Files™,2月
2021-11-20,SO001771,华北,申通,2494.69,58.14,-937.06,家具产品,Xerox 1907,11月
2021-05-29,SO001772,华北,申通,2213.92,105.98,768.34,家具产品,Document Clip Frames,5月
2021-01-07,SO001773,华北,申通,159.41,3.28,34.68,办公用品,Newell 340,1月
2021-08-17,SO001774,华北,申通,2116.62,55.98,745.45,办公用品,Xerox 1882,8月
2021-02-19,SO001775,华北,申通,1486.72,43.98,294.81,办公用品,Newell 340,2月
2021-02-19,SO001776,东北,申通,558.04,12.98,40.32,办公用品,Letter Slitter,2月
2021-03-08,SO001777,东北,申通,25.52,9.65,21.77,家具产品,Document Clip Frames,3月
2021-06-23,SO001778,东北,申通,677.518,20.99,168.219,数码电子,Accessory25,6月
2021-04-08,SO001779,东北,申通,1562.97,42.98,501.59,办公用品,Holmes Odor Grabber,4月
2021-01-17,SO001780,东北,申通,1143.49,30.53,-193.44,办公用品,Avery 498,1月
2021-01-17,SO001781,华南,申通,78.08,1.68,-43.1,办公用品,Newell 323,1月
2021-01-11,SO001782,华南,申通,17.0,2.78,-4.6114999999999995,办公用品,3M Organizer Strips,1月
2021-01-11,SO001783,华南,申通,67.41,4.14,-49.6,家具产品,Document Clip Frames,1月
2021-01-11,SO001784,华南,申通,130.67,6.48,-77.18,办公用品,Xerox 213,1月
2021-01-11,SO001785,华南,申通,77.62,3.28,-50.88,办公用品,Newell 342,1月
2021-02-25,SO001786,华南,申通,383.81,12.21,-21.15,办公用品,Crate-A-Files™,2月
2021-05-25,SO001787,华南,申通,69.06,3.08,28.47,办公用品,Avery 497,5月
2021-05-25,SO001788,华南,申通,84.01,1.81,-4.17,办公用品,"Super Bands, 12/Pack",5月
2021-05-25,SO001789,华南,申通,592.92,16.06,-44.92,办公用品,Crate-A-Files™,5月
2021-12-24,SO001790,华南,申通,761.23,35.89,107.93,办公用品,Grip Seal Envelopes,12月
2021-12-02,SO001791,华南,申通,66.19,2.88,15.84,办公用品,Avery 474,12月
2021-12-02,SO001792,华南,申通,1100.21,22.24,433.59,数码电子,TDK 4.7GB DVD-R,12月
2021-03-11,SO001793,华南,申通,127.49,19.98,-57.95,数码电子,TDK 4.7GB DVD-R,3月
2021-03-01,SO001794,华北,申通,53.33,1.76,-2.44,办公用品,Newell 310,3月
2021-03-01,SO001795,华北,申通,9.37,4.48,-5.26,办公用品,Xerox 217,3月
2021-01-25,SO001796,华北,申通,1532.482,125.99,-42.999,数码电子,5170i,1月
2021-10-04,SO001797,华北,申通,459.26,10.23,-54.12,办公用品,Letter Slitter,10月
2021-07-18,SO001798,华北,申通,141.49,3.69,59.92,办公用品,Avery 487,7月
2021-07-18,SO001799,西北,申通,211.55,6.48,-120.95,办公用品,Xerox 216,7月
2021-05-03,SO001800,西北,申通,627.12,12.64,100.04,家具产品,Document Clip Frames,5月
2021-05-03,SO001801,华东,申通,4096.21,306.14,308.22,数码电子,Xerox 193,5月
2021-10-29,SO001802,华东,申通,302.05,30.98,-58.81,数码电子,TDK 4.7GB DVD-R,10月
2021-10-29,SO001803,华东,申通,3645.45,120.98,-765.5,家具产品,Xerox 1907,10月
2021-09-25,SO001804,华东,申通,63.427,35.99,-191.785,数码电子,Accessory17,9月
2021-08-30,SO001805,华东,申通,5297.47,270.98,-158.93,家具产品,Phone 918,8月
2021-08-30,SO001806,华东,申通,95.3,4.48,29.68,办公用品,Xerox 217,8月
2021-11-24,SO001807,华南,申通,1147.64,22.98,261.87,办公用品,Holmes Odor Grabber,11月
2021-04-24,SO001808,华南,申通,653.92,59.76,52.89,办公用品,Crate-A-Files™,4月
2021-03-05,SO001809,华南,申通,440.39,9.78,186.64,办公用品,Grip Seal Envelopes,3月
2021-03-05,SO001810,华南,申通,96.99,3.28,-66.35,办公用品,Newell 337,3月
2021-06-25,SO001811,华南,申通,44.74,5.74,-20.102,办公用品,Binder Posts,6月
2021-06-25,SO001812,华南,申通,90.78,4.24,-71.84049999999999,办公用品,3M Organizer Strips,6月
2021-04-03,SO001813,华南,申通,2712.07,95.43,-435.56,办公用品,Crate-A-Files™,4月
2021-01-15,SO001814,华南,申通,290.68,6.78,-93.5,办公用品,Xerox 217,1月
2021-04-08,SO001815,华东,申通,1357.53,35.44,562.92,办公用品,Xerox 1932,4月
2021-07-22,SO001816,西南,申通,136.2,3.89,-154.30700000000002,办公用品,Avery Binder Labels,7月
2021-12-04,SO001817,华北,申通,210.06,6.48,-135.0,办公用品,Xerox 210,12月
2021-04-22,SO001818,华北,申通,3387.32,100.98,1413.52,数码电子,TDK 4.7GB DVD-R,4月
2021-04-22,SO001819,华北,申通,187.92,3.25,-2149.8,办公用品,Holmes Odor Grabber,4月
2021-12-14,SO001820,东北,申通,3577.11,114.98,-1620.41,家具产品,Xerox 1907,12月
2021-07-26,SO001821,西北,申通,150.2,9.27,12.97,办公用品,Xerox 217,7月
2021-11-15,SO001822,华东,申通,81.43,6.48,-44.66,办公用品,Xerox 214,11月
2021-11-15,SO001823,华南,申通,883.15,20.34,-1148.19,办公用品,Crate-A-Files™,11月
2021-08-18,SO001824,华南,申通,283.57,37.94,71.21,办公用品,Xerox 217,8月
2021-12-14,SO001825,华南,申通,590.43,12.95,82.5945,办公用品,GBC Binding covers,12月
2021-12-14,SO001826,华东,申通,216.33,24.92,-17.365,办公用品,3M Organizer Strips,12月
2021-03-07,SO001827,华北,申通,1211.0,30.98,-27.99,数码电子,TDK 4.7GB DVD-R,3月
2021-03-07,SO001828,华南,申通,4924.135,205.99,1049.535,数码电子,Talkabout T8097,3月
2021-12-13,SO001829,华北,申通,990.73,30.73,56.39,数码电子,TDK 4.7GB DVD-R,12月
2021-10-19,SO001830,西北,申通,24233.54,599.99,6492.6669999999995,数码电子,Canon PC940 Copier,10月
2021-10-19,SO001831,华南,申通,6325.65,135.99,114.46,家具产品,Phone 918,10月
2021-10-19,SO001832,东北,申通,380.62,179.29,-301.73,家具产品,KI Conference Tables,10月
2021-07-31,SO001833,华南,申通,951.31,68.81,-333.07,办公用品,Holmes Odor Grabber,7月
2021-10-05,SO001834,华南,申通,502.01,39.98,159.73,家具产品,Document Clip Frames,10月
2021-02-11,SO001835,华东,申通,38.93,20.99,-102.432,数码电子,CF 688,2月
2021-11-20,SO001836,华北,申通,187.16,6.75,29.325,办公用品,3M Organizer Strips,11月
2021-05-16,SO001837,西北,申通,513.08,28.53,198.9425,办公用品,3M Organizer Strips,5月
2021-05-16,SO001838,华东,申通,98.8,5.98,-62.0,办公用品,Xerox 217,5月
2021-03-22,SO001839,华东,申通,7312.86,160.98,1279.37,家具产品,Phone 918,3月
2021-03-22,SO001840,华南,申通,605.16,15.98,154.65,数码电子,TDK 4.7GB DVD-R,3月
2021-09-11,SO001841,华南,申通,460.68,10.9,-116.76,办公用品,Crate-A-Files™,9月
2021-09-11,SO001842,华南,申通,318.75849999999997,7.99,-160.952,数码电子,CF 688,9月
2021-05-09,SO001843,华南,申通,763.85,34.98,-126.6,数码电子,TDK 4.7GB DVD-R,5月
2021-05-09,SO001844,华南,申通,12.59,6.3,-5.92,办公用品,Avery 51,5月
2021-08-12,SO001845,华北,申通,9062.44,420.98,3858.2774999999997,办公用品,3M Organizer Strips,8月
2021-08-12,SO001846,华南,申通,1662.57,37.7,674.9935,办公用品,3M Organizer Strips,8月
2021-07-16,SO001847,华东,申通,1020.61,21.66,-209.61,办公用品,Holmes Odor Grabber,7月
2021-07-16,SO001848,华东,申通,243.51,12.99,-159.86,家具产品,Document Clip Frames,7月
2021-07-16,SO001849,华北,申通,755.6,35.44,223.44,办公用品,Xerox 1906,7月
2021-07-16,SO001850,华北,申通,592.73,12.98,75.01,办公用品,Letter Slitter,7月
2021-05-13,SO001851,华北,申通,89.4,2.62,22.22,办公用品,"Super Bands, 12/Pack",5月
2021-09-02,SO001852,华北,申通,116.82,4.77,-42.05,数码电子,TDK 4.7GB DVD-R,9月
2021-09-02,SO001853,华北,申通,483.64,10.98,28.39,办公用品,Letter Slitter,9月
2021-11-15,SO001854,华北,申通,268.34,6.48,-240.83,办公用品,Xerox 224,11月
2021-04-23,SO001855,华北,申通,104.89,3.8,22.8395,办公用品,3M Organizer Strips,4月
2021-11-07,SO001856,华北,申通,4890.58,140.85,310.51,办公用品,Crate-A-Files™,11月
2021-05-06,SO001857,华北,申通,3331.81,179.99,484.15,数码电子,TDK 4.7GB DVD-R,5月
2021-09-21,SO001858,华北,申通,96.04,5.74,-50.75,办公用品,Letter Slitter,9月
2021-07-15,SO001859,华北,申通,66.12,2.88,4.85,办公用品,Newell 346,7月
2021-08-17,SO001860,华北,申通,10714.78,259.71,-627.641157,家具产品,KI Conference Tables,8月
2021-06-15,SO001861,华北,申通,750.03,20.34,-1072.97,办公用品,Crate-A-Files™,6月
2021-02-14,SO001862,华北,申通,256.77,60.65,173.89,家具产品,Document Clip Frames,2月
2021-06-06,SO001863,华北,申通,33.64,8.12,-35.17,数码电子,TDK 4.7GB DVD-R,6月
2021-06-06,SO001864,华北,申通,701.94,23.99,158.91,数码电子,Xerox 193,6月
2021-01-29,SO001865,东北,申通,150.28,4.98,-50.86,办公用品,Xerox 217,1月
2021-10-13,SO001866,东北,申通,971.82,43.98,326.39,数码电子,TDK 4.7GB DVD-R,10月
2021-01-05,SO001867,东北,申通,154.44,4.76,54.62,办公用品,Xerox 217,1月
2021-01-08,SO001868,东北,申通,436.4835,20.99,0.8460000000000012,数码电子,CF 688,1月
2021-10-26,SO001869,东北,申通,106.03,4.13,42.89,办公用品,Avery 506,10月
2021-10-16,SO001870,东北,申通,173.33,52.99,-121.39,办公用品,Crate-A-Files™,10月
2021-10-16,SO001871,东北,申通,972.35,30.73,10.96,数码电子,TDK 4.7GB DVD-R,10月
2021-10-16,SO001872,西南,申通,231.29,4.91,-147.8555,办公用品,3M Organizer Strips,10月
2021-12-04,SO001873,西南,申通,292.96,99.99,-322.95,数码电子,TDK 4.7GB DVD-R,12月
2021-12-04,SO001874,西南,申通,2206.991,205.99,-1.62800000000002,数码电子,i470,12月
2021-12-29,SO001875,华南,申通,176.1,6.78,-75.71,办公用品,Xerox 217,12月
2021-08-18,SO001876,华南,申通,123.15,5.18,22.98,办公用品,Array® Memo Cubes,8月
2021-05-30,SO001877,华南,申通,316.61,7.4,110.34,办公用品,Xerox 217,5月
2021-05-23,SO001878,华南,申通,121.0,3.75,51.21,办公用品,Avery 510,5月
2021-05-23,SO001879,华南,申通,1484.185,65.99,239.24699999999999,数码电子,T193,5月
2021-05-23,SO001880,华南,申通,259.59,8.5,34.79,数码电子,TDK 4.7GB DVD-R,5月
2021-05-23,SO001881,华北,申通,34.93,2.18,-0.05000000000000071,办公用品,Stockwell Push Pins,5月
2021-05-23,SO001882,华北,申通,431.06,12.28,-26.78,办公用品,Crate-A-Files™,5月
2021-03-08,SO001883,华北,申通,3571.84,300.98,403.81,家具产品,Phone 918,3月
2021-03-08,SO001884,华北,申通,310.44,8.74,-90.21,办公用品,Grip Seal Envelopes,3月
2021-08-08,SO001885,华北,申通,27.83,9.71,-22.14,办公用品,Crate-A-Files™,8月
2021-04-10,SO001886,西北,申通,563.18,40.98,67.98,办公用品,Holmes Odor Grabber,4月
2021-04-10,SO001887,西北,申通,47.45,2.88,1.071,办公用品,3M Organizer Strips,4月
2021-12-02,SO001888,西北,申通,16.97,8.34,-8.8,家具产品,Document Clip Frames,12月
2021-12-02,SO001889,西北,申通,4077.7559999999994,110.99,1086.957,数码电子,LX 677,12月
2021-05-17,SO001890,华南,申通,40.11,5.02,-43.71,数码电子,TDK 4.7GB DVD-R,5月
2021-08-29,SO001891,华东,申通,106.1,6.48,-65.67,办公用品,Xerox 217,8月
2021-08-16,SO001892,华东,申通,822.91,49.43,-94.76,办公用品,Holmes Odor Grabber,8月
2021-01-13,SO001893,华东,申通,445.34,145.45,-377.9019,数码电子,Xerox 193,1月
2021-01-13,SO001894,华东,申通,660.99,48.04,267.67,办公用品,Xerox 1910,1月
2021-02-02,SO001895,华东,申通,3152.75,83.1,1166.4,数码电子,TDK 4.7GB DVD-R,2月
2021-02-02,SO001896,华东,申通,3609.88,90.98,-1396.22,家具产品,Document Clip Frames,2月
2021-04-26,SO001897,华东,申通,109.86,3.38,19.04,办公用品,Newell 340,4月
2021-11-18,SO001898,华东,申通,440.6,39.48,2.970000000000013,数码电子,TDK 4.7GB DVD-R,11月
2021-11-18,SO001899,华东,申通,109.9,2.61,48.52,办公用品,Avery 479,11月
2021-11-18,SO001900,华东,申通,315.29,20.34,-361.82,办公用品,Crate-A-Files™,11月
2021-03-10,SO001901,华东,申通,608.93,99.99,-193.9578,数码电子,Xerox 193,3月
2021-04-03,SO001902,华东,申通,2703.37,150.98,-231.6,家具产品,Phone 918,4月
2021-04-03,SO001903,华南,申通,1538.17,38.94,-1119.64,办公用品,Crate-A-Files™,4月
2021-04-18,SO001904,华南,申通,1824.13,39.98,104.51,数码电子,TDK 4.7GB DVD-R,4月
2021-04-18,SO001905,华南,申通,151.38,5.58,-55.61,办公用品,Grip Seal Envelopes,4月
2021-05-01,SO001906,华南,申通,149.0,4.98,-119.48,办公用品,Xerox 1922,5月
2021-05-01,SO001907,华南,申通,334.29,6.48,-157.28,办公用品,Xerox 210,5月
2021-01-22,SO001908,华南,申通,28180.08,880.98,7513.88,家具产品,Xerox 1907,1月
2021-09-30,SO001909,华南,申通,682.77,14.48,165.2,数码电子,TDK 4.7GB DVD+RW,9月
2021-02-24,SO001910,华南,申通,282.61,6.24,-106.36,家具产品,Document Clip Frames,2月
2021-05-23,SO001911,华南,申通,116.37,3.69,57.63,办公用品,Avery 501,5月
2021-09-10,SO001912,华南,申通,209.0,35.44,12.32,办公用品,Xerox 1906,9月
2021-01-01,SO001913,华南,申通,872.48,95.99,-342.91,办公用品,Crate-A-Files™,1月
2021-05-09,SO001914,华南,申通,3617.64,146.34,-354.12520000000006,家具产品,KI Conference Tables,5月
2021-05-09,SO001915,华南,申通,44.08,4.48,6.79,办公用品,Xerox 217,5月
2021-05-21,SO001916,华南,申通,281.71,7.64,117.38,办公用品,Grip Seal Envelopes,5月
2021-10-17,SO001917,华南,申通,2421.44,78.8,-949.09,办公用品,Crate-A-Files™,10月
2021-06-21,SO001918,华南,申通,55.0,6.28,-23.621,办公用品,3M Organizer Strips,6月
2021-06-21,SO001919,华北,申通,51.66,7.64,7.4,办公用品,Grip Seal Envelopes,6月
2021-06-21,SO001920,华北,申通,107.73,3.15,39.81,办公用品,Avery 520,6月
2021-07-13,SO001921,华北,申通,123.93,4.28,11.93,办公用品,Newell 336,7月
2021-04-05,SO001922,东北,申通,1553.38,36.55,180.88,办公用品,Newell 340,4月
2021-08-26,SO001923,东北,申通,597.66,21.66,-178.0,办公用品,Holmes Odor Grabber,8月
2021-08-26,SO001924,华南,申通,1403.741,35.99,622.251,数码电子,Accessory9,8月
2021-08-26,SO001925,华南,申通,1246.3635,155.99,-339.10799999999995,数码电子,LX 788,8月
2021-08-26,SO001926,华南,申通,2050.712,218.75,-381.04,家具产品,KI Conference Tables,8月
2021-04-10,SO001927,西北,申通,501.32,15.99,-119.0825,办公用品,3M Organizer Strips,4月
2021-04-10,SO001928,华东,申通,275.16,11.34,43.35,办公用品,Xerox 188,4月
2021-04-10,SO001929,东北,申通,1302.99,35.44,545.49,办公用品,Xerox 1932,4月
2021-12-01,SO001930,华北,申通,118.06,22.23,2.63,家具产品,Document Clip Frames,12月
2021-12-27,SO001931,华北,申通,55.27,2.89,19.12,办公用品,Avery 498,12月
2021-03-21,SO001932,华北,申通,186.79,6.48,-88.6,办公用品,Xerox 200,3月
2021-12-21,SO001933,华北,申通,2609.53,90.48,911.66,办公用品,Grip Seal Envelopes,12月
2021-08-11,SO001934,华北,申通,37.3,4.84,5.03,办公用品,Newell 340,8月
2021-09-04,SO001935,华北,申通,12979.1,258.98,2820.44,家具产品,Phone 918,9月
2021-04-27,SO001936,华北,申通,1446.97,29.89,531.47,数码电子,TDK 4.7GB DVD-R,4月
2021-04-10,SO001937,华北,申通,89.18,2.94,21.73,办公用品,Newell 340,4月
2021-04-10,SO001938,华北,申通,1540.285,35.99,829.647,数码电子,Accessory23,4月
2021-11-20,SO001939,华北,申通,614.34,14.03,-171.7,办公用品,Crate-A-Files™,11月
2021-10-09,SO001940,华北,申通,901.32,37.94,338.01,办公用品,Xerox 217,10月
2021-10-09,SO001941,华北,申通,207.21,8.57,-78.64,办公用品,Letter Slitter,10月
2021-07-08,SO001942,东北,申通,4332.3,200.97,2066.12,数码电子,Xerox 193,7月
2021-07-08,SO001943,东北,申通,220.09,4.48,-1795.74,办公用品,Holmes Odor Grabber,7月
2021-07-08,SO001944,东北,申通,1220.23,22.84,172.62,办公用品,Xerox 1964,7月
2021-07-08,SO001945,东北,申通,6152.8,225.02,554.55,办公用品,Crate-A-Files™,7月
2021-08-26,SO001946,东北,申通,188.05,6.48,-21.41,办公用品,Xerox 1985,8月
2021-05-31,SO001947,东北,申通,381.24,11.34,67.6,办公用品,Xerox 188,5月
2021-01-23,SO001948,东北,申通,808.673,85.99,-10.67,数码电子,Accessory34,1月
2021-04-04,SO001949,西南,申通,228.46,4.91,112.06,办公用品,Avery 493,4月
2021-04-04,SO001950,华南,申通,77.61,4.0,16.79,办公用品,Xerox 217,4月
2021-09-24,SO001951,华南,申通,2052.82,70.71,-870.61,家具产品,Document Clip Frames,9月
2021-10-11,SO001952,华南,申通,1905.79,39.48,675.65,数码电子,TDK 4.7GB DVD-R,10月
2021-08-01,SO001953,华南,申通,180.27,4.95,-59.71,家具产品,Document Clip Frames,8月
2021-08-01,SO001954,华南,申通,626.96,14.98,-35.92,办公用品,Crate-A-Files™,8月
2021-08-01,SO001955,华南,申通,236.31,11.97,-2.24,办公用品,Holmes Odor Grabber,8月
2021-03-06,SO001956,华南,申通,170.7,6.48,-37.88,数码电子,TDK 4.7GB DVD-R,3月
2021-03-06,SO001957,华南,申通,1839.448,111.96,-742.88,家具产品,KI Conference Tables,3月
2021-07-11,SO001958,华北,申通,1137.62,124.49,-284.68,家具产品,KI Conference Tables,7月
2021-06-06,SO001959,华北,申通,160.68,4.98,77.75,办公用品,Avery 498,6月
2021-03-07,SO001960,华北,申通,27.05,1.82,0.9999999999999993,办公用品,Newell 307,3月
2021-02-20,SO001961,华北,申通,711.1,21.38,241.077,办公用品,3M Organizer Strips,2月
2021-02-20,SO001962,西北,申通,498.16,9.99,40.61,办公用品,Xerox 1948,2月
2021-05-17,SO001963,西北,申通,1837.15,40.97,196.58,办公用品,Newell 340,5月
2021-05-17,SO001964,西北,申通,540.22,101.41,-253.38,办公用品,Crate-A-Files™,5月
2021-05-17,SO001965,西北,申通,2035.3929999999998,55.99,1152.693,数码电子,Accessory32,5月
2021-09-01,SO001966,西北,申通,441.7,22.23,167.18,家具产品,Document Clip Frames,9月
2021-10-06,SO001967,华东,申通,1476.12,44.43,-1401.1712000000002,家具产品,KI Conference Tables,10月
2021-10-20,SO001968,华东,申通,1764.97,130.98,-383.5,家具产品,Xerox 1907,10月
2021-10-20,SO001969,华东,申通,238.34,4.76,-7.36,办公用品,Xerox 217,10月
2021-07-24,SO001970,华东,申通,68.45,50.98,-25.76,办公用品,Holmes Odor Grabber,7月
2021-08-04,SO001971,华东,申通,8218.16,376.13,-774.1448000000001,家具产品,KI Conference Tables,8月
2021-04-06,SO001972,华东,申通,65.16,2.18,-7.04,办公用品,Advantus Push Pins,4月
2021-04-06,SO001973,华东,申通,6532.48,170.98,538.52,家具产品,Xerox 1907,4月
2021-04-06,SO001974,华东,申通,241.9,5.77,-136.7,家具产品,Document Clip Frames,4月
2021-08-14,SO001975,华东,申通,158.78,6.28,-38.38,家具产品,Document Clip Frames,8月
2021-08-14,SO001976,华东,申通,3296.062,85.99,591.9119999999999,数码电子,3395,8月
2021-10-09,SO001977,华南,申通,40.1,30.98,-16.0655,办公用品,3M Organizer Strips,10月
2021-10-09,SO001978,华南,申通,1414.05,34.54,161.483,办公用品,3M Organizer Strips,10月
2021-08-25,SO001979,华南,申通,5.31,1.14,-1.5,办公用品,OIC Thumb-Tacks,8月
2021-05-31,SO001980,华南,申通,103.11,4.18,-95.41,家具产品,Document Clip Frames,5月
2021-05-31,SO001981,华南,申通,1599.071,55.99,296.658,数码电子,Accessory24,5月
2021-05-31,SO001982,华南,申通,968.235,35.99,-158.609,数码电子,Accessory27,5月
2021-03-07,SO001983,华南,申通,351.49,41.94,107.321,办公用品,3M Organizer Strips,3月
2021-03-07,SO001984,华南,申通,74.13,4.28,-69.34,办公用品,Xerox 1927,3月
2021-03-07,SO001985,华南,申通,195.03,4.28,-148.87,办公用品,Xerox 1953,3月
2021-03-12,SO001986,华南,申通,1233.4775,35.99,453.798,数码电子,Accessory41,3月
2021-06-22,SO001987,华南,申通,2433.55,125.99,355.932,数码电子,StarTAC ST7762,6月
2021-06-26,SO001988,华南,申通,676.79,33.29,213.2,数码电子,Verbatim 4.7GB DVD-R,6月
2021-02-12,SO001989,华南,申通,3220.58,150.98,1046.69,数码电子,Xerox 193,2月
2021-02-12,SO001990,华南,申通,2367.99,176.19,320.1,办公用品,Crate-A-Files™,2月
2021-02-16,SO001991,华南,申通,31.18,6.24,-17.16,家具产品,Document Clip Frames,2月
2021-02-16,SO001992,华南,申通,21.99,2.61,4.63,办公用品,Avery 479,2月
2021-07-13,SO001993,华南,申通,2277.03,55.48,964.1,办公用品,Xerox 217,7月
2021-02-17,SO001994,华南,申通,68.88,2.78,1.3090000000000002,办公用品,3M Organizer Strips,2月
2021-06-14,SO001995,华南,申通,263.63,11.55,48.86,办公用品,Newell 309,6月
2021-05-08,SO001996,东北,申通,1078.58,30.73,8.999999999999975,数码电子,TDK 4.7GB DVD-R,5月
2021-02-11,SO001997,东北,申通,454.09,28.15,29.7,办公用品,Newell 340,2月
2021-08-16,SO001998,华东,申通,14.75,3.29,-2.49,办公用品,"Super Bands, 12/Pack",8月
2021-02-12,SO001999,华南,申通,2409.96,80.98,575.1,办公用品,Holmes Odor Grabber,2月
2021-01-06,SO002000,华南,申通,3674.08,150.98,112.44,家具产品,Phone 918,1月
2021-01-06,SO002001,华南,申通,1413.89,28.28,-40.72,办公用品,Crate-A-Files™,1月
2021-01-06,SO002002,华南,申通,61.7185,35.99,-164.043,数码电子,Accessory35,1月
2021-06-13,SO002003,东北,申通,42.22,2.08,-7.728,办公用品,Economy Binders,6月
2021-06-13,SO002004,西北,申通,653.44,160.98,-187.75,家具产品,Phone 918,6月
2021-06-18,SO002005,华东,申通,110.79,10.48,-11.13,办公用品,Newell 340,6月
2021-08-01,SO002006,华东,申通,192.41,6.37,-55.9475,办公用品,3M Organizer Strips,8月
2021-11-18,SO002007,华东,申通,174.55,39.99,-114.39,数码电子,TDK 4.7GB DVD-R,11月
2021-01-31,SO002008,华北,申通,6580.16,200.97,2786.35,数码电子,Xerox 193,1月
2021-04-27,SO002009,华南,申通,10823.84,300.97,3857.43,数码电子,TDK 4.7GB DVD-R,4月
2021-09-10,SO002010,东北,申通,522.06,105.98,319.64,家具产品,Document Clip Frames,9月
2021-09-10,SO002011,西南,申通,1218.08,34.58,99.79,办公用品,Newell 340,9月
2021-10-23,SO002012,华南,申通,5350.61,170.98,-1059.2,家具产品,Xerox 1907,10月
2021-01-31,SO002013,华南,申通,44.05,5.78,-21.77,办公用品,Xerox 1978,1月
2021-01-31,SO002014,西北,申通,3872.38,83.93,1110.35,办公用品,Airmail Envelopes,1月
2021-02-04,SO002015,西北,申通,74.34,2.16,-166.55450000000002,办公用品,3M Organizer Strips,2月
2021-02-04,SO002016,华东,申通,228.8,6.48,-99.08,办公用品,Xerox 21,2月
2021-02-04,SO002017,华北,申通,6089.05,146.05,-2110.56,家具产品,KI Conference Tables,2月
2021-08-04,SO002018,华北,申通,931.1495,110.99,-128.832,数码电子,T18,8月
2021-10-14,SO002019,华北,申通,184.46,160.98,-106.33,家具产品,Phone 918,10月
2021-03-08,SO002020,华北,申通,5610.84,150.98,2366.51,数码电子,Xerox 193,3月
2021-03-08,SO002021,华北,申通,455.34,20.98,-932.55,办公用品,Crate-A-Files™,3月
2021-03-08,SO002022,华北,申通,2329.646,85.99,-310.244,数码电子,Accessory4,3月
2021-02-15,SO002023,华北,申通,4733.88,119.99,239.41,数码电子,Xerox 193,2月
2021-12-01,SO002024,华北,申通,3731.59,89.99,-605.52,家具产品,Phone 918,12月
2021-12-01,SO002025,华北,申通,33367.85,3499.99,3992.52,数码电子,Canon PC940 Copier,12月
2021-12-01,SO002026,东北,申通,1299.91,30.98,439.26,办公用品,Xerox 217,12月
2021-08-30,SO002027,东北,申通,1428.64,54.96,494.26,办公用品,Xerox 1940,8月
2021-05-26,SO002028,东北,申通,823.63,18.65,375.02,家具产品,Document Clip Frames,5月
2021-05-26,SO002029,东北,申通,286.73,6.48,-141.51,办公用品,Xerox 220,5月
2021-05-20,SO002030,东北,申通,214.03,5.78,-138.92,办公用品,Xerox 196,5月
2021-11-14,SO002031,东北,申通,574.99,20.97,-148.87,数码电子,TDK 4.7GB DVD-R,11月
2021-06-24,SO002032,东北,申通,839.7,19.98,211.79,办公用品,Xerox 217,6月
2021-06-24,SO002033,东北,申通,1662.5,34.58,289.02,办公用品,Newell 340,6月
2021-02-05,SO002034,东北,申通,438.47,30.56,157.8875,办公用品,3M Organizer Strips,2月
2021-06-15,SO002035,东北,申通,78.44,5.98,11.0245,办公用品,3M Organizer Strips,6月
2021-09-20,SO002036,西南,申通,3819.42,89.99,-821.87,家具产品,Phone 918,9月
2021-09-20,SO002037,华南,申通,208.78,5.08,24.87,家具产品,Document Clip Frames,9月
2021-04-06,SO002038,华南,申通,1556.61,89.83,-485.55,办公用品,Crate-A-Files™,4月
2021-04-06,SO002039,华南,申通,645.14,13.43,-26.32,办公用品,Crate-A-Files™,4月
2021-04-06,SO002040,华南,申通,4851.5025,125.99,1371.672,数码电子,Timeport L7089,4月
2021-07-18,SO002041,华南,申通,745.99,15.98,226.09,数码电子,TDK 4.7GB DVD-R,7月
2021-10-01,SO002042,华南,申通,245.96,11.29,-33.82,办公用品,Crate-A-Files™,10月
2021-12-02,SO002043,华南,申通,953.0455,35.99,298.467,数码电子,Accessory41,12月
2021-01-10,SO002044,华南,申通,199.12,8.34,73.33,家具产品,Document Clip Frames,1月
2021-01-10,SO002045,华南,申通,63.14,3.28,-53.75,办公用品,Newell 337,1月
2021-08-30,SO002046,华南,申通,320.42,7.68,-66.3665,办公用品,3M Organizer Strips,8月
2021-08-30,SO002047,华北,申通,266.64,7.96,-36.76,家具产品,Document Clip Frames,8月
2021-02-04,SO002048,华北,申通,671.03,14.48,67.864,办公用品,3M Organizer Strips,2月
2021-10-16,SO002049,华北,申通,363.54,22.01,4.75,办公用品,Newell 340,10月
2021-01-24,SO002050,华北,申通,1325.06,35.77,-180.23,数码电子,TDK 4.7GB DVD-R,1月
2021-11-16,SO002051,西北,申通,257.75,4.98,-66.26,办公用品,Xerox 217,11月
2021-11-16,SO002052,西北,申通,39.69,1.68,-1.78,办公用品,Newell 340,11月
2021-11-16,SO002053,西北,申通,5139.882,125.99,1275.669,数码电子,M70,11月
2021-01-09,SO002054,西北,申通,268.94,6.48,-87.52,办公用品,Xerox 221,1月
2021-01-09,SO002055,西北,申通,847.82,20.98,-1348.5,办公用品,Crate-A-Files™,1月
2021-09-05,SO002056,西北,申通,1992.45,48.58,-1609.92,家具产品,Xerox 1907,9月
2021-01-08,SO002057,华东,申通,310.87,20.95,-21.48,数码电子,TDK 4.7GB DVD-R,1月
2021-07-19,SO002058,华东,申通,8532.152,212.6,-513.79042,家具产品,KI Conference Tables,7月
2021-07-19,SO002059,华东,申通,2269.41,70.97,630.18,办公用品,Holmes Odor Grabber,7月
2021-01-05,SO002060,华东,申通,111.48,3.85,29.57,办公用品,Newell 340,1月
2021-01-05,SO002061,华东,申通,2322.812,65.99,454.383,数码电子,5170,1月
2021-08-31,SO002062,华东,申通,42.3,19.23,-25.38,家具产品,Document Clip Frames,8月
2021-03-14,SO002063,华东,申通,2022.05,44.43,33.988949999999996,家具产品,KI Conference Tables,3月
2021-10-09,SO002064,华东,申通,94.86,4.91,39.69,办公用品,Avery 493,10月
2021-10-09,SO002065,华东,申通,744.12,28.15,146.51,办公用品,Newell 340,10月
2021-11-29,SO002066,华东,申通,438.07,10.89,12.06,办公用品,Holmes Odor Grabber,11月
2021-11-29,SO002067,华东,申通,116.37,5.58,-32.6,办公用品,Grip Seal Envelopes,11月
2021-02-14,SO002068,华东,申通,1576.223,65.99,286.119,数码电子,TIMEPORT P8767,2月
2021-01-25,SO002069,华东,申通,9062.73,207.48,3122.78,办公用品,Holmes Odor Grabber,1月
2021-01-25,SO002070,华东,申通,1584.1,58.14,-478.22,家具产品,Xerox 1907,1月
2021-01-09,SO002071,华东,申通,278.902,7.99,-104.467,数码电子,CF 688,1月
2021-02-12,SO002072,华南,申通,103.62,7.31,39.98,办公用品,Avery 498,2月
2021-02-12,SO002073,华南,申通,124.84,6.7,10.56,办公用品,Newell 340,2月
2021-05-11,SO002074,华南,申通,3378.18,599.99,-1352.68,数码电子,Canon PC940 Copier,5月
2021-05-11,SO002075,华南,申通,1443.266,65.99,156.114,数码电子,Talkabout T8367,5月
2021-12-24,SO002076,华南,申通,3800.4,420.98,1234.574,办公用品,3M Organizer Strips,12月
2021-04-28,SO002077,华南,申通,391.23,16.91,-27.98,办公用品,Crate-A-Files™,4月
2021-04-30,SO002078,华南,申通,174.9,3.58,-150.903,办公用品,3M Organizer Strips,4月
2021-04-30,SO002079,华南,申通,103.8,2.23,-150.53,家具产品,Document Clip Frames,4月
2021-04-30,SO002080,华南,申通,2557.51,124.49,-168.48,家具产品,KI Conference Tables,4月
2021-05-06,SO002081,东北,申通,978.4,25.98,-211.58,家具产品,Phone 918,5月
2021-05-06,SO002082,华南,申通,5126.418,125.99,1557.6390000000001,数码电子,i2000,5月
2021-09-27,SO002083,华北,申通,473.9855,95.99,-301.675,数码电子,T60,9月
2021-02-14,SO002084,华南,申通,1003.43,19.98,208.06,办公用品,Xerox 217,2月
2021-02-27,SO002085,华南,申通,1685.941,125.99,21.024,数码电子,StarTAC 6500,2月
2021-05-28,SO002086,华南,申通,647.78,100.98,-144.87,家具产品,Xerox 1907,5月
2021-09-26,SO002087,西北,申通,525.0,10.48,63.5,办公用品,Newell 340,9月
2021-05-17,SO002088,西北,申通,2779.2,80.98,889.57,数码电子,TDK 4.7GB DVD-R,5月
2021-05-17,SO002089,华东,申通,65.21,2.6,-41.6,办公用品,Newell 340,5月
2021-07-22,SO002090,华南,申通,231.35,4.98,-81.86,办公用品,Xerox 217,7月
2021-05-27,SO002091,西南,申通,12043.88,880.98,2011.31,家具产品,Xerox 1907,5月
2021-05-27,SO002092,西北,申通,195.12,13.48,-6.32,办公用品,Crate-A-Files™,5月
2021-07-14,SO002093,华东,申通,898.9,31.78,325.88,数码电子,TDK 4.7GB DVD-R,7月
2021-10-26,SO002094,华东,申通,279.77,34.76,-14.02,办公用品,Crate-A-Files™,10月
2021-10-26,SO002095,华东,申通,154.21,15.23,-160.39,家具产品,KI Conference Tables,10月
2021-02-11,SO002096,华北,申通,8475.962,205.99,2497.941,数码电子,Talkabout T8097,2月
2021-02-11,SO002097,华北,申通,3015.4939999999997,205.99,251.541,数码电子,TimeportP7382,2月
2021-12-21,SO002098,华北,申通,1200.13,28.15,-7.8,办公用品,Newell 340,12月
2021-12-21,SO002099,华北,申通,229.43,7.78,61.09,办公用品,Grip Seal Envelopes,12月
2021-02-10,SO002100,华北,申通,633.13,58.14,-203.9,家具产品,Xerox 1907,2月
2021-11-25,SO002101,华北,申通,306.77,6.24,-102.06,家具产品,Document Clip Frames,11月
2021-12-04,SO002102,华北,申通,410.35,9.11,114.02,办公用品,Xerox 217,12月
2021-03-06,SO002103,华北,申通,1681.6,39.99,167.37,数码电子,TDK 4.7GB DVD-R,3月
2021-08-20,SO002104,东北,申通,1378.72,122.99,-640.6,家具产品,Phone 918,8月
2021-11-28,SO002105,东北,申通,941.4,35.44,369.48,办公用品,Xerox 1932,11月
2021-10-04,SO002106,东北,申通,1548.43,63.94,622.89,家具产品,Document Clip Frames,10月
2021-10-04,SO002107,东北,申通,54.84,5.02,-56.3,数码电子,TDK 4.7GB DVD-R,10月
2021-11-09,SO002108,东北,申通,207.01,5.78,-36.9,办公用品,Xerox 1899,11月
2021-01-15,SO002109,东北,申通,3753.42,80.98,1276.25,数码电子,TDK 4.7GB DVD-R,1月
2021-01-15,SO002110,东北,申通,1130.79,48.91,468.19,办公用品,Xerox 1917,1月
2021-03-29,SO002111,东北,申通,109.43,4.82,21.7685,办公用品,3M Organizer Strips,3月
2021-11-03,SO002112,东北,申通,460.43,12.28,-76.18,办公用品,Crate-A-Files™,11月
2021-01-27,SO002113,东北,申通,283.58,6.64,-14.23,家具产品,Document Clip Frames,1月
2021-01-27,SO002114,华南,申通,5403.37,145.45,948.79,数码电子,Xerox 193,1月
2021-01-27,SO002115,华南,申通,82.15,2.21,-6.33,办公用品,Newell 327,1月
2021-08-27,SO002116,华南,申通,2066.16,40.99,372.36,办公用品,Xerox 1893,8月
2021-12-14,SO002117,华南,申通,230.72,20.95,-68.76,数码电子,TDK 4.7GB DVD-R,12月
2021-12-14,SO002118,华南,申通,293.47,6.48,-205.38,办公用品,Xerox 212,12月
2021-12-14,SO002119,华北,申通,88.7,2.52,-89.13,办公用品,Newell 340,12月
2021-12-14,SO002120,华北,申通,262.78,10.98,19.36,办公用品,Letter Slitter,12月
2021-12-14,SO002121,华北,申通,142.15,14.03,-58.18,办公用品,Crate-A-Files™,12月
2021-12-17,SO002122,西北,申通,970.47,81.32,192.38,办公用品,Holmes Odor Grabber,12月
2021-11-19,SO002123,西北,申通,5203.9,300.98,636.2,家具产品,Phone 918,11月
2021-11-19,SO002124,西北,申通,744.12,20.98,-1163.21,办公用品,Crate-A-Files™,11月
2021-04-04,SO002125,西北,申通,330.22,15.28,-51.7155,办公用品,3M Organizer Strips,4月
2021-03-18,SO002126,华东,申通,356.4645,20.99,-9.107999999999999,数码电子,CF 688,3月
2021-07-09,SO002127,华东,申通,1340.93,39.98,154.16,家具产品,Document Clip Frames,7月
2021-03-17,SO002128,华东,申通,4605.36,243.98,678.26,家具产品,Phone 918,3月
2021-03-17,SO002129,华东,申通,1753.51,39.98,155.72,家具产品,Document Clip Frames,3月
2021-11-04,SO002130,华东,申通,5287.16,150.98,-769.05,家具产品,Xerox 1907,11月
2021-03-12,SO002131,华东,申通,2185.9535,125.99,268.011,数码电子,StarTAC ST7868,3月
2021-03-12,SO002132,华东,申通,1323.5434999999998,125.99,-34.727000000000004,数码电子,M3682,3月
2021-04-09,SO002133,华东,申通,341.42,10.91,71.50200000000001,办公用品,3M Organizer Strips,4月
2021-04-09,SO002134,华东,圆通,381.39,12.07,31.24,家具产品,Document Clip Frames,4月
2021-11-17,SO002135,华东,圆通,3581.52,1270.99,-408.2155,办公用品,3M Organizer Strips,11月
2021-11-17,SO002136,华南,圆通,90.15,7.31,33.05,办公用品,Avery 498,11月
2021-01-31,SO002137,华南,圆通,257.91,6.98,90.86,办公用品,Xerox 217,1月
2021-07-25,SO002138,华南,圆通,2389.3,128.24,589.38,家具产品,Phone 918,7月
2021-07-25,SO002139,华南,圆通,222.258,35.99,-77.90199999999999,数码电子,Accessory13,7月
2021-08-07,SO002140,华南,圆通,6216.6,161.55,1082.21,办公用品,Crate-A-Files™,8月
2021-02-08,SO002141,华南,圆通,229.88,5.28,-75.25,办公用品,Xerox 217,2月
2021-09-13,SO002142,华南,圆通,101.13,4.54,-74.405,办公用品,3M Organizer Strips,9月
2021-09-13,SO002143,华南,圆通,526.45,28.48,-108.14,数码电子,TDK 4.7GB DVD-R,9月
2021-04-27,SO002144,华南,圆通,1014.87,29.89,319.52,数码电子,TDK 4.7GB DVD-R,4月
2021-05-30,SO002145,华南,圆通,321.71,52.4,-2.7254999999999887,办公用品,3M Organizer Strips,5月
2021-09-17,SO002146,华南,圆通,765.96,31.78,240.06,数码电子,TDK 4.7GB DVD-R,9月
2021-02-06,SO002147,华南,圆通,223.33,4.98,-111.89,数码电子,TDK 4.7GB DVD-R,2月
2021-02-06,SO002148,华南,圆通,1178.04,40.98,-53.81,数码电子,TDK 4.7GB DVD-R,2月
2021-02-06,SO002149,华南,圆通,121.94,2.6,-51.3,办公用品,Newell 340,2月
2021-05-13,SO002150,华南,圆通,3988.0894999999996,125.99,969.858,数码电子,V3682,5月
2021-05-13,SO002151,华南,圆通,2202.45,284.98,-51.280000000000086,家具产品,Phone 918,5月
2021-05-13,SO002152,华南,圆通,2514.5125,65.99,601.65,数码电子,T193,5月
2021-07-25,SO002153,华南,圆通,2896.14,99.99,366.63,数码电子,TDK 4.7GB DVD-R,7月
2021-02-09,SO002154,华南,圆通,1444.96,29.1,-6.34,数码电子,TDK 4.7GB DVD-R,2月
2021-02-09,SO002155,华南,圆通,941.6215,110.99,-186.67,数码电子,LX 677,2月
2021-02-26,SO002156,西南,圆通,862.64,43.41,320.807,办公用品,3M Organizer Strips,2月
2021-07-24,SO002157,华北,圆通,293.3,5.98,-193.48,办公用品,Xerox 1920,7月
2021-01-18,SO002158,东北,圆通,901.374,205.99,-648.6479999999999,数码电子,V70,1月
2021-05-11,SO002159,东北,圆通,156.82,5.68,-37.62,办公用品,Letter Slitter,5月
2021-06-06,SO002160,东北,圆通,426.34,12.58,73.53,家具产品,Document Clip Frames,6月
2021-03-23,SO002161,西南,圆通,386.71,30.98,-84.12,数码电子,TDK 4.7GB DVD-R,3月
2021-03-23,SO002162,华南,圆通,134.06,4.13,5.98,办公用品,Newell 31,3月
2021-08-04,SO002163,华北,圆通,50.93,5.28,-34.98,办公用品,Xerox 1928,8月
2021-08-04,SO002164,华北,圆通,792.8,18.97,26.27,办公用品,Xerox 1939,8月
2021-08-04,SO002165,华东,圆通,782.4504999999999,65.99,-11.395999999999999,数码电子,StarTAC 7760,8月
2021-06-28,SO002166,华东,圆通,123.13,3.29,20.57,办公用品,"Super Bands, 12/Pack",6月
2021-06-28,SO002167,西北,圆通,1425.21,160.98,-65.02,家具产品,Phone 918,6月
2021-09-24,SO002168,华北,圆通,35.51,1.68,-13.95,办公用品,Newell 323,9月
2021-09-24,SO002169,华南,圆通,1105.66,28.28,-136.2,办公用品,Crate-A-Files™,9月
2021-08-25,SO002170,西北,圆通,8581.25,240.98,1464.23,家具产品,Xerox 1907,8月
2021-08-25,SO002171,华南,圆通,135.99,6.48,-129.24,办公用品,Xerox 1993,8月
2021-10-04,SO002172,华南,圆通,2182.91,60.22,549.45,办公用品,Holmes Odor Grabber,10月
2021-10-04,SO002173,华北,圆通,1144.35,80.98,-448.6,办公用品,Crate-A-Files™,10月
2021-10-04,SO002174,东北,圆通,1496.83,179.29,-329.72,家具产品,KI Conference Tables,10月
2021-10-02,SO002175,华南,圆通,7937.59,300.98,1383.24,家具产品,Xerox 1907,10月
2021-10-02,SO002176,华北,圆通,9396.41,2550.14,-4991.4249,数码电子,Xerox 193,10月
2021-04-09,SO002177,西南,圆通,3400.63,70.98,-892.79,家具产品,Xerox 1907,4月
2021-12-04,SO002178,华南,圆通,102.9,48.58,-81.89,家具产品,Xerox 1907,12月
2021-07-05,SO002179,华南,圆通,2510.71,49.43,3.5999999999999943,办公用品,Holmes Odor Grabber,7月
2021-10-15,SO002180,华南,圆通,2123.64,47.9,1013.77,办公用品,Xerox 1938,10月
2021-01-27,SO002181,华南,圆通,100.87,2.94,8.4,办公用品,Newell 338,1月
2021-01-27,SO002182,华北,圆通,1863.02,43.98,360.63,办公用品,Newell 340,1月
2021-01-27,SO002183,华东,圆通,55.89,1.14,-3.05,办公用品,OIC Thumb-Tacks,1月
2021-01-18,SO002184,华东,圆通,5405.44,300.98,604.46,家具产品,Phone 918,1月
2021-03-21,SO002185,华东,圆通,838.81,55.48,290.77,办公用品,Xerox 217,3月
2021-08-15,SO002186,华南,圆通,189.6,4.98,89.65,办公用品,Avery 498,8月
2021-08-15,SO002187,华南,圆通,397.732,20.99,-26.048,数码电子,Accessory15,8月
2021-05-06,SO002188,华南,圆通,43.23,3.98,-29.532,办公用品,3M Organizer Strips,5月
2021-04-13,SO002189,华南,圆通,71.77,3.78,22.71,办公用品,Staples Bulldog Clip,4月
2021-09-03,SO002190,东北,圆通,824.51,27.48,0.8999999999999844,数码电子,TDK 4.7GB DVD-R,9月
2021-03-30,SO002191,华南,圆通,2339.64,71.37,-1916.71,家具产品,KI Conference Tables,3月
2021-12-14,SO002192,华南,圆通,126.88,3.7,12.63,家具产品,Document Clip Frames,12月
2021-12-14,SO002193,华南,圆通,906.64,22.38,-148.925,办公用品,3M Organizer Strips,12月
2021-12-14,SO002194,华北,圆通,882.96,19.98,11.65,数码电子,TDK 4.7GB DVD-R,12月
2021-12-14,SO002195,西北,圆通,58.14,20.99,-96.25,数码电子,CF 688,12月
2021-05-01,SO002196,西北,圆通,528.6,11.7,52.5895,办公用品,3M Organizer Strips,5月
2021-05-01,SO002197,华东,圆通,107.41,4.55,20.6805,办公用品,3M Organizer Strips,5月
2021-10-30,SO002198,华南,圆通,5198.12,100.98,1481.67,办公用品,Holmes Odor Grabber,10月
2021-10-30,SO002199,华北,圆通,188.53,7.35,-27.49,办公用品,Xerox 217,10月
2021-10-30,SO002200,华北,圆通,718.41,40.99,23.94,办公用品,Xerox 1893,10月
2021-11-04,SO002201,华北,圆通,275.06,7.28,-237.87,办公用品,Xerox 217,11月
2021-10-27,SO002202,华北,圆通,124.01,3.28,-109.02,办公用品,Newell 342,10月
2021-10-27,SO002203,华北,圆通,1836.84,40.97,129.95,办公用品,Newell 340,10月
2021-09-27,SO002204,华北,圆通,2174.96,264.98,-223.89450000000002,数码电子,Xerox 193,9月
2021-04-11,SO002205,东北,圆通,1837.44,48.58,-1414.41,家具产品,Xerox 1907,4月
2021-04-11,SO002206,东北,圆通,3722.29,105.98,950.68,家具产品,Document Clip Frames,4月
2021-04-11,SO002207,东北,圆通,28.05,7.04,-5.41,办公用品,Xerox 217,4月
2021-11-06,SO002208,东北,圆通,311.44,9.78,74.07,数码电子,TDK 4.7GB DVD-R,11月
2021-11-06,SO002209,东北,圆通,215.65,12.22,77.38,家具产品,Document Clip Frames,11月
2021-12-10,SO002210,东北,圆通,951.09,58.14,-246.32,家具产品,Xerox 1907,12月
2021-08-14,SO002211,东北,圆通,2172.515,175.99,32.751,数码电子,2180,8月
2021-08-09,SO002212,东北,圆通,10.33,2.98,-3.86,办公用品,"Super Bands, 12/Pack",8月
2021-08-09,SO002213,东北,圆通,14.39,5.81,-10.24,办公用品,"Super Bands, 12/Pack",8月
2021-12-24,SO002214,东北,圆通,51.03,6.81,-21.3785,办公用品,3M Organizer Strips,12月
2021-12-05,SO002215,东北,圆通,436.98,12.64,75.61,家具产品,Document Clip Frames,12月
2021-01-05,SO002216,东北,圆通,2160.27,80.98,-818.32,办公用品,Crate-A-Files™,1月
2021-01-05,SO002217,东北,圆通,169.22,5.81,-165.1055,办公用品,3M Organizer Strips,1月
2021-01-05,SO002218,西南,圆通,1319.421,155.99,-268.873,数码电子,I888 World Phone,1月
2021-01-05,SO002219,华南,圆通,550.93,17.7,-141.6,办公用品,Crate-A-Files™,1月
2021-05-16,SO002220,华南,圆通,121.12,43.98,-118.82,数码电子,TDK 4.7GB DVD-R,5月
2021-07-20,SO002221,华南,圆通,6933.45,449.99,1200.205,数码电子,Canon PC940 Copier,7月
2021-07-20,SO002222,华南,圆通,54.99,4.0,8.07,办公用品,Xerox 217,7月
2021-01-19,SO002223,华南,圆通,42.21,2.88,18.21,办公用品,Avery 474,1月
2021-07-21,SO002224,华南,圆通,480.43,14.98,50.59,家具产品,Document Clip Frames,7月
2021-07-21,SO002225,华南,圆通,1001.99,24.95,333.5315,办公用品,3M Organizer Strips,7月
2021-03-07,SO002226,华南,圆通,226.18,4.82,-115.54,家具产品,Document Clip Frames,3月
2021-12-13,SO002227,华南,圆通,13255.93,500.98,4089.27,家具产品,Phone 918,12月
2021-07-15,SO002228,华南,圆通,217.14,6.48,-62.97,办公用品,Xerox 1894,7月
2021-07-15,SO002229,华南,圆通,426.7,19.84,104.77,办公用品,Newell 340,7月
2021-05-08,SO002230,华北,圆通,2968.66,63.94,1077.49,家具产品,Document Clip Frames,5月
2021-10-27,SO002231,华北,圆通,519.96,21.38,169.439,办公用品,3M Organizer Strips,10月
2021-09-25,SO002232,华北,圆通,3083.04,200.97,872.13,数码电子,Xerox 193,9月
2021-09-25,SO002233,华北,圆通,27.96,14.89,-9.13,家具产品,Document Clip Frames,9月
2021-11-19,SO002234,西北,圆通,21921.28,500.98,10521.33,数码电子,Xerox 193,11月
2021-07-23,SO002235,西北,圆通,514.86,10.89,-53.18,办公用品,Holmes Odor Grabber,7月
2021-07-28,SO002236,西北,圆通,2692.6895,65.99,768.321,数码电子,6162i,7月
2021-07-28,SO002237,西北,圆通,151.19,3.78,60.63,办公用品,Staples Bulldog Clip,7月
2021-01-03,SO002238,西北,圆通,3353.54,162.93,1189.96,办公用品,Multimedia Mailers,1月
2021-01-03,SO002239,西北,圆通,69.38,2.52,-70.73,办公用品,Newell 340,1月
2021-01-03,SO002240,华东,圆通,2354.15,90.97,774.79,数码电子,Xerox 193,1月
2021-07-22,SO002241,华东,圆通,136.68,30.73,-125.16,数码电子,TDK 4.7GB DVD-R,7月
2021-07-22,SO002242,华东,圆通,1452.48,62.18,376.52,家具产品,Document Clip Frames,7月
2021-07-22,SO002243,华东,圆通,3555.29,193.17,183.28,办公用品,Crate-A-Files™,7月
2021-01-31,SO002244,华东,圆通,78.51,2.18,-10.06,办公用品,Advantus Push Pins,1月
2021-04-09,SO002245,华东,圆通,300.2,34.76,6.410000000000011,办公用品,Crate-A-Files™,4月
2021-04-09,SO002246,华东,圆通,1364.8025,55.99,-183.678,数码电子,Accessory36,4月
2021-10-07,SO002247,华东,圆通,2435.5135,125.99,315.486,数码电子,V3682,10月
2021-10-20,SO002248,华东,圆通,14521.39,320.98,5034.15,家具产品,Phone 918,10月
2021-10-20,SO002249,华东,圆通,3925.9714999999997,125.99,671.9490000000001,数码电子,StarTAC 6500,10月
2021-10-26,SO002250,华东,圆通,218.71,9.11,67.23,办公用品,Xerox 217,10月
2021-10-26,SO002251,华东,圆通,103.68,5.28,-58.16,办公用品,Xerox 1972,10月
2021-05-28,SO002252,华东,圆通,550.29,17.7,-82.5,办公用品,Crate-A-Files™,5月
2021-03-29,SO002253,华东,圆通,1068.7,40.98,-89.5,数码电子,TDK 4.7GB DVD-R,3月
2021-03-29,SO002254,华东,圆通,568.7435,35.99,143.793,数码电子,Accessory9,3月
2021-02-27,SO002255,华南,圆通,13.3,7.31,-7.86,办公用品,Avery 498,2月
2021-02-27,SO002256,华东,圆通,3379.01,130.98,-801.09,家具产品,Xerox 1907,2月
2021-02-27,SO002257,华南,圆通,687.52,48.91,223.76,办公用品,Xerox 1891,2月
2021-02-27,SO002258,华南,圆通,4538.66,111.03,506.86,办公用品,Crate-A-Files™,2月
2021-09-04,SO002259,华南,圆通,2506.38,124.49,-500.45710000000014,家具产品,KI Conference Tables,9月
2021-05-05,SO002260,华南,圆通,102.73,5.98,16.33,办公用品,Grip Seal Envelopes,5月
2021-07-06,SO002261,华南,圆通,9.69,4.98,-6.78,办公用品,Xerox 1949,7月
2021-07-06,SO002262,华南,圆通,331.99,7.08,45.31,办公用品,Newell 340,7月
2021-11-13,SO002263,华南,圆通,14960.096,400.98,-969.0483660000001,家具产品,KI Conference Tables,11月
2021-01-01,SO002264,东北,圆通,62.84,5.18,9.53,办公用品,Array® Memo Cubes,1月
2021-07-17,SO002265,东北,圆通,5610.612,125.99,2040.8670000000002,数码电子,V2397,7月
2021-07-17,SO002266,华北,圆通,426.64,12.22,96.95,家具产品,Document Clip Frames,7月
2021-04-08,SO002267,华南,圆通,894.64,27.42,-27.79,家具产品,Document Clip Frames,4月
2021-10-20,SO002268,华北,圆通,1856.9695,125.99,176.868,数码电子,M3682,10月
2021-10-01,SO002269,华北,圆通,7156.56,142.86,1871.26,办公用品,Letter Size Cart,10月
2021-05-10,SO002270,华东,圆通,1538.33,39.48,471.35,数码电子,TDK 4.7GB DVD-R,5月
2021-05-10,SO002271,华东,圆通,147.46,3.71,14.13,办公用品,Xerox 217,5月
2021-07-30,SO002272,华东,圆通,113.25,6.48,-43.43,办公用品,Xerox 1966,7月
2021-08-02,SO002273,华东,圆通,157.94,22.98,9.15,办公用品,Holmes Odor Grabber,8月
2021-05-14,SO002274,华南,圆通,1343.6,35.89,137.86,办公用品,Grip Seal Envelopes,5月
2021-05-14,SO002275,华北,圆通,35.28,3.34,-39.07,办公用品,Newell 340,5月
2021-03-24,SO002276,华北,圆通,86.38,10.98,-12.61,办公用品,Letter Slitter,3月
2021-08-04,SO002277,华北,圆通,241.19,5.78,-103.65,办公用品,Xerox 1978,8月
2021-10-09,SO002278,华南,圆通,272.01,6.48,-42.45,办公用品,Xerox 23,10月
2021-10-09,SO002279,华南,圆通,171.5,10.23,-20.41,办公用品,Letter Slitter,10月
2021-08-05,SO002280,华北,圆通,128.21,6.48,-55.13,办公用品,Xerox 20,8月
2021-05-15,SO002281,华北,圆通,73.5,5.98,5.71,办公用品,Grip Seal Envelopes,5月
2021-07-22,SO002282,华北,圆通,252.79,30.56,58.225,办公用品,3M Organizer Strips,7月
2021-08-23,SO002283,华北,圆通,134.42,2.88,9.34,办公用品,Newell 340,8月
2021-05-11,SO002284,华北,圆通,94.39,7.1,-29.486,办公用品,3M Organizer Strips,5月
2021-12-06,SO002285,华北,圆通,87.23,5.4,-69.529,办公用品,3M Organizer Strips,12月
2021-02-18,SO002286,东北,圆通,3089.06,56.96,719.26,办公用品,Holmes Odor Grabber,2月
2021-02-18,SO002287,东北,圆通,20265.22,442.14,6168.64,数码电子,Xerox 193,2月
2021-09-03,SO002288,东北,圆通,1642.43,150.89,-423.2,家具产品,Phone 918,9月
2021-09-29,SO002289,东北,圆通,80.29,18.97,-6.57,办公用品,Xerox 1887,9月
2021-09-29,SO002290,东北,圆通,2628.9224999999997,85.99,832.194,数码电子,Accessory34,9月
2021-06-10,SO002291,东北,圆通,158.97,4.18,-30.268,办公用品,3M Organizer Strips,6月
2021-06-10,SO002292,东北,圆通,138.96,2.88,19.87,办公用品,Newell 340,6月
2021-05-09,SO002293,东北,圆通,50.97,5.16,4.45,办公用品,Newell 340,5月
2021-05-09,SO002294,东北,圆通,4.99,3.68,-3.06,办公用品,Letter Slitter,5月
2021-02-18,SO002295,东北,圆通,10554.63,355.98,1240.25,家具产品,Phone 918,2月
2021-02-18,SO002296,西南,圆通,1749.64,218.75,-533.2320000000001,家具产品,KI Conference Tables,2月
2021-02-05,SO002297,华南,圆通,75.19,3.28,-59.12,家具产品,Document Clip Frames,2月
2021-02-05,SO002298,华南,圆通,3028.86,71.37,-2595.6502000000005,家具产品,KI Conference Tables,2月
2021-12-12,SO002299,华南,圆通,63.96,1.88,-13.708,办公用品,3M Organizer Strips,12月
2021-12-12,SO002300,华南,圆通,177.23,8.14,4.94,办公用品,Newell 340,12月
2021-10-01,SO002301,华南,圆通,6766.856,320.64,-774.8906880000001,家具产品,KI Conference Tables,10月
2021-10-10,SO002302,华南,圆通,659.13,35.94,187.57,办公用品,Grip Seal Envelopes,10月
2021-02-13,SO002303,华南,圆通,3699.22,80.97,565.18,数码电子,Xerox 193,2月
2021-02-13,SO002304,华南,圆通,48.93,6.48,-38.72,办公用品,Xerox 1997,2月
2021-12-24,SO002305,华南,圆通,51.14,1.74,-81.96,家具产品,Document Clip Frames,12月
2021-07-27,SO002306,华南,圆通,652.33,113.98,-227.51,家具产品,Phone 918,7月
2021-05-10,SO002307,华南,圆通,1209.1680000000001,44.43,-1052.79,家具产品,KI Conference Tables,5月
2021-03-02,SO002308,华南,圆通,7640.224999999999,205.99,2027.682,数码电子,V70,3月
2021-04-11,SO002309,华南,圆通,312.63,7.31,167.3,办公用品,Avery 498,4月
2021-04-11,SO002310,华南,圆通,441.4,10.06,146.04,办公用品,Xerox 217,4月
2021-04-29,SO002311,华南,圆通,1959.43,42.98,467.72,办公用品,Holmes Odor Grabber,4月
2021-04-29,SO002312,华南,圆通,14072.64,355.98,2177.54,家具产品,Phone 918,4月
2021-03-19,SO002313,华北,圆通,936.8019999999999,28.99,-12.078000000000001,数码电子,CF 688,3月
2021-11-08,SO002314,华北,圆通,6481.95,243.98,846.23,家具产品,Phone 918,11月
2021-06-27,SO002315,华北,圆通,1943.72,41.47,-1003.58,家具产品,Document Clip Frames,6月
2021-06-27,SO002316,华北,圆通,18.37,2.78,-4.06,办公用品,Newell 340,6月
2021-06-27,SO002317,华北,圆通,6175.777,155.99,1881.5759999999998,数码电子,T39m,6月
2021-10-06,SO002318,华北,圆通,24.36,6.48,-13.01,办公用品,Xerox 1994,10月
2021-04-24,SO002319,西北,圆通,5549.79,145.45,1300.8,数码电子,Xerox 193,4月
2021-04-25,SO002320,西北,圆通,3.96,1.14,-1.72,办公用品,OIC Thumb-Tacks,4月
2021-06-20,SO002321,西北,圆通,1390.49,90.48,366.8,办公用品,Grip Seal Envelopes,6月
2021-09-30,SO002322,西北,圆通,157.97,22.84,-42.38,办公用品,Xerox 1982,9月
2021-07-25,SO002323,西北,圆通,101.47,10.89,-18.64,办公用品,Holmes Odor Grabber,7月
2021-01-06,SO002324,华东,圆通,37.06,2.1,0.6099999999999994,办公用品,Newell 340,1月
2021-09-28,SO002325,华东,圆通,1737.06,39.98,339.17,家具产品,Document Clip Frames,9月
2021-12-26,SO002326,华东,圆通,95.71,2.61,32.81,办公用品,Avery 479,12月
2021-11-22,SO002327,华东,圆通,2469.15,48.94,1244.81,办公用品,Xerox 1916,11月
2021-04-20,SO002328,华东,圆通,302.59,6.68,-124.44,办公用品,Xerox 217,4月
2021-04-20,SO002329,华东,圆通,2703.45,95.99,-445.04,办公用品,Crate-A-Files™,4月
2021-03-10,SO002330,华东,圆通,2430.34,55.98,752.87,办公用品,Xerox 1882,3月
2021-03-10,SO002331,华东,圆通,218.6,5.78,-46.43,办公用品,Xerox 1899,3月
2021-12-30,SO002332,华东,圆通,852.75,30.44,358.73400000000004,办公用品,3M Organizer Strips,12月
2021-12-30,SO002333,华东,圆通,172.33,6.48,-52.21,办公用品,Xerox 1994,12月
2021-06-17,SO002334,华东,圆通,167.37,43.22,-132.15,数码电子,TDK 4.7GB DVD-R,6月
2021-06-17,SO002335,华东,圆通,1026.6385,65.99,-201.04700000000003,数码电子,iDENi80s,6月
2021-01-15,SO002336,华南,圆通,1585.6,35.44,632.13,办公用品,Xerox 217,1月
2021-01-15,SO002337,华南,圆通,215.85,7.4,60.95,办公用品,Xerox 217,1月
2021-10-23,SO002338,华南,圆通,158.78,7.04,33.26,办公用品,Xerox 217,10月
2021-10-23,SO002339,华南,圆通,463.42,14.45,14.203500000000002,办公用品,3M Organizer Strips,10月
2021-01-21,SO002340,华南,圆通,997.0,258.98,-307.96,家具产品,Phone 918,1月
2021-10-29,SO002341,华南,圆通,12837.11,320.64,1881.76,家具产品,KI Conference Tables,10月
2021-02-06,SO002342,华南,圆通,2357.9085,65.99,538.488,数码电子,StarTAC 7760,2月
2021-06-15,SO002343,华南,圆通,379.8,320.98,-183.09,家具产品,Phone 918,6月
2021-06-15,SO002344,华南,圆通,107.7,2.21,14.97,办公用品,Newell 340,6月
2021-04-15,SO002345,华南,圆通,144.84,5.78,-120.99,办公用品,Xerox 1924,4月
2021-04-15,SO002346,华北,圆通,127.16,6.7,12.88,办公用品,Newell 340,4月
2021-12-15,SO002347,华东,圆通,14.74,4.48,-2.72,办公用品,Xerox 217,12月
2021-12-15,SO002348,西北,圆通,117.68,2.88,12.47,办公用品,Newell 340,12月
2021-01-06,SO002349,华北,圆通,46.86,1.7,-37.08,数码电子,TDK 4.7GB DVD-R,1月
2021-01-06,SO002350,华东,圆通,1089.59,30.98,433.24,办公用品,Xerox 19,1月
2021-08-19,SO002351,华南,圆通,397.55,83.1,-152.47,数码电子,TDK 4.7GB DVD-R,8月
2021-08-19,SO002352,华南,圆通,676.26,19.98,181.98,办公用品,Xerox 217,8月
2021-12-12,SO002353,西北,圆通,126.74,8.67,-18.53,办公用品,Holmes Odor Grabber,12月
2021-11-16,SO002354,华东,圆通,1383.919,205.99,-433.488,数码电子,V70,11月
2021-12-18,SO002355,华南,圆通,48.41,1.14,-1.46,办公用品,OIC Thumb-Tacks,12月
2021-01-19,SO002356,华东,圆通,3568.45,207.48,1081.62,办公用品,Holmes Odor Grabber,1月
2021-10-13,SO002357,华北,圆通,1401.75,42.98,426.44,办公用品,Holmes Odor Grabber,10月
2021-10-15,SO002358,华南,圆通,513.5,25.99,82.96,办公用品,Newell 340,10月
2021-01-01,SO002359,华北,圆通,72.67,4.28,-62.37,办公用品,Xerox 1927,1月
2021-10-30,SO002360,西南,圆通,80.53,2.88,10.01,办公用品,Newell 340,10月
2021-04-28,SO002361,华南,圆通,4177.52,140.98,-443.78,家具产品,Xerox 1907,4月
2021-04-28,SO002362,华南,圆通,3351.08,122.99,-1086.43,家具产品,Phone 918,4月
2021-07-21,SO002363,华南,圆通,2604.315,65.99,750.87,数码电子,8860,7月
2021-02-11,SO002364,华东,圆通,4550.06,95.98,-1335.32,家具产品,Phone 918,2月
2021-10-25,SO002365,华南,圆通,128.31,3.14,-55.72,办公用品,Letter Slitter,10月
2021-03-12,SO002366,华南,圆通,236.45,6.98,-259.02,办公用品,Crate-A-Files™,3月
2021-01-28,SO002367,华南,圆通,267.53,6.88,85.17,办公用品,Xerox 217,1月
2021-01-28,SO002368,东北,圆通,1065.26,32.48,-900.27,办公用品,Crate-A-Files™,1月
2021-09-19,SO002369,华南,圆通,3081.471,125.99,574.983,数码电子,i1000plus,9月
2021-01-26,SO002370,华南,圆通,4321.63,90.98,-1549.14,家具产品,Document Clip Frames,1月
2021-01-26,SO002371,华北,圆通,67.14,5.98,-29.98,办公用品,Xerox 1947,1月
2021-09-23,SO002372,华北,圆通,2951.97,810.98,-1890.3273,数码电子,Xerox 193,9月
2021-05-27,SO002373,华北,圆通,2236.16,320.98,-99.16000000000008,家具产品,Phone 918,5月
2021-07-23,SO002374,华北,圆通,157.85,5.18,22.54,办公用品,Array® Memo Cubes,7月
2021-09-25,SO002375,华北,圆通,2911.64,73.98,225.28,数码电子,TDK 4.7GB DVD-R,9月
2021-10-27,SO002376,华北,圆通,2951.438,125.99,667.278,数码电子,5170i,10月
2021-04-29,SO002377,华北,圆通,2283.22,48.91,1006.72,办公用品,Xerox 1917,4月
2021-04-29,SO002378,东北,圆通,11365.616000000002,296.18,229.22,家具产品,KI Conference Tables,4月
2021-08-17,SO002379,东北,圆通,50.19,3.52,-64.38850000000001,办公用品,3M Organizer Strips,8月
2021-07-14,SO002380,东北,圆通,158.19,9.38,-75.22,办公用品,Staples File Caddy,7月
2021-11-18,SO002381,东北,圆通,988.42,29.17,253.9375,办公用品,3M Organizer Strips,11月
2021-09-14,SO002382,东北,圆通,5472.12,1360.14,-2816.3379,数码电子,Xerox 193,9月
2021-09-21,SO002383,东北,圆通,1810.67,270.98,-541.87,家具产品,Phone 918,9月
2021-04-05,SO002384,东北,圆通,5793.46,150.98,2477.77,数码电子,Xerox 193,4月
2021-04-05,SO002385,东北,圆通,4558.21,415.88,993.81,办公用品,Crate-A-Files™,4月
2021-04-05,SO002386,东北,圆通,4361.6984999999995,195.99,1069.785,数码电子,T65,4月
2021-05-20,SO002387,东北,圆通,258.54,6.68,-116.37,办公用品,Xerox 1959,5月
2021-05-20,SO002388,西南,圆通,4610.2895,125.99,1432.8629999999998,数码电子,i2000,5月
2021-05-07,SO002389,华南,圆通,130.49,4.76,47.09,办公用品,Xerox 217,5月
2021-04-22,SO002390,华南,圆通,159.11,5.43,64.01,办公用品,Xerox 217,4月
2021-12-03,SO002391,华南,圆通,34.66,4.42,-20.87,办公用品,Grip Seal Envelopes,12月
2021-07-19,SO002392,华南,圆通,2405.4575,65.99,571.536,数码电子,5190,7月
2021-08-02,SO002393,华南,圆通,195.61,7.64,-17.02,办公用品,Xerox 217,8月
2021-12-04,SO002394,华南,圆通,1127.81,28.48,425.08,数码电子,TDK 4.7GB DVD-R,12月
2021-10-28,SO002395,华南,圆通,110.38,2.78,-4.86,办公用品,Newell 340,10月
2021-08-14,SO002396,华南,圆通,3218.42,114.98,-1248.58,家具产品,Xerox 1907,8月
2021-08-14,SO002397,华南,圆通,101.25,3.75,40.9,办公用品,Avery 496,8月
2021-07-04,SO002398,华南,圆通,2162.8165,125.99,223.254,数码电子,M70,7月
2021-05-27,SO002399,华南,圆通,149.7,5.4,-132.6295,办公用品,3M Organizer Strips,5月
2021-05-27,SO002400,华南,圆通,728.127,20.99,49.788,数码电子,CF 688,5月
2021-08-17,SO002401,华南,圆通,633.56,20.97,-158.87,数码电子,TDK 4.7GB DVD-R,8月
2021-09-01,SO002402,华南,圆通,284.6735,65.99,-247.236,数码电子,5180,9月
2021-09-01,SO002403,华南,圆通,372.01,8.45,-203.68,办公用品,"Elite 5"" Scissors",9月
2021-06-29,SO002404,华南,圆通,3755.43,99.99,448.07,数码电子,TDK 4.7GB DVD-R,6月
2021-06-29,SO002405,华南,圆通,347.93,11.34,34.29,办公用品,Xerox 188,6月
2021-08-21,SO002406,华南,圆通,249.48,8.32,-73.83,数码电子,TDK 4.7GB DVD-R,8月
2021-06-09,SO002407,华南,圆通,138.84,8.34,8.75,办公用品,Letter Slitter,6月
2021-05-18,SO002408,华南,圆通,861.41,18.97,128.0,办公用品,Xerox 1939,5月
2021-02-28,SO002409,华南,圆通,9473.31,294.62,1939.11,办公用品,Holmes Odor Grabber,2月
2021-06-12,SO002410,华南,圆通,399.76,14.56,48.13,办公用品,Holmes Odor Grabber,6月
2021-06-12,SO002411,华北,圆通,5393.27,270.97,353.72,数码电子,Xerox 193,6月
2021-06-27,SO002412,西北,圆通,99.08,1.76,11.28,办公用品,Newell 310,6月
2021-10-30,SO002413,西北,圆通,462.12,15.57,226.4,办公用品,Grip Seal Envelopes,10月
2021-09-15,SO002414,西北,圆通,381.79,14.34,73.73,家具产品,Document Clip Frames,9月
2021-09-15,SO002415,西北,圆通,1529.3115,195.99,-491.26,数码电子,T28 WORLD,9月
2021-08-31,SO002416,西北,圆通,105.99,2.88,43.37,办公用品,Avery 49,8月
2021-05-25,SO002417,西北,圆通,15.73,6.48,-9.17,办公用品,Xerox 1905,5月
2021-05-25,SO002418,西北,圆通,1041.74,30.98,-51.74,办公用品,Xerox 197,5月
2021-05-25,SO002419,西北,圆通,4300.626,200.99,685.206,数码电子,5125,5月
2021-10-08,SO002420,西北,圆通,512.87,16.48,170.69,数码电子,Maxell DVD-RAM Discs,10月
2021-03-15,SO002421,华东,圆通,102.59,2.98,8.88,办公用品,"Super Bands, 12/Pack",3月
2021-03-15,SO002422,华东,圆通,1695.65,32.98,51.98,数码电子,TDK 4.7GB DVD-R,3月
2021-09-04,SO002423,华东,圆通,220.97,9.48,-25.86,家具产品,Document Clip Frames,9月
2021-09-04,SO002424,华东,圆通,21555.6,449.99,8965.83,数码电子,Canon PC940 Copier,9月
2021-02-21,SO002425,华东,圆通,71.12,1.98,-21.89,办公用品,"Super Bands, 12/Pack",2月
2021-07-21,SO002426,华东,圆通,489.07,89.99,-197.88,家具产品,Phone 918,7月
2021-02-04,SO002427,华东,圆通,7.01,2.94,-4.2,办公用品,Newell 343,2月
2021-09-08,SO002428,华东,圆通,82.56,4.0,21.74,办公用品,Xerox 217,9月
2021-09-08,SO002429,华东,圆通,141.07,12.98,-5.1,办公用品,Letter Slitter,9月
2021-11-25,SO002430,华南,圆通,848.92,17.48,296.06,数码电子,TDK 4.7GB DVD-R,11月
2021-11-25,SO002431,华南,圆通,6930.97,300.98,2574.12,数码电子,Xerox 193,11月
2021-11-25,SO002432,华南,圆通,2219.7324999999996,205.99,-69.78399999999999,数码电子,Phone 918,11月
2021-04-29,SO002433,华南,圆通,1116.03,34.76,203.44,办公用品,Crate-A-Files™,4月
2021-08-25,SO002434,华南,圆通,36.52,2.61,10.05,办公用品,Avery 494,8月
2021-05-13,SO002435,华南,圆通,1883.82,44.01,528.77,办公用品,Holmes Odor Grabber,5月
2021-05-13,SO002436,华南,圆通,1118.2514999999999,65.99,-59.587,数码电子,8260,5月
2021-05-13,SO002437,华南,圆通,609.4,15.28,-89.2285,办公用品,3M Organizer Strips,5月
2021-10-27,SO002438,华南,圆通,2305.75,113.64,-530.68,家具产品,Document Clip Frames,10月
2021-05-21,SO002439,华南,圆通,80.45,3.74,-60.9615,办公用品,3M Organizer Strips,5月
2021-04-13,SO002440,华南,圆通,368.99,7.77,-305.91,办公用品,Holmes Odor Grabber,4月
2021-04-13,SO002441,华南,圆通,264.63,27.48,-66.78,数码电子,TDK 4.7GB DVD-R,4月
2021-07-12,SO002442,东北,圆通,311.65,6.81,-71.254,办公用品,3M Organizer Strips,7月
2021-07-12,SO002443,华南,圆通,101.19,3.78,32.47,办公用品,Staples Bulldog Clip,7月
2021-09-16,SO002444,华北,圆通,644.4,22.84,-97.28,办公用品,Xerox 1982,9月
2021-09-15,SO002445,华东,圆通,79.02,2.16,-192.6825,办公用品,3M Organizer Strips,9月
2021-04-01,SO002446,华东,圆通,17.62,11.33,-15.92,办公用品,Holmes Odor Grabber,4月
2021-07-10,SO002447,华东,圆通,1077.28,100.98,-486.12,家具产品,Xerox 1907,7月
2021-07-10,SO002448,华北,圆通,61.52,3.69,-8.89,办公用品,Colored Envelopes,7月
2021-09-20,SO002449,东北,圆通,149.51,16.98,-31.11,家具产品,Document Clip Frames,9月
2021-01-13,SO002450,华东,圆通,981.9,37.76,11.38,办公用品,Crate-A-Files™,1月
2021-06-30,SO002451,西北,圆通,78.93,3.89,-88.6075,办公用品,Avery Binder Labels,6月
2021-10-25,SO002452,西北,圆通,239.3,6.98,41.31,家具产品,Document Clip Frames,10月
2021-10-25,SO002453,西北,圆通,260.41,5.98,-45.75,办公用品,Xerox 1947,10月
2021-09-25,SO002454,华东,圆通,187.14,8.33,21.07,数码电子,TDK 4.7GB DVD-R,9月
2021-09-25,SO002455,华东,圆通,385.7,30.98,-109.91,数码电子,TDK 4.7GB DVD-R,9月
2021-09-25,SO002456,华南,圆通,1048.39,22.98,206.56,家具产品,Document Clip Frames,9月
2021-05-26,SO002457,华北,圆通,182.89,27.48,-99.3,数码电子,TDK 4.7GB DVD-R,5月
2021-04-06,SO002458,华南,圆通,139.0,7.77,-96.33,办公用品,Holmes Odor Grabber,4月
2021-05-07,SO002459,华北,圆通,28.73,20.97,-57.04,数码电子,TDK 4.7GB DVD-R,5月
2021-05-07,SO002460,华东,圆通,67.88,2.1,4.87,办公用品,Newell 340,5月
2021-08-26,SO002461,华北,圆通,2507.48,60.97,762.53,办公用品,Holmes Odor Grabber,8月
2021-11-10,SO002462,华北,圆通,608.33,15.31,-70.04,办公用品,Crate-A-Files™,11月
2021-08-09,SO002463,华北,圆通,865.21,20.95,-42.1,数码电子,TDK 4.7GB DVD-R,8月
2021-10-11,SO002464,华北,圆通,430.13,14.42,2.33,办公用品,Holmes Odor Grabber,10月
2021-08-20,SO002465,华北,圆通,975.12,30.98,-6.72,办公用品,Grip Seal Envelopes,8月
2021-08-20,SO002466,华北,圆通,1490.56,68.81,-499.51,办公用品,Holmes Odor Grabber,8月
2021-08-20,SO002467,华北,圆通,105.44,5.84,18.76,办公用品,Newell 312,8月
2021-08-05,SO002468,华北,圆通,1567.51,37.94,711.74,办公用品,Xerox 217,8月
2021-08-05,SO002469,华北,圆通,1914.65,111.03,73.45,办公用品,Crate-A-Files™,8月
2021-08-11,SO002470,华北,圆通,1053.74,32.48,359.53,家具产品,Document Clip Frames,8月
2021-09-09,SO002471,东北,圆通,1201.68,40.99,146.8,办公用品,Xerox 217,9月
2021-09-09,SO002472,东北,圆通,2784.57,136.98,847.06,家具产品,Document Clip Frames,9月
2021-04-12,SO002473,东北,圆通,473.88,110.98,-183.26,家具产品,Phone 918,4月
2021-04-12,SO002474,东北,圆通,849.031,20.99,-133.309,数码电子,Accessory39,4月
2021-04-05,SO002475,东北,圆通,87.31,2.08,-15.088,办公用品,Economy Binders,4月
2021-09-22,SO002476,西南,圆通,2660.6105000000002,65.99,618.066,数码电子,5180,9月
2021-03-25,SO002477,西南,圆通,5202.896000000001,296.18,-715.7782060000003,家具产品,KI Conference Tables,3月
2021-02-24,SO002478,华南,圆通,4502.26,120.97,1272.17,数码电子,Xerox 193,2月
2021-02-24,SO002479,华南,圆通,192.23,5.78,-149.84,办公用品,Xerox 217,2月
2021-08-13,SO002480,华南,圆通,65.52,5.98,-22.57,办公用品,Xerox 1983,8月
2021-02-04,SO002481,华南,圆通,19.98,4.98,-9.61,办公用品,Xerox 217,2月
2021-06-22,SO002482,华南,圆通,1211.98,180.98,-80.83,家具产品,Phone 918,6月
2021-09-25,SO002483,华南,圆通,8127.51,348.21,1541.25,家具产品,KI Conference Tables,9月
2021-09-25,SO002484,华南,圆通,5352.934499999999,195.99,1343.205,数码电子,KH 688,9月
2021-03-16,SO002485,华南,圆通,83.31,6.45,22.8,办公用品,Xerox 217,3月
2021-08-28,SO002486,华南,圆通,3316.08,130.98,-514.32,家具产品,Phone 918,8月
2021-06-24,SO002487,华南,圆通,347.84,8.74,-99.25,办公用品,Grip Seal Envelopes,6月
2021-06-07,SO002488,华南,圆通,207.08,4.28,-131.82,办公用品,Xerox 1971,6月
2021-06-07,SO002489,华东,圆通,234.28,28.28,-65.42,办公用品,Crate-A-Files™,6月
2021-06-07,SO002490,华北,圆通,1779.8914999999997,55.99,-250.173,数码电子,Accessory6,6月
2021-09-04,SO002491,华北,圆通,270.32,5.81,-47.15,办公用品,"Super Bands, 12/Pack",9月
2021-09-04,SO002492,华北,圆通,361.98,15.99,-55.6104,数码电子,Xerox 193,9月
2021-07-17,SO002493,华北,圆通,82.03,1.88,-15.5595,办公用品,3M Organizer Strips,7月
2021-07-17,SO002494,华北,圆通,290.91,5.78,-108.19,办公用品,Xerox 1978,7月
2021-11-02,SO002495,华北,圆通,235.09,4.48,-1987.49,办公用品,Holmes Odor Grabber,11月
2021-11-02,SO002496,华北,圆通,187.46,17.67,49.85,家具产品,Document Clip Frames,11月
2021-08-01,SO002497,西北,圆通,3075.83,60.98,1207.91,数码电子,TDK 4.7GB DVD-R,8月
2021-08-01,SO002498,西北,圆通,73.37,3.08,16.1,办公用品,Avery 481,8月
2021-08-01,SO002499,西北,圆通,527.6,10.31,221.59,办公用品,Xerox 217,8月
2021-04-10,SO002500,西北,圆通,4598.73,99.99,1049.45,数码电子,TDK 4.7GB DVD-R,4月
2021-04-10,SO002501,华东,圆通,2673.08,55.5,-1363.12,家具产品,Document Clip Frames,4月
2021-04-10,SO002502,华东,圆通,396.69,33.29,-18.45,办公用品,Crate-A-Files™,4月
2021-04-01,SO002503,华东,圆通,197.45,5.68,65.44,办公用品,Grip Seal Envelopes,4月
2021-04-01,SO002504,华东,圆通,82.98,2.28,-137.87,办公用品,Newell 340,4月
2021-08-06,SO002505,华东,圆通,9293.82,363.25,2437.17,办公用品,Holmes Odor Grabber,8月
2021-08-06,SO002506,华东,圆通,80.79,2.88,12.58,办公用品,Newell 335,8月
2021-09-10,SO002507,华东,圆通,1111.23,40.99,21.6,办公用品,Xerox 217,9月
2021-09-19,SO002508,华东,圆通,965.82,34.99,169.15,数码电子,TDK 4.7GB DVD-R,9月
2021-07-27,SO002509,华东,圆通,64.5,20.89,-55.11,数码电子,TDK 4.7GB DVD-R,7月
2021-07-27,SO002510,华东,圆通,9944.49,400.98,-969.0483660000001,家具产品,KI Conference Tables,7月
2021-02-11,SO002511,华东,圆通,172.34,140.81,-73.22,家具产品,Phone 918,2月
2021-11-05,SO002512,华南,圆通,155.8,7.59,27.22,家具产品,Document Clip Frames,11月
2021-09-15,SO002513,华南,圆通,925.03,49.99,-3.680000000000021,数码电子,TDK 4.7GB DVD-R,9月
2021-01-10,SO002514,华南,圆通,322.73,13.4,101.83,家具产品,Document Clip Frames,1月
2021-02-26,SO002515,华南,圆通,184.35,8.33,11.95,数码电子,TDK 4.7GB DVD-R,2月
2021-02-26,SO002516,华南,圆通,10281.79,499.99,3272.9,数码电子,Canon PC940 Copier,2月
2021-02-02,SO002517,华南,圆通,441.99,19.98,32.36,办公用品,Xerox 217,2月
2021-02-02,SO002518,华南,圆通,245.19,7.08,37.99,办公用品,Newell 340,2月
2021-10-09,SO002519,华南,圆通,114.12,3.8,15.725,办公用品,3M Organizer Strips,10月
2021-10-09,SO002520,华南,圆通,436.05,30.73,-92.58,数码电子,TDK 4.7GB DVD-R,10月
2021-10-09,SO002521,华南,圆通,5247.4835,125.99,1465.866,数码电子,StarTAC ST7762,10月
2021-04-24,SO002522,华南,圆通,7.96,2.88,-0.10999999999999943,办公用品,Newell 340,4月
2021-06-17,SO002523,华南,圆通,148.65,7.28,-142.78,办公用品,Xerox 217,6月
2021-06-17,SO002524,华南,圆通,198.21,6.48,-163.28,办公用品,Xerox 1997,6月
2021-07-18,SO002525,华南,圆通,237.89,5.78,-165.26,办公用品,Xerox 196,7月
2021-11-30,SO002526,华南,圆通,212.91,70.97,-65.15,办公用品,Holmes Odor Grabber,11月
2021-11-30,SO002527,华南,圆通,1275.61,37.94,517.33,办公用品,Xerox 217,11月
2021-11-30,SO002528,华南,圆通,5972.59,2036.48,-4852.529399999999,数码电子,Xerox 193,11月
2021-01-13,SO002529,华南,圆通,1271.0475,35.99,-158.235,数码电子,Accessory27,1月
2021-09-18,SO002530,华南,圆通,1394.36,43.98,271.45,办公用品,Newell 340,9月
2021-04-12,SO002531,华南,圆通,6608.24,207.48,2164.64,办公用品,Holmes Odor Grabber,4月
2021-09-30,SO002532,华东,圆通,150.16,7.28,-32.78,办公用品,Xerox 217,9月
2021-09-22,SO002533,华北,圆通,76.89,3.75,31.64,办公用品,Avery 510,9月
2021-12-06,SO002534,华南,圆通,598.49,20.95,34.16,数码电子,TDK 4.7GB DVD-R,12月
2021-08-29,SO002535,华南,圆通,1548.45,284.98,-224.2,家具产品,Phone 918,8月
2021-08-29,SO002536,华北,圆通,56.07,12.99,10.49,家具产品,Document Clip Frames,8月
2021-01-07,SO002537,华南,圆通,610.65,20.98,60.2735,办公用品,3M Organizer Strips,1月
2021-01-07,SO002538,华北,圆通,158.04,73.98,-263.09,数码电子,TDK 4.7GB DVD-R,1月
2021-03-12,SO002539,华东,圆通,451.32,10.64,1.16,家具产品,Document Clip Frames,3月
2021-03-12,SO002540,华南,圆通,217.66,14.42,-24.91,办公用品,Holmes Odor Grabber,3月
2021-03-12,SO002541,华东,圆通,1374.67,279.81,-126.34,办公用品,Holmes Odor Grabber,3月
2021-03-12,SO002542,华东,圆通,76.42,5.84,20.44,办公用品,Newell 340,3月
2021-03-28,SO002543,华北,圆通,4891.86,180.98,253.14,办公用品,Holmes Odor Grabber,3月
2021-03-28,SO002544,华北,圆通,6039.1,150.98,-345.92,家具产品,Xerox 1907,3月
2021-03-28,SO002545,东北,圆通,206.49,6.45,80.07,办公用品,Xerox 217,3月
2021-03-28,SO002546,华南,圆通,80.54,1.89,-18.72,办公用品,"Super Bands, 12/Pack",3月
2021-04-15,SO002547,华南,圆通,816.23,64.65,-353.71,办公用品,Crate-A-Files™,4月
2021-05-21,SO002548,华北,圆通,270.16,11.09,16.92,办公用品,Grip Seal Envelopes,5月
2021-05-21,SO002549,西北,圆通,2694.01,120.97,994.31,数码电子,Xerox 193,5月
2021-02-19,SO002550,西北,圆通,226.65,5.98,46.41,办公用品,Newell 315,2月
2021-02-19,SO002551,华南,圆通,10.96,2.08,-8.02,办公用品,Letter Slitter,2月
2021-02-19,SO002552,华南,圆通,185.61,5.98,-47.12,办公用品,Xerox 1983,2月
2021-05-15,SO002553,华南,圆通,991.01,30.98,46.29,数码电子,TDK 4.7GB DVD-R,5月
2021-05-15,SO002554,华南,圆通,1267.42,40.99,177.79,办公用品,Xerox 217,5月
2021-02-11,SO002555,华北,圆通,2507.79,58.14,-779.81,家具产品,Xerox 1907,2月
2021-02-11,SO002556,华东,圆通,1052.68,32.98,-19.27,数码电子,TDK 4.7GB DVD-R,2月
2021-02-11,SO002557,华东,圆通,2536.31,80.98,-643.46,办公用品,Crate-A-Files™,2月
2021-05-05,SO002558,华北,圆通,6637.63,145.45,1487.94,数码电子,Xerox 193,5月
2021-05-05,SO002559,华北,圆通,928.9055,85.99,-23.925,数码电子,6340,5月
2021-04-30,SO002560,华北,圆通,340.97,10.98,-22.82,办公用品,Holmes Odor Grabber,4月
2021-04-30,SO002561,华北,圆通,136.24,5.78,-96.22,办公用品,Xerox 196,4月
2021-12-31,SO002562,华北,圆通,56.13,20.28,48.85,家具产品,Document Clip Frames,12月
2021-12-31,SO002563,华北,圆通,1491.5205,65.99,286.362,数码电子,i1000,12月
2021-10-29,SO002564,华北,圆通,1298.81,25.98,-250.55,家具产品,Phone 918,10月
2021-10-20,SO002565,华北,圆通,230.77,8.45,-146.24,办公用品,"Elite 5"" Scissors",10月
2021-10-20,SO002566,华北,圆通,507.58,15.42,-131.59,办公用品,Crate-A-Files™,10月
2021-11-06,SO002567,华北,圆通,442.57,15.31,-60.73,办公用品,Crate-A-Files™,11月
2021-11-06,SO002568,华北,圆通,53.736999999999995,7.99,-28.435,数码电子,CF 688,11月
2021-12-30,SO002569,东北,圆通,282.58,8.33,21.68,数码电子,TDK 4.7GB DVD-R,12月
2021-01-09,SO002570,东北,圆通,45.87,4.13,-38.9,办公用品,Avery 498,1月
2021-12-20,SO002571,东北,圆通,160.11,3.98,-26.73,办公用品,Unpadded Memo Slips,12月
2021-09-30,SO002572,东北,圆通,25.72,10.98,-15.5,办公用品,Letter Slitter,9月
2021-09-22,SO002573,东北,圆通,6572.04,300.97,1579.34,数码电子,TDK 4.7GB DVD-R,9月
2021-09-22,SO002574,东北,圆通,1051.992,70.89,-1280.6,家具产品,KI Conference Tables,9月
2021-01-31,SO002575,东北,圆通,451.44,78.65,-35.19,办公用品,Holmes Odor Grabber,1月
2021-01-31,SO002576,东北,圆通,138.55,8.34,0.8999999999999986,办公用品,Letter Slitter,1月
2021-10-02,SO002577,东北,圆通,4917.69,110.98,126.31,家具产品,Phone 918,10月
2021-10-02,SO002578,西南,圆通,416.8,12.53,223.38,办公用品,Avery 485,10月
2021-09-26,SO002579,西南,圆通,101.2,2.88,38.58,办公用品,Avery 504,9月
2021-08-06,SO002580,华南,圆通,349.65,14.48,28.551500000000004,办公用品,3M Organizer Strips,8月
2021-08-06,SO002581,华南,圆通,4814.12,102.3,855.14,家具产品,Document Clip Frames,8月
2021-12-20,SO002582,华南,圆通,15.7,3.69,0.71,办公用品,Avery 487,12月
2021-09-08,SO002583,华南,圆通,1207.08,95.98,-351.3,家具产品,Phone 918,9月
2021-09-08,SO002584,华南,圆通,2618.112,286.85,-139.26600000000002,家具产品,KI Conference Tables,9月
2021-03-05,SO002585,华南,圆通,14346.73,304.99,5762.523999999999,办公用品,3M Organizer Strips,3月
2021-03-05,SO002586,华南,圆通,40.34,2.89,10.59,办公用品,Avery 498,3月
2021-03-05,SO002587,华南,圆通,3951.6755,125.99,812.241,数码电子,i1000plus,3月
2021-12-24,SO002588,华南,圆通,281.17,7.1,-78.3725,办公用品,3M Organizer Strips,12月
2021-12-24,SO002589,华南,圆通,194.65,18.97,-3.78,办公用品,Xerox 217,12月
2021-08-12,SO002590,华南,圆通,52.0965,55.99,-232.80399999999997,数码电子,Accessory28,8月
2021-07-31,SO002591,华南,圆通,3945.95,128.24,1031.32,家具产品,Phone 918,7月
2021-07-31,SO002592,华南,圆通,5394.4,160.98,788.79,家具产品,Phone 918,7月
2021-09-25,SO002593,华南,圆通,1217.62,140.98,-221.5,家具产品,Xerox 1907,9月
2021-09-25,SO002594,华南,圆通,1725.0325,65.99,206.352,数码电子,Talkabout T8367,9月
2021-05-22,SO002595,华南,圆通,222.2,22.38,-40.25,办公用品,3M Organizer Strips,5月
2021-05-22,SO002596,华北,圆通,39.9,5.94,-37.8005,办公用品,3M Organizer Strips,5月
2021-05-22,SO002597,华北,圆通,319.96,6.98,123.15,办公用品,Xerox 217,5月
2021-04-20,SO002598,西北,圆通,2022.18,102.3,594.44,家具产品,Document Clip Frames,4月
2021-10-02,SO002599,西北,圆通,566.12,19.99,-19.33,家具产品,Document Clip Frames,10月
2021-03-16,SO002600,西北,圆通,1558.18,30.98,417.62,办公用品,Xerox 1951,3月
2021-02-11,SO002601,西北,圆通,13253.93,2036.48,-1596.7458,数码电子,Xerox 193,2月
2021-02-24,SO002602,西北,圆通,580.46,48.58,108.96,办公用品,Holmes Odor Grabber,2月
2021-02-25,SO002603,西北,圆通,1102.3,50.98,98.12,家具产品,Document Clip Frames,2月
2021-12-21,SO002604,华东,圆通,1950.0359999999998,65.99,361.89,数码电子,Talkabout T8367,12月
2021-08-05,SO002605,华东,圆通,751.71,131.12,50.83,办公用品,Holmes Odor Grabber,8月
2021-08-05,SO002606,华东,圆通,471.87,11.09,52.27,办公用品,Grip Seal Envelopes,8月
2021-08-05,SO002607,华东,圆通,539.6,13.79,-6.5,家具产品,Document Clip Frames,8月
2021-12-16,SO002608,华东,圆通,204.21,5.98,-204.81,办公用品,Xerox 1895,12月
2021-09-19,SO002609,华东,圆通,351.25,19.98,80.73,办公用品,Xerox 1936,9月
2021-01-17,SO002610,华东,圆通,223.88,6.68,55.21,办公用品,Newell 340,1月
2021-09-15,SO002611,华东,圆通,229.43,7.3,-127.052,办公用品,3M Organizer Strips,9月
2021-06-24,SO002612,华东,圆通,131.27,25.98,-70.43,家具产品,Phone 918,6月
2021-06-24,SO002613,华东,圆通,13571.7,449.99,3825.69,数码电子,Canon PC940 Copier,6月
2021-12-05,SO002614,华东,圆通,173.417,20.99,18.234,数码电子,Accessory21,12月
2021-05-03,SO002615,华南,圆通,28.82,2.08,-8.3605,办公用品,Round Ring Binders,5月
2021-10-27,SO002616,华南,圆通,6362.94,999.99,-221.7804,数码电子,Xerox 193,10月
2021-06-28,SO002617,华南,圆通,739.28,17.52,43.97,办公用品,Holmes Odor Grabber,6月
2021-01-17,SO002618,华南,圆通,528.54,16.48,168.54,数码电子,Maxell DVD-RAM Discs,1月
2021-05-04,SO002619,华南,圆通,202.89,6.48,-201.91,办公用品,Xerox 1997,5月
2021-02-27,SO002620,华南,圆通,3008.5,90.97,1101.9,数码电子,Xerox 193,2月
2021-06-29,SO002621,华南,圆通,61.5,3.98,-16.27,办公用品,Unpadded Memo Slips,6月
2021-06-29,SO002622,华南,圆通,324.3175,35.99,-169.741,数码电子,Accessory27,6月
2021-06-07,SO002623,华南,圆通,23792.93,1270.99,10951.306499999999,办公用品,3M Organizer Strips,6月
2021-12-19,SO002624,华南,圆通,211.97,21.38,-46.83,办公用品,Newell 340,12月
2021-07-26,SO002625,华南,圆通,36.06,10.89,-18.5,办公用品,Holmes Odor Grabber,7月
2021-07-26,SO002626,华南,圆通,1849.8,42.98,530.22,办公用品,Holmes Odor Grabber,7月
2021-03-01,SO002627,华南,圆通,327.61,40.98,54.901500000000006,办公用品,3M Organizer Strips,3月
2021-04-11,SO002628,华南,圆通,4800.44,150.98,1912.92,数码电子,Xerox 193,4月
2021-04-11,SO002629,华南,圆通,271.33,9.71,-191.09,办公用品,Crate-A-Files™,4月
2021-01-28,SO002630,华南,圆通,67.49,55.48,-22.82,办公用品,Xerox 194,1月
2021-01-28,SO002631,华北,圆通,6.76,1.68,-4.28,办公用品,Newell 323,1月
2021-06-24,SO002632,华北,圆通,178.4,10.64,20.08,家具产品,Document Clip Frames,6月
2021-06-24,SO002633,东北,圆通,115.01,2.78,5.81,办公用品,Newell 340,6月
2021-06-25,SO002634,华南,圆通,3816.59,208.16,191.47,办公用品,Holmes Odor Grabber,6月
2021-09-26,SO002635,华北,圆通,1841.6,50.98,12.95000000000006,数码电子,TDK 4.7GB DVD-R,9月
2021-07-27,SO002636,西北,圆通,256.12,11.97,-18.19,办公用品,Holmes Odor Grabber,7月
2021-08-10,SO002637,华东,圆通,5085.907,125.99,1366.686,数码电子,StarTAC ST7762,8月
2021-10-28,SO002638,东北,圆通,1370.56,48.91,511.51,办公用品,Xerox 1917,10月
2021-10-28,SO002639,东北,圆通,172.98,5.98,-59.75,办公用品,Xerox 1983,10月
2021-10-04,SO002640,东北,圆通,195.83,8.33,10.79,数码电子,TDK 4.7GB DVD-R,10月
2021-08-04,SO002641,西南,圆通,1372.9455,35.99,429.885,数码电子,Accessory13,8月
2021-09-05,SO002642,西南,圆通,387.0,12.28,-31.45,办公用品,Crate-A-Files™,9月
2021-12-03,SO002643,华南,圆通,94.84,5.98,-26.66,办公用品,Xerox 193,12月
2021-09-30,SO002644,华南,圆通,314.0,6.54,-66.0445,办公用品,3M Organizer Strips,9月
2021-09-30,SO002645,华南,圆通,155.54,3.29,15.66,办公用品,"Super Bands, 12/Pack",9月
2021-11-04,SO002646,西北,圆通,2421.02,810.98,-1943.1711000000003,数码电子,Xerox 193,11月
2021-07-16,SO002647,华东,圆通,214.62,4.24,-151.42049999999998,办公用品,3M Organizer Strips,7月
2021-07-16,SO002648,华南,圆通,5311.973,179.99,1142.082,数码电子,CF 688,7月
2021-07-16,SO002649,华南,圆通,1061.905,65.99,152.748,数码电子,V8160,7月
2021-07-16,SO002650,华南,圆通,1631.04,33.98,665.63,数码电子,TDK 4.7GB DVD-R,7月
2021-08-19,SO002651,华南,圆通,1133.4495,65.99,169.16400000000002,数码电子,3390,8月
2021-09-18,SO002652,东北,圆通,233.92,8.75,-80.75,家具产品,Document Clip Frames,9月
2021-09-18,SO002653,华南,圆通,1642.05,55.98,829.73,办公用品,Xerox 1908,9月
2021-07-26,SO002654,华北,圆通,1291.35,26.38,479.62,办公用品,Xerox 1935,7月
2021-07-26,SO002655,华东,圆通,107.97,3.26,2.36,办公用品,Newell 340,7月
2021-03-30,SO002656,华北,圆通,88.02,2.08,-6.543500000000001,办公用品,Economy Binders,3月
2021-03-30,SO002657,华北,圆通,800.0,25.98,-210.3,家具产品,Phone 918,3月
2021-03-15,SO002658,华北,圆通,66.02,3.08,10.88,办公用品,Avery 511,3月
2021-03-15,SO002659,华北,圆通,15.53,1.26,-5.92,办公用品,Bagged Rubber Bands,3月
2021-07-12,SO002660,华北,圆通,265.38,6.24,-107.59,家具产品,Document Clip Frames,7月
2021-07-12,SO002661,华北,圆通,33.41,6.68,-3.48,办公用品,Newell 340,7月
2021-07-12,SO002662,华北,圆通,7157.16,260.98,1150.33,家具产品,Xerox 1907,7月
2021-01-24,SO002663,华北,圆通,359.65,14.42,-11.15,办公用品,Holmes Odor Grabber,1月
2021-09-29,SO002664,华北,圆通,161.72,3.98,-134.711,办公用品,3M Organizer Strips,9月
2021-09-29,SO002665,东北,圆通,107.75,4.73,24.17,办公用品,Xerox 217,9月
2021-04-10,SO002666,东北,圆通,75.73,1.68,-37.76,办公用品,Newell 323,4月
2021-03-18,SO002667,东北,圆通,29.23,2.88,8.1,办公用品,Avery 49,3月
2021-12-16,SO002668,东北,圆通,78.72,7.64,-22.36,办公用品,Xerox 217,12月
2021-03-07,SO002669,东北,圆通,281.59,7.96,-6.39,家具产品,Document Clip Frames,3月
2021-03-07,SO002670,西南,圆通,231.7525,45.99,-155.947,数码电子,KF 788,3月
2021-02-27,SO002671,西南,圆通,8246.86,179.29,-433.2901430000001,家具产品,KI Conference Tables,2月
2021-09-23,SO002672,西南,圆通,788.85,37.7,317.5345,办公用品,3M Organizer Strips,9月
2021-09-23,SO002673,华南,圆通,364.59,8.56,-14.28,办公用品,Xerox 217,9月
2021-09-23,SO002674,华南,圆通,535.57,25.38,131.05,家具产品,Document Clip Frames,9月
2021-07-05,SO002675,华南,圆通,286.06,6.68,-85.09,办公用品,Xerox 1923,7月
2021-07-05,SO002676,华南,圆通,248.1,5.98,49.67,办公用品,Newell 315,7月
2021-01-16,SO002677,华南,圆通,181.83,5.98,-43.36,办公用品,Xerox 1992,1月
2021-04-20,SO002678,华南,圆通,112.42,5.98,7.4,办公用品,Grip Seal Envelopes,4月
2021-12-25,SO002679,华南,圆通,279.327,20.99,75.213,数码电子,Accessory21,12月
2021-12-25,SO002680,华南,圆通,539.206,125.99,-452.38599999999997,数码电子,StarTAC 6500,12月
2021-04-09,SO002681,华南,圆通,60.68,1.98,-115.71300000000001,办公用品,3M Organizer Strips,4月
2021-04-09,SO002682,华南,圆通,1129.055,35.99,337.725,数码电子,Accessory35,4月
2021-09-24,SO002683,华南,圆通,210.24,5.68,-31.67,办公用品,Letter Slitter,9月
2021-08-24,SO002684,华南,圆通,240.24,124.49,-84.93,家具产品,KI Conference Tables,8月
2021-11-13,SO002685,华南,圆通,6742.49,167.27,-502.05,办公用品,Crate-A-Files™,11月
2021-05-23,SO002686,华南,圆通,16.82,4.13,-5.54,办公用品,Newell 31,5月
2021-07-12,SO002687,华南,圆通,203.49,6.3,90.35,办公用品,Avery 51,7月
2021-07-12,SO002688,华南,圆通,5638.798,205.99,1406.052,数码电子,6185,7月
2021-09-20,SO002689,华北,圆通,206.68,80.98,-156.47,办公用品,Crate-A-Files™,9月
2021-12-12,SO002690,华北,圆通,691.09,78.69,364.03,家具产品,Document Clip Frames,12月
2021-12-12,SO002691,华北,圆通,713.7,21.98,176.09,办公用品,Newell 340,12月
2021-02-02,SO002692,华北,圆通,4713.25,154.13,-372.48597100000006,家具产品,KI Conference Tables,2月
2021-01-12,SO002693,西北,圆通,857.32,22.23,195.71,家具产品,Document Clip Frames,1月
2021-01-12,SO002694,西北,圆通,8.87,2.74,-6.79,办公用品,Newell 340,1月
2021-11-23,SO002695,西北,圆通,351.06,35.48,-306.32,办公用品,Crate-A-Files™,11月
2021-10-20,SO002696,西北,圆通,161.8,3.8,21.335,办公用品,3M Organizer Strips,10月
2021-10-20,SO002697,华东,圆通,64.36,1.76,-1.53,办公用品,Newell 310,10月
2021-11-30,SO002698,华东,圆通,155.78,3.6,-10.0,办公用品,Xerox 217,11月
2021-01-14,SO002699,华东,圆通,92.02,10.23,-24.88,办公用品,Letter Slitter,1月
2021-02-11,SO002700,华东,圆通,246.24,6.68,-118.9,办公用品,Xerox 1959,2月
2021-02-11,SO002701,华东,圆通,78.67,9.11,14.1,办公用品,Xerox 217,2月
2021-12-30,SO002702,华东,圆通,5785.59,130.98,-423.77,家具产品,Phone 918,12月
2021-12-30,SO002703,华东,圆通,1131.93,55.98,469.69,办公用品,Xerox 1908,12月
2021-12-30,SO002704,华东,圆通,3238.143,115.99,727.362,数码电子,282,12月
2021-10-30,SO002705,华东,圆通,66.6,2.62,13.99,办公用品,"Super Bands, 12/Pack",10月
2021-10-30,SO002706,华东,圆通,312.25,33.89,15.56,办公用品,Crate-A-Files™,10月
2021-02-25,SO002707,华东,圆通,7.98,3.29,-3.93,办公用品,"Super Bands, 12/Pack",2月
2021-04-15,SO002708,华东,圆通,260.77,8.34,-8.75,办公用品,Xerox 217,4月
2021-04-15,SO002709,华东,圆通,2445.212,155.99,275.769,数码电子,CF 688,4月
2021-04-15,SO002710,华东,圆通,1032.0275,85.99,97.398,数码电子,Accessory34,4月
2021-04-16,SO002711,华东,圆通,14535.8,2550.14,-3971.0627999999997,数码电子,Xerox 193,4月
2021-11-01,SO002712,华东,圆通,70.63,2.08,-66.87,办公用品,Letter Slitter,11月
2021-12-22,SO002713,华东,圆通,92.31,28.15,-28.95,办公用品,Newell 340,12月
2021-12-22,SO002714,华东,圆通,116.94,2.78,-10.01,办公用品,Newell 318,12月
2021-01-20,SO002715,华东,圆通,952.47,23.99,270.69,数码电子,Xerox 193,1月
2021-01-20,SO002716,华南,圆通,171.9635,65.99,-296.373,数码电子,V 3600 Series,1月
2021-09-07,SO002717,华南,圆通,67.03,3.14,-30.4,办公用品,Letter Slitter,9月
2021-09-07,SO002718,华南,圆通,140.82,7.98,-43.26,办公用品,Iris Project Case,9月
2021-05-04,SO002719,华南,圆通,375.74,14.42,-9.31,办公用品,Holmes Odor Grabber,5月
2021-05-04,SO002720,华南,圆通,1095.11,31.76,-1286.43,家具产品,KI Conference Tables,5月
2021-06-02,SO002721,华南,圆通,2711.14,89.99,-307.86,家具产品,Phone 918,6月
2021-06-02,SO002722,华南,圆通,1829.8715,65.99,367.461,数码电子,TIMEPORT P8767,6月
2021-09-11,SO002723,华南,圆通,125.46,3.58,-129.628,办公用品,3M Organizer Strips,9月
2021-01-09,SO002724,华南,圆通,381.69,46.94,256.18,家具产品,Document Clip Frames,1月
2021-01-11,SO002725,华南,圆通,1143.45,39.24,304.42,数码电子,TDK 4.7GB DVD-R,1月
2021-08-15,SO002726,华南,圆通,42.31,17.98,-53.0787,数码电子,Xerox 193,8月
2021-08-15,SO002727,华南,圆通,152.67,12.95,12.7585,办公用品,GBC Binding covers,8月
2021-08-13,SO002728,华南,圆通,47.99,1.48,3.86,办公用品,Binder Clips by OIC,8月
2021-08-13,SO002729,华南,圆通,829.617,45.99,25.533,数码电子,600 Series Non-Flip,8月
2021-09-29,SO002730,东北,圆通,616.1055,140.99,-458.744,数码电子,7160,9月
2021-06-24,SO002731,东北,圆通,89.75,13.99,-38.2887,数码电子,Xerox 193,6月
2021-03-14,SO002732,东北,圆通,478.38,11.97,-34.39,办公用品,Holmes Odor Grabber,3月
2021-12-18,SO002733,华南,圆通,1071.77,45.98,262.07,家具产品,Document Clip Frames,12月
2021-12-18,SO002734,西北,圆通,8635.61,300.97,2733.04,数码电子,TDK 4.7GB DVD-R,12月
2021-12-18,SO002735,华东,圆通,63.96,29.89,-119.36,数码电子,TDK 4.7GB DVD-R,12月
2021-12-18,SO002736,华南,圆通,833.0,15.57,436.53,办公用品,Grip Seal Envelopes,12月
2021-08-04,SO002737,华北,圆通,124.65,18.97,13.34,办公用品,Xerox 1887,8月
2021-10-19,SO002738,华北,圆通,321.91,15.01,-24.955,办公用品,3M Organizer Strips,10月
2021-10-19,SO002739,东北,圆通,132.96,59.78,-61.8815,办公用品,3M Organizer Strips,10月
2021-10-19,SO002740,华北,圆通,3268.7515,155.99,562.914,数码电子,300 Series Non-Flip,10月
2021-10-18,SO002741,华东,圆通,33.21,1.81,-0.85,办公用品,"Super Bands, 12/Pack",10月
2021-08-08,SO002742,华东,圆通,450.66,8.57,-115.1,办公用品,Letter Slitter,8月
2021-04-02,SO002743,华东,圆通,1358.776,550.98,-163.2,家具产品,KI Conference Tables,4月
2021-03-02,SO002744,华东,圆通,1098.5059999999999,45.99,218.727,数码电子,T61,3月
2021-03-25,SO002745,华南,圆通,167.07,4.98,-102.36,办公用品,Xerox 1897,3月
2021-05-24,SO002746,华北,圆通,8270.57,400.97,2851.46,数码电子,Xerox 193,5月
2021-12-26,SO002747,西南,圆通,213.06,11.97,-31.74,办公用品,Newell 340,12月
2021-12-26,SO002748,西北,圆通,1126.488,195.99,-557.953,数码电子,688,12月
2021-12-26,SO002749,华南,圆通,4687.6735,125.99,1304.559,数码电子,M3682,12月
2021-07-29,SO002750,华北,圆通,4416.651,155.99,1020.411,数码电子,LX 788,7月
2021-06-08,SO002751,华北,圆通,310.46,9.71,-182.52,办公用品,Crate-A-Files™,6月
2021-08-12,SO002752,华北,圆通,82.97,4.13,32.5,办公用品,Avery 506,8月
2021-08-12,SO002753,华南,圆通,13701.35,550.98,-3687.6510000000003,家具产品,KI Conference Tables,8月
2021-10-06,SO002754,华南,圆通,1054.7,25.98,213.26,办公用品,Holmes Odor Grabber,10月
2021-10-06,SO002755,华北,圆通,5349.21,135.99,61.9,家具产品,Phone 918,10月
2021-10-06,SO002756,华北,圆通,4859.37,150.98,2472.32,数码电子,Xerox 193,10月
2021-11-13,SO002757,西北,圆通,36.75,1.88,-9.821,办公用品,3M Organizer Strips,11月
2021-11-13,SO002758,西北,圆通,1115.2,29.89,301.31,数码电子,TDK 4.7GB DVD-R,11月
2021-11-24,SO002759,华南,圆通,1959.92,124.49,-374.96,家具产品,KI Conference Tables,11月
2021-06-16,SO002760,东北,圆通,97.86,14.98,-21.09,家具产品,Document Clip Frames,6月
2021-11-03,SO002761,西南,圆通,3830.84,279.81,635.33,办公用品,Holmes Odor Grabber,11月
2021-11-03,SO002762,华南,圆通,267.43,12.28,-45.98,办公用品,Crate-A-Files™,11月
2021-04-10,SO002763,华南,圆通,362.17,11.7,-83.96,办公用品,Holmes Odor Grabber,4月
2021-08-12,SO002764,华东,圆通,41.03,4.77,-30.47,数码电子,TDK 4.7GB DVD-R,8月
2021-01-30,SO002765,华东,圆通,796.08,19.98,30.29,数码电子,TDK 4.7GB DVD-R,1月
2021-01-30,SO002766,华北,圆通,141.9755,35.99,-88.935,数码电子,Accessory31,1月
2021-08-05,SO002767,华北,圆通,82.61,1.68,-46.25,办公用品,Newell 323,8月
2021-11-05,SO002768,华北,圆通,137.38,17.48,-11.39,数码电子,TDK 4.7GB DVD-R,11月
2021-05-21,SO002769,华北,圆通,2543.95,499.99,-1011.32,数码电子,Canon PC940 Copier,5月
2021-12-05,SO002770,华北,圆通,4371.92,150.98,-533.44,家具产品,Xerox 1907,12月
2021-12-05,SO002771,华北,圆通,1745.118,95.99,307.251,数码电子,T60,12月
2021-12-05,SO002772,华北,圆通,290.46,11.97,-31.55,办公用品,Holmes Odor Grabber,12月
2021-12-05,SO002773,华北,圆通,1207.4,26.31,-25.23,数码电子,TDK 4.7GB DVD-R,12月
2021-01-10,SO002774,华北,圆通,1009.42,29.18,339.58,家具产品,Document Clip Frames,1月
2021-01-10,SO002775,东北,圆通,15137.11,297.64,4913.16,数码电子,Xerox 193,1月
2021-02-26,SO002776,东北,圆通,173.44,4.14,-172.4,家具产品,Document Clip Frames,2月
2021-09-02,SO002777,东北,圆通,40.79,11.58,-11.69,办公用品,Grip Seal Envelopes,9月
2021-09-02,SO002778,东北,圆通,524.25,30.98,124.18,办公用品,Xerox 1979,9月
2021-02-28,SO002779,东北,圆通,53.18,5.53,-46.1265,办公用品,3M Organizer Strips,2月
2021-09-26,SO002780,东北,圆通,247.15,40.89,-88.35,家具产品,Document Clip Frames,9月
2021-09-17,SO002781,东北,圆通,789.94,25.98,-190.41,家具产品,Phone 918,9月
2021-08-19,SO002782,东北,圆通,6116.11,179.29,91.57,家具产品,KI Conference Tables,8月
2021-12-08,SO002783,西南,圆通,183.32,15.99,-61.100100000000005,数码电子,Xerox 193,12月
2021-12-08,SO002784,西南,圆通,194.11,22.72,87.66,家具产品,Document Clip Frames,12月
2021-06-05,SO002785,华南,圆通,333.3,22.24,71.04,数码电子,TDK 4.7GB DVD-R,6月
2021-02-11,SO002786,华南,圆通,314.93,9.99,-17.5044,数码电子,Xerox 193,2月
2021-02-11,SO002787,华南,圆通,726.82,30.42,-173.88,数码电子,TDK 4.7GB DVD-R,2月
2021-08-31,SO002788,华南,圆通,279.43,8.5,48.47,数码电子,TDK 4.7GB DVD-R,8月
2021-08-31,SO002789,华南,圆通,515.22,95.43,-152.54,办公用品,Crate-A-Files™,8月
2021-05-17,SO002790,华南,圆通,8719.69,270.97,2241.71,数码电子,Xerox 193,5月
2021-03-12,SO002791,华南,圆通,583.56,20.97,-94.59,数码电子,TDK 4.7GB DVD-R,3月
2021-03-12,SO002792,华南,圆通,281.47,6.48,-190.57,办公用品,Xerox 210,3月
2021-06-30,SO002793,华南,圆通,115.24,2.61,43.23,办公用品,Avery 494,6月
2021-06-30,SO002794,华南,圆通,9601.94,349.45,2428.59,家具产品,KI Conference Tables,6月
2021-10-22,SO002795,华南,圆通,435.24,10.31,174.89,办公用品,Xerox 217,10月
2021-02-08,SO002796,华南,圆通,607.42,15.16,-254.13850000000002,办公用品,3M Organizer Strips,2月
2021-03-04,SO002797,华东,圆通,973.862,205.99,-693.33,数码电子,TimeportP7382,3月
2021-10-06,SO002798,华北,圆通,1624.67,45.19,504.35,数码电子,TDK 4.7GB DVD-R,10月
2021-11-07,SO002799,华北,圆通,82.12,3.52,-121.5895,办公用品,3M Organizer Strips,11月
2021-03-13,SO002800,华北,圆通,194.29,20.24,68.89,家具产品,Document Clip Frames,3月
2021-07-26,SO002801,华北,圆通,124.78,3.98,-122.6705,办公用品,3M Organizer Strips,7月
2021-07-26,SO002802,西北,圆通,123.4,5.84,30.5,办公用品,Newell 340,7月
2021-10-30,SO002803,西北,圆通,116.06,2.62,25.2,办公用品,"Super Bands, 12/Pack",10月
2021-01-31,SO002804,西北,圆通,512.83,20.89,-221.56,办公用品,Crate-A-Files™,1月
2021-05-24,SO002805,西北,圆通,539.06,12.88,-123.07,办公用品,Letter Slitter,5月
2021-05-20,SO002806,西北,圆通,751.52,31.74,67.1075,办公用品,3M Organizer Strips,5月
2021-05-20,SO002807,华东,圆通,220.48,6.35,81.91,办公用品,Xerox 217,5月
2021-05-20,SO002808,华东,圆通,1259.4535,65.99,168.237,数码电子,Talkabout T8367,5月
2021-12-26,SO002809,华东,圆通,652.24,22.72,185.04,家具产品,Document Clip Frames,12月
2021-11-14,SO002810,华东,圆通,473.7,59.78,72.51350000000001,办公用品,3M Organizer Strips,11月
2021-11-14,SO002811,华东,圆通,553.5625,20.99,-76.857,数码电子,Accessory29,11月
2021-11-08,SO002812,华东,圆通,452.39,17.52,-22.83,办公用品,Holmes Odor Grabber,11月
2021-11-08,SO002813,华东,圆通,117.13,20.95,-70.47,数码电子,TDK 4.7GB DVD-R,11月
2021-06-28,SO002814,华东,圆通,160.27,3.58,-183.356,办公用品,3M Organizer Strips,6月
2021-06-28,SO002815,华南,圆通,4601.02,100.98,-129.53,家具产品,Xerox 1907,6月
2021-06-28,SO002816,华南,圆通,89.89,5.78,-72.28,办公用品,Xerox 196,6月
2021-07-03,SO002817,华南,圆通,4043.29,119.99,-34.3041,数码电子,Xerox 193,7月
2021-07-03,SO002818,华南,圆通,870.48,36.55,104.37,办公用品,Newell 340,7月
2021-09-19,SO002819,华南,圆通,76.06,3.15,30.03,办公用品,Avery 498,9月
2021-10-25,SO002820,华南,圆通,396.6,14.03,-148.26,办公用品,Crate-A-Files™,10月
2021-10-25,SO002821,华南,圆通,6902.51,212.6,-513.79042,家具产品,KI Conference Tables,10月
2021-02-27,SO002822,华南,圆通,41.23,1.26,-21.51,办公用品,Bagged Rubber Bands,2月
2021-08-11,SO002823,华南,圆通,7477.78,260.98,883.29,家具产品,Xerox 1907,8月
2021-08-11,SO002824,华南,圆通,270.39,10.52,-30.42,家具产品,Document Clip Frames,8月
2021-08-11,SO002825,华南,圆通,201.35,5.98,-107.37,办公用品,Xerox 1920,8月
2021-08-31,SO002826,华南,圆通,1271.12,34.98,-62.82,数码电子,TDK 4.7GB DVD-R,8月
2021-08-31,SO002827,华南,圆通,58.5,3.14,-25.26,办公用品,Letter Slitter,8月
2021-01-26,SO002828,华南,圆通,15.38,2.89,1.61,办公用品,Avery 498,1月
2021-01-26,SO002829,华南,圆通,447.33,14.34,115.21,家具产品,Document Clip Frames,1月
2021-08-02,SO002830,华南,圆通,104.82,3.69,6.84,办公用品,Colored Envelopes,8月
2021-01-03,SO002831,华南,圆通,1216.5,67.28,162.18,办公用品,3M Organizer Strips,1月
2021-12-07,SO002832,西北,圆通,6878.55,259.71,506.71,家具产品,KI Conference Tables,12月
2021-05-25,SO002833,华南,圆通,53.72,8.95,2.82,办公用品,Xerox 217,5月
2021-05-25,SO002834,华北,圆通,1809.21,55.29,454.49,办公用品,Crate-A-Files™,5月
2021-05-25,SO002835,东北,圆通,9150.09,550.98,-1331.553366,家具产品,KI Conference Tables,5月
2021-03-10,SO002836,华南,圆通,450.39,19.23,152.79,家具产品,Document Clip Frames,3月
2021-03-10,SO002837,华南,圆通,1193.1195,85.99,137.59199999999998,数码电子,Accessory34,3月
2021-06-28,SO002838,华南,圆通,381.1995,65.99,-233.56300000000002,数码电子,V 3600 Series,6月
2021-01-29,SO002839,华南,圆通,16147.61,420.98,7604.95,办公用品,3M Organizer Strips,1月
2021-01-29,SO002840,西北,圆通,1042.63,240.98,-219.93,家具产品,Xerox 1907,1月
2021-07-18,SO002841,华东,圆通,4650.07,120.98,-1143.15,家具产品,Xerox 1907,7月
2021-07-18,SO002842,华东,圆通,497.52,12.28,92.46,办公用品,Xerox 1907,7月
2021-01-29,SO002843,华东,圆通,1122.6375,95.99,17.676000000000002,数码电子,T60,1月
2021-03-05,SO002844,华南,圆通,306.3,9.27,18.73,办公用品,Xerox 217,3月
2021-03-05,SO002845,华南,圆通,163.98,3.85,55.73,办公用品,Newell 340,3月
2021-07-07,SO002846,华南,圆通,42.27,2.84,4.56,办公用品,Newell 340,7月
2021-09-15,SO002847,华南,圆通,116.63,2.94,6.81,办公用品,Newell 343,9月
2021-10-05,SO002848,华南,圆通,8252.360999999999,200.99,2418.561,数码电子,2160i,10月
2021-10-05,SO002849,华南,圆通,2205.84,297.48,-313.1304,数码电子,Xerox 193,10月
2021-04-10,SO002850,华北,圆通,124.19,15.99,-53.2962,数码电子,Xerox 193,4月
2021-10-09,SO002851,华南,圆通,361.94,284.98,-163.58,家具产品,Phone 918,10月
2021-10-09,SO002852,华北,圆通,1276.04,40.99,554.95,办公用品,Xerox 1919,10月
2021-10-09,SO002853,华北,圆通,2894.68,71.37,-1754.388,家具产品,KI Conference Tables,10月
2021-01-12,SO002854,华北,圆通,1030.09,27.75,-568.71,办公用品,Crate-A-Files™,1月
2021-02-09,SO002855,华北,圆通,611.68,39.06,134.7505,办公用品,3M Organizer Strips,2月
2021-10-01,SO002856,华北,圆通,1434.086,110.99,-26.246,数码电子,LX 677,10月
2021-05-18,SO002857,华北,圆通,3596.36,73.98,326.25,数码电子,TDK 4.7GB DVD-R,5月
2021-04-15,SO002858,东北,圆通,151.09,4.76,4.59,办公用品,Xerox 217,4月
2021-05-19,SO002859,东北,圆通,135.2,4.13,59.4,办公用品,Avery 506,5月
2021-05-19,SO002860,东北,圆通,1078.98,20.98,-1637.52,办公用品,Crate-A-Files™,5月
2021-03-30,SO002861,东北,圆通,1204.0845,35.99,341.955,数码电子,Accessory35,3月
2021-12-08,SO002862,东北,圆通,17717.34,500.97,8291.08,数码电子,Xerox 193,12月
2021-11-22,SO002863,西南,圆通,43.97,1.88,-9.0505,办公用品,3M Organizer Strips,11月
2021-08-14,SO002864,西南,圆通,4976.6,161.55,601.88,办公用品,Crate-A-Files™,8月
2021-02-10,SO002865,西南,圆通,5.63,4.71,-3.55,办公用品,"Super Bands, 12/Pack",2月
2021-02-10,SO002866,华南,圆通,16.48,3.08,-0.33,办公用品,Avery 481,2月
2021-02-10,SO002867,华南,圆通,15655.24,419.19,4818.29,办公用品,Crate-A-Files™,2月
2021-07-12,SO002868,华南,圆通,5583.27,136.98,1539.59,家具产品,Document Clip Frames,7月
2021-08-11,SO002869,华南,圆通,16.6,4.13,-2.06,办公用品,Avery 491,8月
2021-08-11,SO002870,华南,圆通,25.1,4.98,2.98,办公用品,Avery 498,8月
2021-11-29,SO002871,华南,圆通,180.7,5.98,-94.61,数码电子,TDK 4.7GB DVD-R,11月
2021-11-29,SO002872,华南,圆通,67.4,2.61,22.71,办公用品,Avery 494,11月
2021-01-19,SO002873,华南,圆通,98.66,18.97,-19.52,办公用品,Xerox 217,1月
2021-01-19,SO002874,华东,圆通,2215.96,119.99,-101.6595,数码电子,Xerox 193,1月
2021-12-25,SO002875,华北,圆通,1410.93,140.98,-317.48,家具产品,Xerox 1907,12月
2021-12-25,SO002876,华北,圆通,3364.2480000000005,286.85,-693.2303950000002,家具产品,KI Conference Tables,12月
2021-10-30,SO002877,华北,圆通,1711.02,43.98,139.63,办公用品,Newell 340,10月
2021-12-15,SO002878,西北,圆通,231.21,5.28,-179.96,办公用品,Xerox 1963,12月
2021-03-05,SO002879,西北,圆通,479.96,10.91,122.536,办公用品,3M Organizer Strips,3月
2021-11-26,SO002880,西北,圆通,4393.75,442.14,215.31,数码电子,Xerox 193,11月
2021-01-10,SO002881,西北,圆通,69.98,5.53,-58.327999999999996,办公用品,3M Organizer Strips,1月
2021-01-10,SO002882,西北,圆通,418.34,12.58,73.57,家具产品,Document Clip Frames,1月
2021-01-10,SO002883,西北,圆通,17.7,4.28,-10.37,办公用品,Xerox 1962,1月
2021-01-10,SO002884,西北,圆通,45.61,3.85,9.18,办公用品,Newell 340,1月
2021-07-21,SO002885,西北,圆通,466.9475,35.99,82.818,数码电子,Accessory9,7月
2021-07-21,SO002886,华东,圆通,6152.52,160.98,768.06,家具产品,Phone 918,7月
2021-07-30,SO002887,华东,圆通,88.7,1.88,-20.447000000000003,办公用品,3M Organizer Strips,7月
2021-07-30,SO002888,华东,圆通,105.89,2.84,4.13,办公用品,Newell 340,7月
2021-04-10,SO002889,华东,圆通,20.17,3.28,-15.42,办公用品,Newell 342,4月
2021-04-10,SO002890,华东,圆通,235.98,10.98,11.82,办公用品,Letter Slitter,4月
2021-12-06,SO002891,华东,圆通,251.45,13.4,90.0,家具产品,Document Clip Frames,12月
2021-10-09,SO002892,华东,圆通,1609.19,178.47,188.91,办公用品,Crate-A-Files™,10月
2021-10-30,SO002893,华东,圆通,1756.5929999999998,65.99,298.20599999999996,数码电子,2190,10月
2021-04-12,SO002894,华东,圆通,495.1,54.96,110.36,办公用品,Xerox 1940,4月
2021-11-24,SO002895,华东,圆通,1978.3664999999999,45.99,483.59700000000004,数码电子,600 Series Non-Flip,11月
2021-05-20,SO002896,华东,圆通,442.99,100.98,-152.76,家具产品,Xerox 1907,5月
2021-07-29,SO002897,华东,圆通,123.26,3.26,-4.73,办公用品,Newell 340,7月
2021-08-26,SO002898,华东,圆通,2079.474,55.99,-81.565,数码电子,Accessory6,8月
2021-01-20,SO002899,华南,圆通,1253.89,264.98,-577.4798999999999,数码电子,Xerox 193,1月
2021-11-18,SO002900,华南,圆通,195.96,10.97,-104.82,数码电子,TDK 4.7GB DVD-R,11月
2021-01-14,SO002901,华南,圆通,6607.92,199.99,1462.724,数码电子,Canon PC940 Copier,1月
2021-03-30,SO002902,华南,圆通,629.5865,65.99,-120.087,数码电子,V 3600 Series,3月
2021-12-20,SO002903,华南,圆通,2315.11,59.76,532.21,办公用品,Crate-A-Files™,12月
2021-12-20,SO002904,华南,圆通,1264.2305,195.99,-444.686,数码电子,T65,12月
2021-09-18,SO002905,华南,圆通,39.42,3.85,7.78,办公用品,Newell 340,9月
2021-09-18,SO002906,华南,圆通,801.44,22.24,308.12,数码电子,TDK 4.7GB DVD-R,9月
2021-09-18,SO002907,华南,圆通,1194.06,54.74,326.97,家具产品,Document Clip Frames,9月
2021-03-15,SO002908,华南,圆通,28664.52,599.99,13340.26,数码电子,Canon PC940 Copier,3月
2021-03-15,SO002909,华南,圆通,635.7405,125.99,-397.529,数码电子,M3682,3月
2021-03-27,SO002910,华南,圆通,5817.88,150.98,-567.14,家具产品,Xerox 1907,3月
2021-12-28,SO002911,华南,圆通,195.49,5.84,33.8,办公用品,Newell 312,12月
2021-09-11,SO002912,东北,圆通,553.02,15.98,-49.38,数码电子,TDK 4.7GB DVD-R,9月
2021-06-07,SO002913,西北,圆通,437.86,11.58,-4.17,办公用品,Grip Seal Envelopes,6月
2021-02-03,SO002914,东北,圆通,1103.67,39.48,253.61,数码电子,TDK 4.7GB DVD-R,2月
2021-04-15,SO002915,华南,圆通,377.02,7.08,84.66,办公用品,Newell 340,4月
2021-04-15,SO002916,华东,圆通,7339.24,145.98,-279.74,家具产品,KI Conference Tables,4月
2021-07-28,SO002917,华南,圆通,559.75,122.99,-331.08,家具产品,Phone 918,7月
2021-12-12,SO002918,华北,圆通,270.73,8.88,-54.5675,办公用品,3M Organizer Strips,12月
2021-09-16,SO002919,华北,圆通,20175.48,387.99,9373.961500000001,办公用品,3M Organizer Strips,9月
2021-02-26,SO002920,东北,圆通,155.17,9.27,2.12,办公用品,Xerox 217,2月
2021-02-05,SO002921,华南,圆通,81.78,19.98,-12.43,办公用品,Xerox 1936,2月
2021-06-07,SO002922,华北,圆通,20.28,2.98,-4.32,办公用品,Newell 340,6月
2021-09-21,SO002923,华东,圆通,21046.74,699.99,5217.267,数码电子,Canon PC940 Copier,9月
2021-05-28,SO002924,华南,圆通,1062.69,35.94,401.8,办公用品,Grip Seal Envelopes,5月
2021-11-14,SO002925,华南,圆通,7235.83,140.99,3496.37,数码电子,Xerox 193,11月
2021-12-22,SO002926,华南,圆通,476.31,120.97,-258.0768,数码电子,Xerox 193,12月
2021-02-03,SO002927,华北,圆通,181.39,5.08,-32.4,家具产品,Document Clip Frames,2月
2021-02-03,SO002928,东北,圆通,846.0815,35.99,-120.934,数码电子,Accessory27,2月
2021-03-15,SO002929,东北,圆通,317.95,100.98,-144.43,家具产品,Xerox 1907,3月
2021-03-15,SO002930,华南,圆通,435.29,51.65,122.41,家具产品,Document Clip Frames,3月
2021-09-19,SO002931,华南,圆通,1082.8,48.58,299.35,办公用品,Holmes Odor Grabber,9月
2021-09-19,SO002932,华南,圆通,1260.2015,205.99,-522.995,数码电子,StarTAC 8000,9月
2021-04-17,SO002933,华南,圆通,455.08,83.93,27.8,办公用品,Airmail Envelopes,4月
2021-07-03,SO002934,华北,圆通,54.78,1.68,-30.54,办公用品,Newell 323,7月
2021-07-03,SO002935,华东,圆通,304.83,7.08,23.82,办公用品,Newell 340,7月
2021-05-16,SO002936,华南,圆通,280.39,14.42,9.33,办公用品,Holmes Odor Grabber,5月
2021-11-02,SO002937,华南,圆通,56.22,8.6,-20.3895,办公用品,3M Organizer Strips,11月
2021-11-02,SO002938,华南,圆通,107.96,3.58,13.24,办公用品,"Super Bands, 12/Pack",11月
2021-11-02,SO002939,华北,圆通,3169.992,105.49,-973.3,家具产品,KI Conference Tables,11月
2021-07-04,SO002940,西北,圆通,1384.34,37.7,562.309,办公用品,3M Organizer Strips,7月
2021-04-29,SO002941,华东,圆通,167.53,14.98,-40.94,办公用品,Crate-A-Files™,4月
2021-04-29,SO002942,华南,圆通,2361.1,449.99,-1042.714,数码电子,Canon PC940 Copier,4月
2021-04-29,SO002943,华北,圆通,1060.34,23.99,-174.94,家具产品,Document Clip Frames,4月
2021-12-09,SO002944,华北,圆通,587.2,20.89,134.25,数码电子,TDK 4.7GB DVD-R,12月
2021-12-09,SO002945,华北,圆通,110.79,2.89,42.68,办公用品,Avery 498,12月
2021-12-09,SO002946,华北,圆通,2011.46,41.32,171.07,家具产品,Document Clip Frames,12月
2021-06-07,SO002947,华北,圆通,400.49,9.06,-237.89,办公用品,Xerox 217,6月
2021-02-24,SO002948,华北,圆通,278.94,9.06,-143.7,办公用品,Xerox 217,2月
2021-08-07,SO002949,华北,圆通,937.04,28.53,391.6035,办公用品,3M Organizer Strips,8月
2021-08-07,SO002950,华北,圆通,1616.64,99.99,26.94,数码电子,TDK 4.7GB DVD-R,8月
2021-01-14,SO002951,华北,圆通,5428.49,150.89,-1046.78,家具产品,Phone 918,1月
2021-01-12,SO002952,华北,圆通,6435.87,300.98,935.06,家具产品,Phone 918,1月
2021-01-12,SO002953,华北,圆通,312.03,29.99,-66.66,数码电子,TDK 4.7GB DVD-R,1月
2021-01-12,SO002954,华北,圆通,145.93,4.98,-113.32,办公用品,Xerox 1922,1月
2021-01-30,SO002955,华北,圆通,16066.85,574.74,7416.43,数码电子,Xerox 193,1月
2021-05-01,SO002956,华北,圆通,2101.59,123.38,554.91,办公用品,Holmes Odor Grabber,5月
2021-07-13,SO002957,华北,圆通,137.07,3.52,-199.295,办公用品,3M Organizer Strips,7月
2021-07-13,SO002958,东北,圆通,203.99,7.28,-8.51,办公用品,Xerox 217,7月
2021-05-04,SO002959,东北,圆通,117.91,3.38,29.27,办公用品,Xerox 217,5月
2021-05-04,SO002960,东北,圆通,3644.6,80.98,-1144.67,办公用品,Crate-A-Files™,5月
2021-05-04,SO002961,东北,圆通,3491.613,125.99,717.696,数码电子,8290,5月
2021-05-04,SO002962,东北,圆通,103.6,2.52,-72.86,办公用品,Letter Slitter,5月
2021-12-25,SO002963,东北,圆通,2962.96,58.14,-612.94,家具产品,Xerox 1907,12月
2021-12-25,SO002964,东北,圆通,782.93,15.57,401.07,办公用品,Grip Seal Envelopes,12月
2021-04-15,SO002965,东北,圆通,34.16,2.1,-2.29,办公用品,Newell 340,4月
2021-11-17,SO002966,西南,圆通,75.15,4.06,-63.53,办公用品,Holmes Odor Grabber,11月
2021-11-17,SO002967,西南,圆通,400.45,9.49,-38.5758,数码电子,Xerox 193,11月
2021-06-03,SO002968,西南,圆通,176.24,10.98,9.85,办公用品,Letter Slitter,6月
2021-02-20,SO002969,西南,圆通,538.14,14.48,111.42,数码电子,TDK 4.7GB DVD+RW,2月
2021-02-20,SO002970,华南,圆通,4956.784,417.4,-296.06,家具产品,KI Conference Tables,2月
2021-05-21,SO002971,华南,圆通,189.73,24.95,43.1715,办公用品,3M Organizer Strips,5月
2021-05-21,SO002972,华南,圆通,278.8,6.88,77.71,办公用品,Xerox 217,5月
2021-03-02,SO002973,华南,圆通,423.07,25.38,126.95,家具产品,Document Clip Frames,3月
2021-03-02,SO002974,华南,圆通,1602.21,48.04,728.49,办公用品,Xerox 1937,3月
2021-08-28,SO002975,华南,圆通,291.16,6.48,-89.47,办公用品,Xerox 20,8月
2021-12-03,SO002976,华南,圆通,912.35,284.98,-379.22,家具产品,Phone 918,12月
2021-07-03,SO002977,华南,圆通,47.93,3.69,15.82,办公用品,Avery 487,7月
2021-05-08,SO002978,华南,圆通,372.09,22.24,98.28,数码电子,TDK 4.7GB DVD-R,5月
2021-07-27,SO002979,华南,圆通,87.32,2.94,-1.18,办公用品,Newell 343,7月
2021-07-09,SO002980,华南,圆通,388.13,21.98,40.11,办公用品,Xerox 217,7月
2021-07-09,SO002981,华南,圆通,2339.84,71.37,-1730.3,家具产品,KI Conference Tables,7月
2021-10-08,SO002982,华南,圆通,3044.7,70.98,-78.36,家具产品,Xerox 1907,10月
2021-05-21,SO002983,华北,圆通,404.3,21.38,-27.34,办公用品,Newell 340,5月
2021-05-21,SO002984,华北,圆通,11674.968,348.21,715.18,家具产品,KI Conference Tables,5月
2021-02-13,SO002985,华北,圆通,8549.04,194.3,2861.01,家具产品,Document Clip Frames,2月
2021-04-25,SO002986,华北,圆通,96.23,3.08,24.05,办公用品,Avery 511,4月
2021-04-25,SO002987,华北,圆通,70.08,9.48,8.02,家具产品,Document Clip Frames,4月
2021-04-25,SO002988,华北,圆通,234.768,70.89,54.23085,家具产品,KI Conference Tables,4月
2021-01-15,SO002989,华北,圆通,77.55,2.12,-37.2,数码电子,TDK 4.7GB DVD-R,1月
2021-04-04,SO002990,华北,圆通,169.48,10.14,48.55,办公用品,Xerox 217,4月
2021-04-06,SO002991,华北,圆通,2227.34,113.64,-609.09,办公用品,Crate-A-Files™,4月
2021-07-01,SO002992,华北,圆通,2170.61,348.21,-62.29,家具产品,KI Conference Tables,7月
2021-04-01,SO002993,华北,圆通,2478.88,387.99,593.589,办公用品,3M Organizer Strips,4月
2021-04-08,SO002994,西北,圆通,1932.97,60.98,-514.94,家具产品,Phone 918,4月
2021-04-08,SO002995,西北,圆通,476.49,10.64,-18.57,家具产品,Document Clip Frames,4月
2021-01-22,SO002996,西北,圆通,1374.7,32.98,-90.3,数码电子,TDK 4.7GB DVD-R,1月
2021-01-22,SO002997,西北,圆通,516.62,17.48,138.33,数码电子,TDK 4.7GB DVD-R,1月
2021-03-15,SO002998,西北,圆通,618.9,36.55,54.92,办公用品,Newell 340,3月
2021-03-27,SO002999,西北,圆通,547.82,18.7,69.63,家具产品,Document Clip Frames,3月
2021-10-28,SO003000,西北,圆通,1611.73,208.16,-314.61,办公用品,Holmes Odor Grabber,10月
2021-10-28,SO003001,西北,圆通,1946.55,1938.02,-4017.6164999999996,数码电子,Xerox 193,10月
2021-12-02,SO003002,西北,圆通,65.31,24.92,-34.4195,办公用品,3M Organizer Strips,12月
2021-08-10,SO003003,西北,圆通,376.65,22.38,-52.647,办公用品,3M Organizer Strips,8月
2021-08-10,SO003004,华东,韵达,40.06,5.98,-24.44,办公用品,Crate-A-Files™,8月
2021-08-10,SO003005,华东,韵达,1665.0394999999999,55.99,366.507,数码电子,Accessory24,8月
2021-04-16,SO003006,华东,韵达,418.93,30.98,82.25,办公用品,Xerox 1979,4月
2021-02-02,SO003007,华东,韵达,145.15,5.94,-169.165,办公用品,3M Organizer Strips,2月
2021-02-02,SO003008,华东,韵达,131.5,39.98,105.9,家具产品,Document Clip Frames,2月
2021-02-02,SO003009,华东,韵达,7814.59,194.3,3408.46,家具产品,Document Clip Frames,2月
2021-02-02,SO003010,华东,韵达,158.99,6.98,-197.13,办公用品,Crate-A-Files™,2月
2021-10-15,SO003011,华东,韵达,474.793,115.99,-407.264,数码电子,DPC 650 Piper,10月
2021-01-11,SO003012,华东,韵达,1965.21,78.69,830.75,家具产品,Document Clip Frames,1月
2021-06-15,SO003013,华东,韵达,670.94,45.19,87.51,数码电子,TDK 4.7GB DVD-R,6月
2021-10-21,SO003014,华东,韵达,278.27,19.35,-51.911,办公用品,3M Organizer Strips,10月
2021-12-17,SO003015,华东,韵达,5232.83,122.99,-1461.65,家具产品,Phone 918,12月
2021-03-02,SO003016,华东,韵达,12.01,3.69,-1.08,办公用品,Avery 501,3月
2021-03-02,SO003017,华东,韵达,1846.76,92.23,3.140000000000043,家具产品,Document Clip Frames,3月
2021-03-02,SO003018,华东,韵达,2211.734,175.99,80.757,数码电子,5165,3月
2021-12-06,SO003019,华东,韵达,120.98,4.13,-92.851,办公用品,3M Organizer Strips,12月
2021-12-06,SO003020,华东,韵达,1082.66,79.52,-256.93,家具产品,Document Clip Frames,12月
2021-11-26,SO003021,华东,韵达,1580.57,60.98,-750.82,办公用品,Holmes Odor Grabber,11月
2021-03-09,SO003022,华东,韵达,239.49,9.98,-159.35,家具产品,Document Clip Frames,3月
2021-03-09,SO003023,华东,韵达,1819.1529999999998,155.99,-35.497,数码电子,LX 788,3月
2021-01-30,SO003024,华南,韵达,71.2,7.38,1.87,家具产品,Document Clip Frames,1月
2021-05-28,SO003025,华南,韵达,1239.4445,65.99,165.50099999999998,数码电子,StarTAC 7760,5月
2021-06-01,SO003026,华南,韵达,5178.17,120.98,531.69,家具产品,Phone 918,6月
2021-06-01,SO003027,华南,韵达,535.24,15.68,216.43,家具产品,Document Clip Frames,6月
2021-09-25,SO003028,华南,韵达,362.76,14.48,19.363,办公用品,3M Organizer Strips,9月
2021-06-13,SO003029,华南,韵达,278.66,27.48,-77.36,数码电子,TDK 4.7GB DVD-R,6月
2021-06-13,SO003030,华南,韵达,491.85,18.97,4.54,办公用品,Xerox 217,6月
2021-05-06,SO003031,华南,韵达,4744.64,99.99,1033.38,数码电子,TDK 4.7GB DVD-R,5月
2021-05-06,SO003032,华南,韵达,40.8255,20.99,-99.979,数码电子,CF 688,5月
2021-05-06,SO003033,华南,韵达,607.13,15.67,274.66,办公用品,Grip Seal Envelopes,5月
2021-05-06,SO003034,华南,韵达,34.22,1.14,-3.19,办公用品,OIC Thumb-Tacks,5月
2021-04-19,SO003035,华南,韵达,115.99,2.6,-53.35,办公用品,Newell 340,4月
2021-02-07,SO003036,华南,韵达,3351.55,90.98,-1036.92,家具产品,Document Clip Frames,2月
2021-11-09,SO003037,华南,韵达,1351.78,56.96,109.92,办公用品,Holmes Odor Grabber,11月
2021-11-09,SO003038,华北,韵达,1560.96,73.98,-120.27,数码电子,TDK 4.7GB DVD-R,11月
2021-01-11,SO003039,华东,韵达,6991.65,399.98,906.8,数码电子,Xerox 193,1月
2021-09-19,SO003040,东北,韵达,28.39,4.98,3.84,办公用品,Avery 498,9月
2021-04-05,SO003041,东北,韵达,168.55,3.69,71.77,办公用品,Avery 487,4月
2021-04-05,SO003042,华南,韵达,77.03,3.14,-47.75,办公用品,Letter Slitter,4月
2021-11-18,SO003043,华南,韵达,401.37,9.74,13.31,家具产品,Document Clip Frames,11月
2021-04-28,SO003044,西北,韵达,73.7,7.59,1.42,家具产品,Document Clip Frames,4月
2021-08-18,SO003045,华南,韵达,244.9,47.98,-135.4,数码电子,TDK 4.7GB DVD-R,8月
2021-09-12,SO003046,华东,韵达,28.75,14.27,-14.352,办公用品,3M Organizer Strips,9月
2021-09-12,SO003047,华东,韵达,19014.24,6783.02,-10263.6597,数码电子,Xerox 193,9月
2021-09-12,SO003048,华东,韵达,385.05,8.14,56.75,办公用品,Newell 340,9月
2021-11-21,SO003049,华东,韵达,85.77,2.84,-102.0165,办公用品,3M Organizer Strips,11月
2021-11-21,SO003050,华东,韵达,149.31,10.98,7.769,办公用品,3M Organizer Strips,11月
2021-04-01,SO003051,华东,韵达,1049.79,51.75,135.79,家具产品,Document Clip Frames,4月
2021-04-01,SO003052,华南,韵达,817.18,55.29,103.38,办公用品,Crate-A-Files™,4月
2021-01-24,SO003053,华南,韵达,81.9,2.94,4.06,办公用品,Newell 343,1月
2021-01-24,SO003054,华南,韵达,495.5,11.58,-12.67,办公用品,Grip Seal Envelopes,1月
2021-07-04,SO003055,华北,韵达,34.88,4.91,-18.3425,办公用品,3M Organizer Strips,7月
2021-10-24,SO003056,东北,韵达,532.11,17.07,59.47,办公用品,Grip Seal Envelopes,10月
2021-12-18,SO003057,华北,韵达,54.3,9.68,1.27,办公用品,Xerox 217,12月
2021-11-11,SO003058,华北,韵达,8937.38,500.98,2383.42,家具产品,Phone 918,11月
2021-11-11,SO003059,华北,韵达,108.85,9.77,10.58,家具产品,Document Clip Frames,11月
2021-11-11,SO003060,华北,韵达,157.47,3.28,8.07,办公用品,Newell 329,11月
2021-07-12,SO003061,华北,韵达,236.32,77.51,-339.95,数码电子,TDK 4.7GB DVD-R,7月
2021-12-10,SO003062,华北,韵达,8225.24,350.98,1909.03,家具产品,Phone 918,12月
2021-02-01,SO003063,华北,韵达,125.273,65.99,-301.90599999999995,数码电子,5180,2月
2021-06-05,SO003064,华北,韵达,4998.03,363.25,1092.94,办公用品,Holmes Odor Grabber,6月
2021-08-26,SO003065,华北,韵达,255.83,226.67,-132.74,家具产品,Phone 918,8月
2021-08-26,SO003066,华北,韵达,947.66,20.98,-2175.09,办公用品,Crate-A-Files™,8月
2021-03-28,SO003067,华北,韵达,1337.19,328.14,-431.45,办公用品,Holmes Odor Grabber,3月
2021-02-10,SO003068,东北,韵达,118.95,12.07,30.8,家具产品,Document Clip Frames,2月
2021-02-10,SO003069,东北,韵达,3814.1710000000003,125.99,1077.129,数码电子,i1000plus,2月
2021-05-17,SO003070,东北,韵达,498.28,13.48,10.18,办公用品,Crate-A-Files™,5月
2021-04-03,SO003071,东北,韵达,1409.86,1500.97,-3461.121,数码电子,Xerox 193,4月
2021-12-30,SO003072,东北,韵达,209.33,4.98,-160.71,办公用品,Xerox 1922,12月
2021-08-21,SO003073,东北,韵达,563.08,18.99,112.965,办公用品,3M Organizer Strips,8月
2021-07-29,SO003074,东北,韵达,216.79,6.98,57.55,家具产品,Document Clip Frames,7月
2021-09-23,SO003075,东北,韵达,6147.24,160.98,632.98,家具产品,Phone 918,9月
2021-02-17,SO003076,东北,韵达,16.81,6.04,-4.14,办公用品,Xerox 217,2月
2021-03-09,SO003077,西南,韵达,265.61,6.48,-147.82,办公用品,Xerox 210,3月
2021-03-09,SO003078,华南,韵达,485.03,17.7,-88.02,办公用品,Crate-A-Files™,3月
2021-12-15,SO003079,华南,韵达,2039.33,95.95,-862.44,家具产品,Phone 918,12月
2021-06-15,SO003080,华南,韵达,751.94,145.45,-283.9419,数码电子,Xerox 193,6月
2021-08-12,SO003081,华南,韵达,581.52,35.44,175.16,办公用品,Xerox 1906,8月
2021-08-12,SO003082,华南,韵达,19.17,3.28,-16.42,办公用品,Newell 342,8月
2021-01-18,SO003083,华南,韵达,2842.54,58.1,1315.749,办公用品,3M Organizer Strips,1月
2021-07-24,SO003084,华南,韵达,939.39,49.43,-122.77,办公用品,Holmes Odor Grabber,7月
2021-01-16,SO003085,华南,韵达,832.14,22.72,175.07,家具产品,Document Clip Frames,1月
2021-09-23,SO003086,华南,韵达,191.13,4.26,38.11,办公用品,Newell 340,9月
2021-09-23,SO003087,华南,韵达,48.24,2.88,-1.62,办公用品,Newell 340,9月
2021-07-31,SO003088,华北,韵达,465.83,9.65,-79.72,家具产品,Document Clip Frames,7月
2021-07-31,SO003089,华北,韵达,515.37,24.92,9.8175,办公用品,3M Organizer Strips,7月
2021-10-07,SO003090,华北,韵达,258.13,6.08,84.1,办公用品,"Super Bands, 12/Pack",10月
2021-09-05,SO003091,华北,韵达,55.97,12.53,-19.343,办公用品,3M Organizer Strips,9月
2021-09-05,SO003092,华北,韵达,174.72,19.98,-63.48,数码电子,TDK 4.7GB DVD-R,9月
2021-09-05,SO003093,华北,韵达,2271.37,49.34,528.11,家具产品,Document Clip Frames,9月
2021-04-23,SO003094,西北,韵达,177.22,5.84,68.96,办公用品,Newell 340,4月
2021-10-13,SO003095,西北,韵达,1138.43,30.97,18.59,数码电子,TDK 4.7GB DVD-R,10月
2021-10-13,SO003096,西北,韵达,5271.045499999999,125.99,1379.763,数码电子,Timeport L7089,10月
2021-09-19,SO003097,西北,韵达,1033.44,29.14,385.63,办公用品,Xerox 217,9月
2021-10-03,SO003098,西北,韵达,943.44,30.98,-89.98,办公用品,Xerox 1988,10月
2021-10-03,SO003099,西北,韵达,14493.84,376.13,634.76,家具产品,KI Conference Tables,10月
2021-09-17,SO003100,西北,韵达,116.22,5.98,26.894000000000002,办公用品,3M Organizer Strips,9月
2021-06-15,SO003101,西北,韵达,329.91,6.48,-279.93,办公用品,Xerox 1905,6月
2021-01-15,SO003102,华东,韵达,24.76,2.88,-1.82,办公用品,Newell 335,1月
2021-05-06,SO003103,华东,韵达,5382.24,152.48,14.85,数码电子,TDK 4.7GB DVD-R,5月
2021-05-06,SO003104,华东,韵达,1035.95,35.41,342.41,数码电子,TDK 4.7GB DVD-R,5月
2021-12-22,SO003105,华东,韵达,2463.6,54.96,1040.65,办公用品,Xerox 1940,12月
2021-11-25,SO003106,华东,韵达,40.24,1.76,-3.73,办公用品,Newell 310,11月
2021-05-14,SO003107,华东,韵达,200.08,5.28,-62.97,办公用品,Xerox 217,5月
2021-05-14,SO003108,华东,韵达,790.24,35.77,-213.18,数码电子,TDK 4.7GB DVD-R,5月
2021-05-29,SO003109,华东,韵达,241.70600000000002,20.99,-92.96100000000001,数码电子,Accessory39,5月
2021-02-19,SO003110,华东,韵达,192.12,39.24,-74.85,数码电子,TDK 4.7GB DVD-R,2月
2021-02-19,SO003111,华南,韵达,3917.61,119.99,40.76,数码电子,Xerox 193,2月
2021-02-19,SO003112,华南,韵达,2788.04,80.98,-849.18,办公用品,Crate-A-Files™,2月
2021-04-04,SO003113,华南,韵达,70.55,7.38,-66.17099999999999,办公用品,3M Organizer Strips,4月
2021-03-28,SO003114,华南,韵达,233.03,8.74,-86.34,办公用品,Grip Seal Envelopes,3月
2021-04-07,SO003115,华南,韵达,816.11,18.97,66.14,办公用品,Xerox 1939,4月
2021-05-27,SO003116,华南,韵达,1194.34,37.7,497.11400000000003,办公用品,3M Organizer Strips,5月
2021-05-27,SO003117,华南,韵达,51.833,55.99,-235.895,数码电子,Accessory36,5月
2021-11-16,SO003118,华南,韵达,7264.64,218.08,1845.68,家具产品,Phone 918,11月
2021-11-17,SO003119,华南,韵达,676.44,34.54,48.756,办公用品,3M Organizer Strips,11月
2021-11-17,SO003120,华南,韵达,128.02,12.28,-7.9,办公用品,Xerox 1881,11月
2021-11-17,SO003121,华南,韵达,526.82,34.58,32.34,办公用品,Newell 340,11月
2021-11-28,SO003122,华东,韵达,2728.42,60.98,664.15,办公用品,Grip Seal Envelopes,11月
2021-03-03,SO003123,华东,韵达,797.98,20.99,237.47400000000002,数码电子,Accessory25,3月
2021-08-29,SO003124,东北,韵达,18.7,4.54,-14.6855,办公用品,3M Organizer Strips,8月
2021-08-29,SO003125,华南,韵达,140.74,3.28,-92.29,办公用品,Newell 337,8月
2021-07-21,SO003126,华南,韵达,1121.78,270.98,-454.8,家具产品,Phone 918,7月
2021-03-28,SO003127,华东,韵达,5404.18,180.98,241.06,家具产品,Phone 918,3月
2021-03-28,SO003128,华东,韵达,430.19,10.31,181.26,办公用品,Xerox 217,3月
2021-06-10,SO003129,华南,韵达,323.11,20.98,41.5225,办公用品,3M Organizer Strips,6月
2021-06-10,SO003130,华南,韵达,65.1,5.68,13.31,办公用品,Xerox 217,6月
2021-06-10,SO003131,华北,韵达,163.75,7.96,23.61,家具产品,Document Clip Frames,6月
2021-10-11,SO003132,华北,韵达,1482.81,60.98,-678.63,办公用品,Holmes Odor Grabber,10月
2021-10-11,SO003133,华南,韵达,6693.28,290.98,40.319999999999936,家具产品,KI Conference Tables,10月
2021-10-11,SO003134,华南,韵达,275.91,7.99,-162.371,数码电子,CF 688,10月
2021-04-28,SO003135,华北,韵达,3259.25,90.97,580.33,数码电子,Xerox 193,4月
2021-11-09,SO003136,华东,韵达,34.94,1.7,-30.7,数码电子,TDK 4.7GB DVD-R,11月
2021-05-18,SO003137,华东,韵达,30.83,7.64,7.27,办公用品,Grip Seal Envelopes,5月
2021-05-07,SO003138,西北,韵达,1623.09,56.96,245.88,办公用品,Holmes Odor Grabber,5月
2021-02-08,SO003139,东北,韵达,121.66,8.85,-11.799,办公用品,3M Organizer Strips,2月
2021-07-18,SO003140,华北,韵达,279.33,83.93,-44.18,办公用品,Airmail Envelopes,7月
2021-01-20,SO003141,华北,韵达,128.62,17.67,-27.78,家具产品,Document Clip Frames,1月
2021-01-20,SO003142,东北,韵达,424.0,8.67,-19.77,办公用品,Holmes Odor Grabber,1月
2021-01-20,SO003143,西南,韵达,504.79,99.99,-245.09,数码电子,TDK 4.7GB DVD-R,1月
2021-03-27,SO003144,华南,韵达,9304.2,213.45,1981.17,数码电子,Xerox 193,3月
2021-03-27,SO003145,华南,韵达,1685.05,55.98,518.07,办公用品,Xerox 1882,3月
2021-03-27,SO003146,西北,韵达,57.48,16.06,-28.09,办公用品,Crate-A-Files™,3月
2021-05-20,SO003147,华东,韵达,251.51,7.7,-9.78,家具产品,Document Clip Frames,5月
2021-06-29,SO003148,华东,韵达,90.93,5.18,14.19,办公用品,Array® Memo Cubes,6月
2021-06-29,SO003149,华东,韵达,6170.912,218.75,-528.653125,家具产品,KI Conference Tables,6月
2021-04-03,SO003150,华南,韵达,1934.6,63.94,614.03,家具产品,Document Clip Frames,4月
2021-04-03,SO003151,华南,韵达,6803.0,150.98,-1061.68,家具产品,Xerox 1907,4月
2021-10-29,SO003152,华南,韵达,2951.7,95.95,-1111.45,家具产品,Phone 918,10月
2021-04-15,SO003153,华北,韵达,365.93,73.98,-243.02,数码电子,TDK 4.7GB DVD-R,4月
2021-12-22,SO003154,华北,韵达,309.3,30.98,-77.89,数码电子,TDK 4.7GB DVD-R,12月
2021-10-29,SO003155,华北,韵达,9544.18,256.99,3392.88,数码电子,TDK 4.7GB DVD-R,10月
2021-10-29,SO003156,华北,韵达,32.92,3.95,-7.73,办公用品,"Super Bands, 12/Pack",10月
2021-09-26,SO003157,华北,韵达,18.26,1.68,-3.89,办公用品,Newell 308,9月
2021-01-11,SO003158,华北,韵达,9843.11,280.98,-384.6,家具产品,Phone 918,1月
2021-01-11,SO003159,华北,韵达,7190.06,500.98,1908.45,数码电子,Xerox 193,1月
2021-04-17,SO003160,华北,韵达,2044.2755000000002,65.99,334.53,数码电子,2190,4月
2021-10-09,SO003161,华北,韵达,2405.0,67.84,696.17,办公用品,Holmes Odor Grabber,10月
2021-07-03,SO003162,华北,韵达,444.52,10.06,161.13,办公用品,Xerox 217,7月
2021-07-03,SO003163,华北,韵达,296.82,6.48,-120.37,办公用品,Xerox 1966,7月
2021-12-07,SO003164,华北,韵达,238.76,110.98,-235.21,办公用品,Crate-A-Files™,12月
2021-03-30,SO003165,东北,韵达,187.84,4.91,-95.0475,办公用品,3M Organizer Strips,3月
2021-03-30,SO003166,东北,韵达,240.6,5.34,3.4509999999999996,办公用品,3M Organizer Strips,3月
2021-03-30,SO003167,东北,韵达,236.878,55.99,-275.253,数码电子,Accessory6,3月
2021-04-05,SO003168,东北,韵达,46.44,1.26,-16.3,办公用品,Bagged Rubber Bands,4月
2021-11-21,SO003169,东北,韵达,6785.86,262.11,-740.07,家具产品,KI Conference Tables,11月
2021-05-22,SO003170,东北,韵达,6277.75,130.98,-592.43,家具产品,Phone 918,5月
2021-05-22,SO003171,东北,韵达,360.24,19.98,-53.82,数码电子,TDK 4.7GB DVD-R,5月
2021-11-10,SO003172,东北,韵达,6.77,2.52,-3.66,办公用品,Newell 340,11月
2021-08-17,SO003173,东北,韵达,209.12,5.98,-116.21,数码电子,TDK 4.7GB DVD-R,8月
2021-08-17,SO003174,东北,韵达,144.84,7.89,21.49,办公用品,"Super Bands, 12/Pack",8月
2021-12-10,SO003175,东北,韵达,140.37,4.48,-893.39,办公用品,Holmes Odor Grabber,12月
2021-12-10,SO003176,东北,韵达,5921.74,130.98,-287.62,家具产品,Phone 918,12月
2021-12-10,SO003177,东北,韵达,68.16,15.98,-52.44,数码电子,TDK 4.7GB DVD-R,12月
2021-02-14,SO003178,东北,韵达,304.98,11.7,2.7285,办公用品,3M Organizer Strips,2月
2021-02-14,SO003179,东北,韵达,104.24,2.78,10.59,办公用品,Newell 340,2月
2021-02-14,SO003180,东北,韵达,198.13,6.98,-219.92,办公用品,Crate-A-Files™,2月
2021-02-14,SO003181,西南,韵达,4366.348,205.99,940.5719999999999,数码电子,6185,2月
2021-04-30,SO003182,西南,韵达,105.13,27.48,-103.23,数码电子,TDK 4.7GB DVD-R,4月
2021-03-01,SO003183,西南,韵达,667.36,28.48,218.89,数码电子,TDK 4.7GB DVD-R,3月
2021-03-01,SO003184,西南,韵达,32.37,2.08,-48.55,家具产品,Document Clip Frames,3月
2021-03-01,SO003185,华南,韵达,1409.0874999999999,45.99,233.559,数码电子,KF 788,3月
2021-05-30,SO003186,华南,韵达,24.96,1.7,-20.68,数码电子,TDK 4.7GB DVD-R,5月
2021-04-06,SO003187,华南,韵达,476.06,14.03,-120.48,办公用品,Crate-A-Files™,4月
2021-09-13,SO003188,华南,韵达,71.24,6.69,2.78,办公用品,Xerox 217,9月
2021-11-23,SO003189,华南,韵达,56.47,12.88,-29.9,办公用品,Letter Slitter,11月
2021-11-18,SO003190,华南,韵达,9107.27,276.2,2463.36,家具产品,Phone 918,11月
2021-10-16,SO003191,华南,韵达,10168.23,304.99,4141.8035,办公用品,3M Organizer Strips,10月
2021-06-25,SO003192,华南,韵达,176.77,4.98,-41.6,办公用品,Xerox 1949,6月
2021-06-25,SO003193,华南,韵达,6568.024000000001,348.21,1715.9,家具产品,KI Conference Tables,6月
2021-06-25,SO003194,华南,韵达,1579.028,35.99,624.978,数码电子,Accessory41,6月
2021-01-13,SO003195,华南,韵达,336.65,11.7,-71.05,办公用品,Holmes Odor Grabber,1月
2021-02-02,SO003196,华南,韵达,122.02,6.48,-115.0,办公用品,Xerox 1997,2月
2021-03-01,SO003197,华南,韵达,3550.28,3499.99,-11769.17,数码电子,Canon PC940 Copier,3月
2021-07-17,SO003198,华南,韵达,98.77,4.91,41.33,办公用品,Avery 508,7月
2021-12-18,SO003199,华南,韵达,216.25,12.22,58.84,家具产品,Document Clip Frames,12月
2021-12-21,SO003200,华北,韵达,1756.11,64.65,-888.07,办公用品,Crate-A-Files™,12月
2021-05-03,SO003201,华北,韵达,1304.0275,65.99,34.362,数码电子,StarTAC Analog,5月
2021-04-02,SO003202,华北,韵达,1801.95,60.89,-182.07,家具产品,Phone 918,4月
2021-10-01,SO003203,华北,韵达,224.09,12.44,-27.92,办公用品,Crate-A-Files™,10月
2021-10-01,SO003204,华北,韵达,56.05,4.98,-27.73,办公用品,Xerox 1952,10月
2021-10-09,SO003205,华北,韵达,1136.47,120.98,323.323,办公用品,3M Organizer Strips,10月
2021-10-09,SO003206,华北,韵达,325.81,152.48,-522.78,数码电子,TDK 4.7GB DVD-R,10月
2021-06-15,SO003207,华北,韵达,12.2,10.01,-33.93,数码电子,TDK 4.7GB DVD-R,6月
2021-07-20,SO003208,华北,韵达,173.7,7.68,-31.5905,办公用品,3M Organizer Strips,7月
2021-07-20,SO003209,西北,韵达,1811.25,367.99,203.43900000000002,办公用品,3M Organizer Strips,7月
2021-07-20,SO003210,西北,韵达,2642.95,262.11,-474.49,家具产品,KI Conference Tables,7月
2021-04-26,SO003211,西北,韵达,8048.45,419.19,1947.67,办公用品,Crate-A-Files™,4月
2021-10-06,SO003212,西北,韵达,292.75,8.95,93.33,办公用品,Xerox 217,10月
2021-05-27,SO003213,西北,韵达,742.21,14.2,122.21,家具产品,Document Clip Frames,5月
2021-09-15,SO003214,西北,韵达,342.27,40.99,-17.68,办公用品,Xerox 217,9月
2021-09-15,SO003215,西北,韵达,168.95,9.78,-15.9,办公用品,Grip Seal Envelopes,9月
2021-09-15,SO003216,西北,韵达,577.95,15.73,-86.43,办公用品,Letter Slitter,9月
2021-04-09,SO003217,西北,韵达,30.92,6.98,28.64,家具产品,Document Clip Frames,4月
2021-04-09,SO003218,西北,韵达,142.8,5.81,-25.0,办公用品,"Super Bands, 12/Pack",4月
2021-10-20,SO003219,华东,韵达,25313.34,810.98,8612.11,数码电子,Xerox 193,10月
2021-06-11,SO003220,华东,韵达,43.29,5.38,-39.123000000000005,办公用品,3M Organizer Strips,6月
2021-09-25,SO003221,华东,韵达,9312.52,218.08,3039.37,家具产品,Phone 918,9月
2021-09-25,SO003222,华东,韵达,220.47,4.98,-135.16,数码电子,TDK 4.7GB DVD-R,9月
2021-02-08,SO003223,华东,韵达,1713.8,99.23,1125.29,家具产品,Document Clip Frames,2月
2021-02-08,SO003224,华东,韵达,116.69,7.08,11.69,办公用品,Newell 340,2月
2021-09-15,SO003225,华东,韵达,23949.51,499.99,-1312.84,数码电子,Canon PC940 Copier,9月
2021-06-23,SO003226,华东,韵达,172.7,6.48,-42.97,办公用品,Xerox 231,6月
2021-06-23,SO003227,华南,韵达,1683.57,80.98,346.54,数码电子,TDK 4.7GB DVD-R,6月
2021-05-21,SO003228,华南,韵达,4252.89,218.08,969.42,家具产品,Phone 918,5月
2021-04-24,SO003229,华南,韵达,1191.73,96.45,147.6,数码电子,Xerox 193,4月
2021-07-26,SO003230,华南,韵达,3549.9,216.6,44.8,家具产品,Phone 918,7月
2021-07-26,SO003231,华南,韵达,138.24,16.74,-60.04,办公用品,Crate-A-Files™,7月
2021-07-30,SO003232,华南,韵达,307.42,8.17,104.09,办公用品,Xerox 217,7月
2021-07-30,SO003233,华南,韵达,608.29,11.97,-39.27,办公用品,Newell 340,7月
2021-05-24,SO003234,华南,韵达,319.62,40.98,-16.64,办公用品,Holmes Odor Grabber,5月
2021-05-24,SO003235,华南,韵达,263.39,8.12,-59.73,数码电子,TDK 4.7GB DVD-R,5月
2021-05-24,SO003236,华南,韵达,7208.8,262.11,-633.4412370000002,家具产品,KI Conference Tables,5月
2021-10-22,SO003237,华南,韵达,336.91,30.98,42.5,办公用品,Xerox 1979,10月
2021-04-16,SO003238,华南,韵达,614.15,39.98,-54.37,数码电子,TDK 4.7GB DVD-R,4月
2021-04-16,SO003239,华南,韵达,154.24,4.98,68.88,办公用品,Avery 498,4月
2021-04-16,SO003240,华南,韵达,140.31,6.48,-94.11,办公用品,Xerox 1984,4月
2021-07-05,SO003241,华东,韵达,17.43,2.88,2.45,家具产品,KI Conference Tables,7月
2021-03-31,SO003242,东北,韵达,2976.19,115.99,-44.517900000000004,数码电子,Xerox 193,3月
2021-12-07,SO003243,东北,韵达,108.42,6.48,-50.82,办公用品,Xerox 1930,12月
2021-12-07,SO003244,东北,韵达,78.47,2.88,17.99,办公用品,Avery 474,12月
2021-01-16,SO003245,华南,韵达,255.31,48.04,41.41,办公用品,Xerox 1937,1月
2021-01-16,SO003246,华南,韵达,50.85,3.6,-6.81,办公用品,Xerox 217,1月
2021-03-13,SO003247,华南,韵达,1460.42,68.81,-441.44,办公用品,Holmes Odor Grabber,3月
2021-03-13,SO003248,西北,韵达,6659.7415,195.99,1647.7469999999998,数码电子,CF 888,3月
2021-11-03,SO003249,华北,韵达,794.58,808.49,-1748.3433,数码电子,Xerox 193,11月
2021-07-02,SO003250,华东,韵达,498.68,25.98,79.52,办公用品,Holmes Odor Grabber,7月
2021-07-02,SO003251,华南,韵达,5208.78,155.06,1547.78,办公用品,Crate-A-Files™,7月
2021-04-18,SO003252,东北,韵达,28.46,5.98,-27.13,数码电子,TDK 4.7GB DVD-R,4月
2021-04-18,SO003253,东北,韵达,23.44,5.98,-10.58,办公用品,Xerox 1992,4月
2021-06-20,SO003254,东北,韵达,238.49,6.48,-110.56,办公用品,Xerox 1894,6月
2021-09-15,SO003255,华南,韵达,5740.32,145.45,1285.74,数码电子,Xerox 193,9月
2021-12-26,SO003256,华北,韵达,31.118499999999997,7.99,-46.904,数码电子,CF 688,12月
2021-12-26,SO003257,华北,韵达,4829.4535,125.99,1235.151,数码电子,SC7868i,12月
2021-08-05,SO003258,华北,韵达,634.12,14.42,-21.65,办公用品,Holmes Odor Grabber,8月
2021-08-05,SO003259,华北,韵达,196.84,5.98,-69.29,办公用品,Xerox 1903,8月
2021-08-05,SO003260,华北,韵达,886.89,65.99,-23.826,数码电子,Talkabout T8367,8月
2021-05-11,SO003261,华北,韵达,512.97,15.67,261.29,办公用品,Grip Seal Envelopes,5月
2021-07-03,SO003262,华北,韵达,3.23,1.26,-2.73,办公用品,Bagged Rubber Bands,7月
2021-07-03,SO003263,华北,韵达,2861.66,80.98,-921.68,办公用品,Crate-A-Files™,7月
2021-07-03,SO003264,东北,韵达,373.2775,65.99,-204.93,数码电子,8860,7月
2021-08-27,SO003265,东北,韵达,852.05,19.98,-20.6,家具产品,Document Clip Frames,8月
2021-05-29,SO003266,东北,韵达,241.81,4.91,-94.829,办公用品,3M Organizer Strips,5月
2021-11-19,SO003267,东北,韵达,136.1,10.52,-3.78,家具产品,Document Clip Frames,11月
2021-11-19,SO003268,东北,韵达,297.85,54.1,-69.89,办公用品,Crate-A-Files™,11月
2021-08-16,SO003269,东北,韵达,4276.0960000000005,209.37,-505.98447900000014,家具产品,KI Conference Tables,8月
2021-04-29,SO003270,东北,韵达,101.57,2.08,-5.9915,办公用品,Round Ring Binders,4月
2021-10-27,SO003271,东北,韵达,1296.46,39.48,376.47,数码电子,TDK 4.7GB DVD-R,10月
2021-06-18,SO003272,东北,韵达,11481.03,399.98,2799.65,数码电子,Xerox 193,6月
2021-03-13,SO003273,东北,韵达,123.1,6.48,-75.44,办公用品,Xerox 210,3月
2021-12-29,SO003274,东北,韵达,209.3,13.48,7.86,办公用品,Crate-A-Files™,12月
2021-02-16,SO003275,东北,韵达,1009.8,22.98,352.64,数码电子,TDK 4.7GB DVD-R,2月
2021-02-16,SO003276,东北,韵达,29.71,2.52,-23.17,办公用品,Letter Slitter,2月
2021-08-08,SO003277,东北,韵达,442.76,15.01,-17.112000000000002,办公用品,3M Organizer Strips,8月
2021-08-08,SO003278,东北,韵达,2684.98,120.98,1115.1405,办公用品,3M Organizer Strips,8月
2021-10-28,SO003279,东北,韵达,980.95,22.84,234.68,办公用品,Xerox 1991,10月
2021-03-19,SO003280,东北,韵达,154.61,5.34,-82.823,办公用品,3M Organizer Strips,3月
2021-03-19,SO003281,西南,韵达,1063.35,65.99,107.08200000000001,数码电子,8860,3月
2021-01-06,SO003282,西南,韵达,101.77,3.28,-73.19,办公用品,Newell 342,1月
2021-01-06,SO003283,西南,韵达,26133.39,880.98,-11053.6,家具产品,Xerox 1907,1月
2021-08-28,SO003284,西南,韵达,2004.6,47.98,230.3,数码电子,TDK 4.7GB DVD-R,8月
2021-04-11,SO003285,西南,韵达,180.43,19.99,-44.86,家具产品,Document Clip Frames,4月
2021-04-11,SO003286,华南,韵达,1077.8084999999999,65.99,17.253,数码电子,5180,4月
2021-04-11,SO003287,华南,韵达,2899.98,159.99,666.01,数码电子,Gyration RF Keyboard,4月
2021-04-11,SO003288,华南,韵达,233.38,6.48,-180.17,办公用品,Xerox 227,4月
2021-04-28,SO003289,华南,韵达,129.33,4.13,48.25,办公用品,Avery 491,4月
2021-04-28,SO003290,华南,韵达,2461.23,55.48,748.2,办公用品,Xerox 194,4月
2021-12-11,SO003291,华南,韵达,104.7,3.69,42.16,办公用品,Avery 52,12月
2021-12-11,SO003292,华南,韵达,284.4525,65.99,-254.782,数码电子,V 3600 Series,12月
2021-01-09,SO003293,华南,韵达,11747.97,363.25,3302.03,办公用品,Holmes Odor Grabber,1月
2021-05-31,SO003294,华北,韵达,1011.16,136.98,547.96,家具产品,Document Clip Frames,5月
2021-08-09,SO003295,华北,韵达,25.82,4.98,-10.19,办公用品,Xerox 1949,8月
2021-08-09,SO003296,华北,韵达,579.71,31.76,24.296400000000002,家具产品,KI Conference Tables,8月
2021-07-18,SO003297,西北,韵达,425.67,28.53,166.5745,办公用品,3M Organizer Strips,7月
2021-07-18,SO003298,西北,韵达,173.44,17.98,-34.626,数码电子,Xerox 193,7月
2021-03-12,SO003299,西北,韵达,2671.21,200.97,636.18,数码电子,Xerox 193,3月
2021-10-31,SO003300,西北,韵达,192.78,4.28,4.59,办公用品,Newell 320,10月
2021-01-14,SO003301,西北,韵达,210.9,6.48,-62.46,办公用品,Xerox 1994,1月
2021-08-28,SO003302,华东,韵达,9262.35,199.99,2787.59,数码电子,Canon PC940 Copier,8月
2021-05-05,SO003303,华东,韵达,247.34,37.7,63.6055,办公用品,3M Organizer Strips,5月
2021-11-27,SO003304,华东,韵达,2601.7904999999996,65.99,748.197,数码电子,8860,11月
2021-12-21,SO003305,华东,韵达,1043.12,150.98,-52.49579999999995,数码电子,Xerox 193,12月
2021-12-21,SO003306,华东,韵达,285.91,6.24,-104.99,家具产品,Document Clip Frames,12月
2021-12-21,SO003307,华东,韵达,2611.8035,65.99,644.8140000000001,数码电子,252,12月
2021-09-24,SO003308,华南,韵达,6768.16,152.48,907.49,数码电子,TDK 4.7GB DVD-R,9月
2021-09-24,SO003309,华南,韵达,10.65,2.61,-0.64,办公用品,Avery 494,9月
2021-09-05,SO003310,华南,韵达,4587.926,195.99,687.411,数码电子,688,9月
2021-09-05,SO003311,华南,韵达,4541.924,125.99,1222.1370000000002,数码电子,M3682,9月
2021-08-30,SO003312,华南,韵达,305.48,11.55,47.14,办公用品,Newell 309,8月
2021-11-06,SO003313,华南,韵达,2029.496,320.64,251.64,家具产品,KI Conference Tables,11月
2021-05-19,SO003314,华南,韵达,4182.52,95.99,-785.36,办公用品,Crate-A-Files™,5月
2021-06-29,SO003315,华南,韵达,7928.561999999999,205.99,2229.48,数码电子,Phone 918,6月
2021-11-28,SO003316,华南,韵达,3701.5204999999996,115.99,894.06,数码电子,8890,11月
2021-07-25,SO003317,华南,韵达,122.74,7.28,-28.13,办公用品,Xerox 217,7月
2021-12-05,SO003318,华南,韵达,715.8,55.5,-279.12,家具产品,Document Clip Frames,12月
2021-12-05,SO003319,华南,韵达,10941.23,227.55,1687.07,家具产品,KI Conference Tables,12月
2021-12-15,SO003320,华南,韵达,408.23,40.97,52.38,数码电子,TDK 4.7GB DVD-R,12月
2021-08-10,SO003321,华南,韵达,6163.52,225.02,755.95,办公用品,Crate-A-Files™,8月
2021-03-18,SO003322,华东,韵达,10364.36,220.98,1049.03,家具产品,Xerox 1907,3月
2021-11-26,SO003323,西南,韵达,487.7,31.98,-67.54,办公用品,Crate-A-Files™,11月
2021-07-13,SO003324,华北,韵达,105.94,4.48,-566.0,办公用品,Holmes Odor Grabber,7月
2021-10-31,SO003325,华南,韵达,200.24,6.48,-59.85,办公用品,Xerox 226,10月
2021-01-10,SO003326,华东,韵达,21390.44,500.98,5365.43,家具产品,Phone 918,1月
2021-01-10,SO003327,华北,韵达,169.75,20.34,-194.85,办公用品,Crate-A-Files™,1月
2021-02-07,SO003328,东北,韵达,630.14,19.98,108.0,办公用品,Xerox 217,2月
2021-02-07,SO003329,华南,韵达,2813.8484999999996,125.99,377.154,数码电子,Timeport L7089,2月
2021-06-04,SO003330,西北,韵达,86.61,12.97,15.691,办公用品,3M Organizer Strips,6月
2021-07-27,SO003331,西北,韵达,5845.82,200.97,2227.89,数码电子,Xerox 193,7月
2021-09-17,SO003332,西北,韵达,127.16,6.68,-74.03,办公用品,Xerox 1898,9月
2021-07-06,SO003333,华南,韵达,1861.36,42.98,627.85,办公用品,Holmes Odor Grabber,7月
2021-07-06,SO003334,西北,韵达,937.62,21.78,187.2,办公用品,Holmes Odor Grabber,7月
2021-07-06,SO003335,华北,韵达,33.02,3.15,8.4,办公用品,Avery 520,7月
2021-11-09,SO003336,华南,韵达,1278.6464999999998,200.99,-396.165,数码电子,2160i,11月
2021-07-12,SO003337,西北,韵达,1624.5964999999999,65.99,109.83600000000001,数码电子,6120,7月
2021-07-12,SO003338,华南,韵达,381.36,10.01,128.03,数码电子,TDK 4.7GB DVD-R,7月
2021-09-20,SO003339,华南,韵达,321.02,8.67,-11.88,办公用品,Holmes Odor Grabber,9月
2021-07-14,SO003340,华北,韵达,384.2,65.99,-164.46099999999998,数码电子,6190,7月
2021-06-01,SO003341,华东,韵达,2580.67,122.99,-1050.77,家具产品,Phone 918,6月
2021-06-01,SO003342,华东,韵达,955.46,50.98,-79.05,数码电子,TDK 4.7GB DVD-R,6月
2021-06-01,SO003343,华北,韵达,121.26,35.44,-12.52,办公用品,Xerox 1906,6月
2021-12-17,SO003344,华北,韵达,71.39,2.6,-39.33,办公用品,Newell 340,12月
2021-04-08,SO003345,华北,韵达,138.52,4.48,-895.24,办公用品,Holmes Odor Grabber,4月
2021-04-08,SO003346,华北,韵达,1735.59,150.89,-506.43,家具产品,Phone 918,4月
2021-06-23,SO003347,华北,韵达,376.53,15.94,3.44,办公用品,Newell 340,6月
2021-03-04,SO003348,东北,韵达,127.48,6.48,-41.99,办公用品,Xerox 226,3月
2021-11-21,SO003349,西南,韵达,66.63,11.97,-16.92,办公用品,Holmes Odor Grabber,11月
2021-10-31,SO003350,西南,韵达,87.44,1.76,1.33,办公用品,Newell 310,10月
2021-10-31,SO003351,华南,韵达,1318.49,24.98,4.69,办公用品,Crate-A-Files™,10月
2021-10-31,SO003352,华南,韵达,11.89,1.26,-6.12,办公用品,Bagged Rubber Bands,10月
2021-10-31,SO003353,华南,韵达,129.7865,35.99,-116.512,数码电子,Accessory41,10月
2021-08-26,SO003354,华南,韵达,531.66,20.89,135.65,数码电子,TDK 4.7GB DVD-R,8月
2021-08-26,SO003355,华南,韵达,317.85,11.58,-13.95,办公用品,Grip Seal Envelopes,8月
2021-08-26,SO003356,华北,韵达,163.08,4.13,66.17,办公用品,Avery 506,8月
2021-01-02,SO003357,华北,韵达,1227.18,23.99,-252.53,家具产品,Document Clip Frames,1月
2021-06-20,SO003358,华北,韵达,103.07,2.78,-0.9499999999999993,办公用品,Newell 340,6月
2021-06-20,SO003359,华北,韵达,896.1804999999999,65.99,82.044,数码电子,8860,6月
2021-07-17,SO003360,西北,韵达,199.16,40.98,-64.87,数码电子,TDK 4.7GB DVD-R,7月
2021-07-25,SO003361,华东,韵达,6366.52,297.64,935.8000000000005,数码电子,Xerox 193,7月
2021-04-13,SO003362,华东,韵达,4278.61,150.98,-955.56,家具产品,Xerox 1907,4月
2021-08-22,SO003363,华东,韵达,128.25,3.98,-95.312,办公用品,3M Organizer Strips,8月
2021-08-22,SO003364,华东,韵达,120.56,5.98,-79.35,办公用品,Xerox 1920,8月
2021-08-22,SO003365,华东,韵达,2640.6865,65.99,751.383,数码电子,252,8月
2021-07-16,SO003366,华东,韵达,7981.2,376.13,-592.5205000000002,家具产品,KI Conference Tables,7月
2021-03-15,SO003367,华南,韵达,170.42,4.91,-98.31349999999999,办公用品,3M Organizer Strips,3月
2021-03-15,SO003368,华北,韵达,431.29,140.81,-164.59,家具产品,Phone 918,3月
2021-03-15,SO003369,华南,韵达,294.26,5.58,88.8,办公用品,Newell 314,3月
2021-08-04,SO003370,华南,韵达,17.19,14.48,-35.34,数码电子,TDK 4.7GB DVD+RW,8月
2021-08-04,SO003371,华南,韵达,2689.48,99.99,399.93,数码电子,TDK 4.7GB DVD-R,8月
2021-08-04,SO003372,华南,韵达,15.31,4.98,-8.15,办公用品,Xerox 190,8月
2021-04-17,SO003373,华南,韵达,199.58,4.82,46.308,办公用品,3M Organizer Strips,4月
2021-04-17,SO003374,华南,韵达,80.59,7.64,-20.49,办公用品,Xerox 217,4月
2021-04-17,SO003375,华南,韵达,4158.0725,155.99,836.145,数码电子,LX 788,4月
2021-05-20,SO003376,华南,韵达,205.24,30.98,-135.51,数码电子,TDK 4.7GB DVD-R,5月
2021-05-20,SO003377,东北,韵达,825.82,20.34,-1049.26,办公用品,Crate-A-Files™,5月
2021-11-30,SO003378,华南,韵达,1844.26,37.76,47.58,办公用品,Crate-A-Files™,11月
2021-11-23,SO003379,华东,韵达,270.63,21.98,7.07,办公用品,Xerox 217,11月
2021-11-23,SO003380,华南,韵达,6583.913,195.99,1459.791,数码电子,CF 888,11月
2021-07-06,SO003381,华北,韵达,31.01,6.75,-4.485,办公用品,3M Organizer Strips,7月
2021-07-06,SO003382,华北,韵达,331.83,7.1,-101.24600000000001,办公用品,3M Organizer Strips,7月
2021-07-06,SO003383,华北,韵达,446.46,20.95,-1.88,数码电子,TDK 4.7GB DVD-R,7月
2021-07-06,SO003384,华北,韵达,1252.89,39.06,339.745,办公用品,3M Organizer Strips,7月
2021-07-06,SO003385,华北,韵达,47.79,3.52,-57.753,办公用品,3M Organizer Strips,7月
2021-07-06,SO003386,华北,韵达,63.84,15.51,-47.97,办公用品,Crate-A-Files™,7月
2021-01-22,SO003387,华北,韵达,345.19,30.44,111.588,办公用品,3M Organizer Strips,1月
2021-02-01,SO003388,华北,韵达,3644.596,95.99,1104.318,数码电子,T60,2月
2021-08-22,SO003389,华北,韵达,10.94,9.68,-4.35,办公用品,Xerox 217,8月
2021-08-22,SO003390,华北,韵达,1755.3,150.98,-7.009999999999991,家具产品,KI Conference Tables,8月
2021-03-14,SO003391,华北,韵达,9539.6,200.98,-163.63,家具产品,Xerox 1907,3月
2021-03-14,SO003392,华北,韵达,109.86,4.28,-63.87,办公用品,Xerox 1971,3月
2021-03-14,SO003393,华北,韵达,1426.5125,85.99,-175.175,数码电子,Accessory4,3月
2021-07-30,SO003394,东北,韵达,13.44,4.28,-8.88,办公用品,Xerox 1971,7月
2021-07-30,SO003395,东北,韵达,1049.49,43.57,-5.41,办公用品,Crate-A-Files™,7月
2021-02-03,SO003396,东北,韵达,2354.4,55.94,246.54,数码电子,TDK 4.7GB DVD-R,2月
2021-02-03,SO003397,东北,韵达,35.640499999999996,20.99,-110.396,数码电子,Accessory29,2月
2021-06-16,SO003398,东北,韵达,706.53,40.48,-314.42,数码电子,TDK 4.7GB DVD-R,6月
2021-08-16,SO003399,东北,韵达,1840.8535,85.99,424.638,数码电子,6340,8月
2021-07-17,SO003400,东北,韵达,60.64,1.86,-66.62,办公用品,"Super Bands, 12/Pack",7月
2021-08-07,SO003401,东北,韵达,2482.034,65.99,421.893,数码电子,i500plus,8月
2021-10-03,SO003402,东北,韵达,548.3,11.97,-47.92,办公用品,Holmes Odor Grabber,10月
2021-09-17,SO003403,东北,韵达,946.27,33.29,66.38,办公用品,Crate-A-Files™,9月
2021-09-15,SO003404,西南,韵达,512.81,33.94,-177.07,家具产品,Phone 918,9月
2021-08-02,SO003405,华南,韵达,4865.72,200.97,1951.3,数码电子,Xerox 193,8月
2021-09-29,SO003406,华南,韵达,1596.86,44.01,418.6,办公用品,Holmes Odor Grabber,9月
2021-09-29,SO003407,华南,韵达,78.36,6.68,8.52,办公用品,Newell 340,9月
2021-05-10,SO003408,华南,韵达,103.48,3.14,20.53,办公用品,Xerox 217,5月
2021-05-11,SO003409,华南,韵达,12612.66,350.99,3325.03,家具产品,Phone 918,5月
2021-05-16,SO003410,华南,韵达,7333.45,279.48,-207.28,办公用品,Crate-A-Files™,5月
2021-03-26,SO003411,华南,韵达,205.11,4.91,95.52,办公用品,Avery 508,3月
2021-03-26,SO003412,华南,韵达,3981.23,193.17,294.94,办公用品,Crate-A-Files™,3月
2021-03-26,SO003413,华南,韵达,2458.2425000000003,155.99,110.538,数码电子,CF 688,3月
2021-06-26,SO003414,华南,韵达,4256.51,100.97,1653.96,数码电子,TDK 4.7GB DVD-R,6月
2021-06-26,SO003415,华南,韵达,503.08,40.98,-102.74,数码电子,TDK 4.7GB DVD-R,6月
2021-06-26,SO003416,华南,韵达,76.94,4.13,29.67,办公用品,Avery 491,6月
2021-08-10,SO003417,华南,韵达,1003.31,40.97,51.9,家具产品,Document Clip Frames,8月
2021-08-10,SO003418,华南,韵达,6048.18,349.45,1418.36,家具产品,KI Conference Tables,8月
2021-01-26,SO003419,华南,韵达,8662.34,549.99,-704.66,数码电子,Canon PC940 Copier,1月
2021-06-06,SO003420,华南,韵达,107.67,50.98,-234.66,数码电子,TDK 4.7GB DVD-R,6月
2021-03-06,SO003421,华南,韵达,3236.8,230.98,501.69,家具产品,KI Conference Tables,3月
2021-12-29,SO003422,华南,韵达,3467.28,179.29,-433.2901430000001,家具产品,KI Conference Tables,12月
2021-02-06,SO003423,华南,韵达,11036.16,236.97,1187.8,家具产品,KI Conference Tables,2月
2021-07-09,SO003424,华东,韵达,443.35,11.97,-21.73,办公用品,Holmes Odor Grabber,7月
2021-07-09,SO003425,华北,韵达,392.61,9.48,-100.15,家具产品,Document Clip Frames,7月
2021-07-09,SO003426,西北,韵达,30.85,5.98,-12.88,办公用品,Xerox 1903,7月
2021-12-03,SO003427,西北,韵达,1689.97,68.81,-564.74,办公用品,Holmes Odor Grabber,12月
2021-05-07,SO003428,西北,韵达,115.71,6.48,-91.61,办公用品,Xerox 212,5月
2021-12-06,SO003429,西北,韵达,169.11,20.89,-10.59,数码电子,TDK 4.7GB DVD-R,12月
2021-12-06,SO003430,西北,韵达,152.59,3.98,27.38,办公用品,Newell 340,12月
2021-04-22,SO003431,西北,韵达,28.11,8.12,-31.62,数码电子,TDK 4.7GB DVD-R,4月
2021-04-22,SO003432,西北,韵达,27.06,1.76,-0.06000000000000005,办公用品,Newell 310,4月
2021-05-06,SO003433,西北,韵达,3051.27,80.97,121.48,数码电子,Xerox 193,5月
2021-06-11,SO003434,西北,韵达,127.56,5.34,-60.72,办公用品,3M Organizer Strips,6月
2021-01-26,SO003435,西北,韵达,4587.3,150.98,1771.15,数码电子,Xerox 193,1月
2021-01-26,SO003436,华东,韵达,403.71,25.98,-97.47,家具产品,Phone 918,1月
2021-01-26,SO003437,华东,韵达,1243.45,32.48,-1212.55,办公用品,Crate-A-Files™,1月
2021-03-26,SO003438,华东,韵达,81.58,10.98,-7.78,办公用品,Letter Slitter,3月
2021-03-14,SO003439,华东,韵达,269.3,7.96,22.38,家具产品,Document Clip Frames,3月
2021-12-11,SO003440,华东,韵达,531.063,20.99,24.561,数码电子,CF 688,12月
2021-12-11,SO003441,华东,韵达,152.84,14.58,38.02,家具产品,Document Clip Frames,12月
2021-03-01,SO003442,华东,韵达,180.79,22.84,20.09,办公用品,Xerox 1929,3月
2021-11-18,SO003443,华东,韵达,13921.6,300.65,5183.04,办公用品,Holmes Odor Grabber,11月
2021-11-18,SO003444,华南,韵达,467.5,11.97,-33.34,办公用品,Holmes Odor Grabber,11月
2021-06-23,SO003445,华南,韵达,1081.22,43.98,130.8,办公用品,Newell 340,6月
2021-06-23,SO003446,华南,韵达,36.41,2.23,-31.45,家具产品,Document Clip Frames,6月
2021-04-09,SO003447,华南,韵达,38.56,4.55,4.08,办公用品,3M Organizer Strips,4月
2021-08-09,SO003448,华南,韵达,42.29,2.16,-85.2725,办公用品,3M Organizer Strips,8月
2021-08-14,SO003449,华南,韵达,197.36,4.18,-43.5045,办公用品,3M Organizer Strips,8月
2021-01-18,SO003450,华南,韵达,883.31,200.98,-79.96,家具产品,Phone 918,1月
2021-07-16,SO003451,华南,韵达,9695.84,599.99,2752.11,数码电子,Canon PC940 Copier,7月
2021-07-16,SO003452,华南,韵达,246.79,6.48,-90.08,办公用品,Xerox 21,7月
2021-07-16,SO003453,华南,韵达,777.78,19.84,237.75,办公用品,Newell 340,7月
2021-11-21,SO003454,华南,韵达,1644.59,50.98,-52.92,数码电子,TDK 4.7GB DVD-R,11月
2021-01-29,SO003455,华南,韵达,1379.98,113.98,-151.73,家具产品,Phone 918,1月
2021-04-29,SO003456,华南,韵达,2368.1679999999997,85.99,1181.295,数码电子,Accessory8,4月
2021-07-28,SO003457,华南,韵达,2550.12,60.97,882.45,办公用品,Holmes Odor Grabber,7月
2021-07-28,SO003458,华南,韵达,5897.47,122.99,-1764.29,家具产品,Phone 918,7月
2021-04-15,SO003459,华南,韵达,662.51,15.67,293.32,办公用品,Grip Seal Envelopes,4月
2021-04-15,SO003460,华南,韵达,61.18,2.88,6.85,办公用品,Newell 340,4月
2021-06-04,SO003461,华东,韵达,3029.97,999.99,-1819.9964999999997,数码电子,Xerox 193,6月
2021-06-04,SO003462,华南,韵达,241.04,6.48,-28.2,办公用品,Xerox 23,6月
2021-03-17,SO003463,华北,韵达,44.17,7.59,23.41,家具产品,Document Clip Frames,3月
2021-03-17,SO003464,华北,韵达,192.92,5.43,74.58,办公用品,Xerox 217,3月
2021-03-17,SO003465,东北,韵达,10532.94,279.48,406.37,办公用品,Crate-A-Files™,3月
2021-03-05,SO003466,东北,韵达,364.4,8.5,51.08,数码电子,TDK 4.7GB DVD-R,3月
2021-05-07,SO003467,华南,韵达,33.99,4.77,-25.86,数码电子,TDK 4.7GB DVD-R,5月
2021-09-15,SO003468,华南,韵达,260.51,7.3,-127.5235,办公用品,3M Organizer Strips,9月
2021-09-15,SO003469,华东,韵达,466.28,29.89,92.7,数码电子,TDK 4.7GB DVD-R,9月
2021-03-10,SO003470,华南,韵达,1961.39,136.98,761.04,家具产品,Document Clip Frames,3月
2021-03-10,SO003471,华南,韵达,4.94,1.48,-1.76,办公用品,Binder Clips by OIC,3月
2021-09-30,SO003472,华南,韵达,22.06,4.98,-15.6,办公用品,Xerox 1922,9月
2021-12-06,SO003473,华南,韵达,549.92,180.98,-210.97,家具产品,Phone 918,12月
2021-12-06,SO003474,华南,韵达,182.09,6.48,-28.15,办公用品,Xerox 1995,12月
2021-01-10,SO003475,华北,韵达,1091.47,92.23,160.48,家具产品,Document Clip Frames,1月
2021-01-10,SO003476,西北,韵达,112.59,3.28,-126.7,办公用品,Newell 35,1月
2021-06-28,SO003477,华北,韵达,9633.59,216.6,176.67,家具产品,Phone 918,6月
2021-06-28,SO003478,华北,韵达,3758.77,140.81,753.61,家具产品,Phone 918,6月
2021-02-17,SO003479,华北,韵达,1616.66,100.98,112.58,家具产品,Xerox 1907,2月
2021-02-17,SO003480,华北,韵达,96.21,14.58,-19.34,家具产品,Document Clip Frames,2月
2021-11-15,SO003481,华北,韵达,18.91,3.89,-16.353,办公用品,Avery Binder Labels,11月
2021-11-15,SO003482,华北,韵达,685.7,88.84,350.94,家具产品,Document Clip Frames,11月
2021-11-15,SO003483,华北,韵达,1024.165,115.99,-105.69900000000001,数码电子,2160,11月
2021-01-23,SO003484,华北,韵达,1383.2,73.98,-23.44,数码电子,TDK 4.7GB DVD-R,1月
2021-05-27,SO003485,华北,韵达,211.42,9.71,-113.52,办公用品,Crate-A-Files™,5月
2021-09-06,SO003486,华北,韵达,112.03,5.18,-57.9945,办公用品,3M Organizer Strips,9月
2021-07-16,SO003487,华北,韵达,5205.83,124.49,-818.7660000000001,家具产品,KI Conference Tables,7月
2021-03-19,SO003488,华北,韵达,175.23,3.69,-13.35,办公用品,Colored Envelopes,3月
2021-06-10,SO003489,华北,韵达,132.72,8.85,-9.177,办公用品,3M Organizer Strips,6月
2021-04-24,SO003490,东北,韵达,1396.58,35.41,600.72,数码电子,TDK 4.7GB DVD-R,4月
2021-04-24,SO003491,东北,韵达,6448.69,142.86,1663.35,办公用品,Letter Size Cart,4月
2021-03-23,SO003492,东北,韵达,143.78,22.72,75.3,家具产品,Document Clip Frames,3月
2021-08-20,SO003493,东北,韵达,252.99,7.08,28.76,办公用品,Newell 340,8月
2021-05-26,SO003494,东北,韵达,224.58,5.18,46.31,办公用品,Array® Memo Cubes,5月
2021-10-19,SO003495,东北,韵达,1646.47,48.91,743.59,办公用品,Xerox 1891,10月
2021-11-07,SO003496,西南,韵达,149.64,16.74,13.77,办公用品,3M Organizer Strips,11月
2021-07-26,SO003497,西南,韵达,3416.38,100.98,-1142.2,家具产品,Xerox 1907,7月
2021-07-26,SO003498,西南,韵达,142.81,10.14,39.64,办公用品,Xerox 217,7月
2021-01-27,SO003499,西南,韵达,1760.35,34.98,-17.08,数码电子,TDK 4.7GB DVD-R,1月
2021-01-27,SO003500,西南,韵达,1436.94,37.94,639.66,办公用品,Xerox 217,1月
2021-01-27,SO003501,华南,韵达,125.8,6.48,-35.98,办公用品,Xerox 229,1月
2021-01-27,SO003502,华南,韵达,5797.68,200.99,1366.569,数码电子,2160i,1月
2021-01-26,SO003503,华南,韵达,487.59,58.14,-205.29,家具产品,Xerox 1907,1月
2021-03-29,SO003504,华南,韵达,2528.49,420.98,580.1505,办公用品,3M Organizer Strips,3月
2021-03-29,SO003505,华南,韵达,1146.11,29.18,330.63,家具产品,Document Clip Frames,3月
2021-12-17,SO003506,华南,韵达,4152.12,120.33,817.98,办公用品,Crate-A-Files™,12月
2021-03-11,SO003507,华南,韵达,1561.2205,55.99,-226.82,数码电子,Accessory28,3月
2021-09-25,SO003508,华南,韵达,1793.24,46.89,739.36,办公用品,Holmes Odor Grabber,9月
2021-09-25,SO003509,华南,韵达,143.667,85.99,-363.55,数码电子,Accessory8,9月
2021-12-16,SO003510,华南,韵达,3585.91,146.34,-178.54,家具产品,KI Conference Tables,12月
2021-01-05,SO003511,华南,韵达,477.39,81.94,-211.36,家具产品,Xerox 1907,1月
2021-01-05,SO003512,华南,韵达,552.08,37.94,203.24,办公用品,Xerox 217,1月
2021-08-23,SO003513,华南,韵达,4636.62,209.37,-318.45177000000007,家具产品,KI Conference Tables,8月
2021-08-23,SO003514,华南,韵达,100.11,4.98,-41.7,办公用品,Xerox 217,8月
2021-09-21,SO003515,华南,韵达,295.12,6.48,-151.93,办公用品,Xerox 217,9月
2021-07-20,SO003516,华南,韵达,7767.02,1270.99,2070.617,办公用品,3M Organizer Strips,7月
2021-07-20,SO003517,华东,韵达,1893.93,2036.48,-4654.7349,数码电子,Xerox 193,7月
2021-12-18,SO003518,华北,韵达,941.13,48.04,344.95,办公用品,Xerox 1885,12月
2021-10-30,SO003519,华北,韵达,78.79,14.42,-21.29,办公用品,Holmes Odor Grabber,10月
2021-10-30,SO003520,华北,韵达,3928.25,420.98,1343.2465,办公用品,3M Organizer Strips,10月
2021-06-29,SO003521,华北,韵达,711.875,35.99,217.332,数码电子,Accessory9,6月
2021-02-19,SO003522,西北,韵达,156.97,34.54,-25.4265,办公用品,3M Organizer Strips,2月
2021-12-01,SO003523,西北,韵达,141.27,21.38,28.1435,办公用品,3M Organizer Strips,12月
2021-12-01,SO003524,西北,韵达,16.02,1.81,-2.82,办公用品,"Super Bands, 12/Pack",12月
2021-12-01,SO003525,西北,韵达,242.8,5.84,95.91,办公用品,Newell 340,12月
2021-01-25,SO003526,东北,韵达,693.06,39.98,148.3,办公用品,Grip Seal Envelopes,1月
2021-01-25,SO003527,华东,韵达,4475.03,115.99,-167.83169999999998,数码电子,Xerox 193,1月
2021-02-04,SO003528,华东,韵达,237.15,4.91,123.02,办公用品,Avery 493,2月
2021-02-04,SO003529,华东,韵达,179.22,7.28,-139.9,办公用品,Xerox 217,2月
2021-02-04,SO003530,华东,韵达,71.86,6.68,-35.52,办公用品,Xerox 217,2月
2021-10-15,SO003531,华东,韵达,195.21,7.08,16.4,办公用品,Newell 340,10月
2021-08-20,SO003532,华东,韵达,102.5,6.68,13.84,办公用品,Newell 340,8月
2021-01-20,SO003533,华东,韵达,1038.99,19.94,-180.45,家具产品,Document Clip Frames,1月
2021-01-20,SO003534,华东,韵达,114.01,6.69,6.99,办公用品,Xerox 217,1月
2021-01-20,SO003535,华东,韵达,30.37,4.98,-1.74,办公用品,Xerox 1952,1月
2021-05-25,SO003536,华东,韵达,545.38,22.84,89.6,办公用品,Xerox 1991,5月
2021-05-25,SO003537,华东,韵达,271.78,5.84,52.74,办公用品,Newell 312,5月
2021-01-03,SO003538,华东,韵达,1564.1615,85.99,682.4789999999999,数码电子,Accessory12,1月
2021-03-30,SO003539,华东,韵达,4091.1519999999996,115.99,1303.92,数码电子,StarTAC 7797,3月
2021-12-01,SO003540,华东,韵达,271.14,8.33,29.21,数码电子,TDK 4.7GB DVD-R,12月
2021-12-01,SO003541,华南,韵达,1150.3,48.91,418.19,办公用品,Xerox 1891,12月
2021-11-06,SO003542,华南,韵达,926.85,28.53,382.942,办公用品,3M Organizer Strips,11月
2021-09-17,SO003543,华南,韵达,299.68,8.85,-29.3595,办公用品,3M Organizer Strips,9月
2021-05-21,SO003544,华南,韵达,179.26,10.91,36.779500000000006,办公用品,3M Organizer Strips,5月
2021-05-21,SO003545,华南,韵达,202.64,4.13,28.75,办公用品,Newell 31,5月
2021-08-21,SO003546,华南,韵达,418.7,22.01,22.88,办公用品,Newell 340,8月
2021-02-24,SO003547,华南,韵达,7679.511999999999,205.99,2307.42,数码电子,Phone 918,2月
2021-12-02,SO003548,华南,韵达,7783.36,225.04,3506.24,办公用品,Holmes Odor Grabber,12月
2021-12-02,SO003549,华南,韵达,61.76,2.84,4.34,办公用品,Newell 340,12月
2021-12-02,SO003550,华南,韵达,1280.34,31.76,-1048.248,家具产品,KI Conference Tables,12月
2021-11-19,SO003551,华南,韵达,440.92,19.98,-65.18,家具产品,Document Clip Frames,11月
2021-11-19,SO003552,华南,韵达,3.2,1.88,-3.1625,办公用品,3M Organizer Strips,11月
2021-06-12,SO003553,华南,韵达,967.27,35.44,309.31,办公用品,Xerox 1906,6月
2021-05-09,SO003554,华南,韵达,343.36,56.96,-41.27,办公用品,Holmes Odor Grabber,5月
2021-05-09,SO003555,华南,韵达,309.2215,55.99,-68.299,数码电子,Accessory32,5月
2021-12-03,SO003556,华南,韵达,2477.99,80.98,747.68,办公用品,Holmes Odor Grabber,12月
2021-12-03,SO003557,华南,韵达,48.83,2.1,1.0,办公用品,Newell 340,12月
2021-03-26,SO003558,华南,韵达,76.61,6.28,-31.83,家具产品,Document Clip Frames,3月
2021-11-26,SO003559,华南,韵达,4343.51,1500.97,-3755.0331,数码电子,Xerox 193,11月
2021-12-18,SO003560,华南,韵达,3713.0125,95.99,803.601,数码电子,R289LX,12月
2021-06-06,SO003561,华南,韵达,129.77,6.48,-99.42,办公用品,Xerox 1993,6月
2021-02-06,SO003562,华北,韵达,6589.304,259.71,912.48,家具产品,KI Conference Tables,2月
2021-01-05,SO003563,东北,韵达,1666.0,55.48,742.96,办公用品,Xerox 1888,1月
2021-01-05,SO003564,华南,韵达,453.98,11.34,67.6,办公用品,Xerox 188,1月
2021-09-22,SO003565,华北,韵达,570.24,15.99,-57.8289,数码电子,Xerox 193,9月
2021-05-25,SO003566,华东,韵达,1444.0,30.56,617.0575,办公用品,3M Organizer Strips,5月
2021-05-23,SO003567,西南,韵达,536.21,22.72,106.98,家具产品,Document Clip Frames,5月
2021-05-23,SO003568,华北,韵达,4428.56,296.18,213.62,家具产品,KI Conference Tables,5月
2021-05-21,SO003569,华北,韵达,194.02,4.98,80.35,办公用品,Xerox 217,5月
2021-10-14,SO003570,东北,韵达,17304.85,500.98,7434.48,数码电子,Xerox 193,10月
2021-10-14,SO003571,华南,韵达,794.32,40.99,67.61,办公用品,Xerox 1893,10月
2021-04-04,SO003572,华北,韵达,305.96,6.48,-191.49,办公用品,Xerox 220,4月
2021-10-02,SO003573,西北,韵达,676.69,35.41,138.1,数码电子,TDK 4.7GB DVD-R,10月
2021-10-02,SO003574,华东,韵达,13698.96,3499.99,-9078.94,数码电子,Canon PC940 Copier,10月
2021-04-24,SO003575,华东,韵达,4725.0905,115.99,1578.6989999999998,数码电子,6162m,4月
2021-04-24,SO003576,华北,韵达,286.76,6.08,77.2,办公用品,"Super Bands, 12/Pack",4月
2021-04-28,SO003577,东北,韵达,210.5025,85.99,-315.326,数码电子,Accessory8,4月
2021-08-05,SO003578,华南,韵达,555.2,64.65,-267.86,办公用品,Crate-A-Files™,8月
2021-05-22,SO003579,华南,韵达,212.28,4.98,-103.224,办公用品,3M Organizer Strips,5月
2021-07-22,SO003580,华北,韵达,193.25,9.93,71.55,办公用品,Newell 340,7月
2021-01-13,SO003581,西北,韵达,297.76,5.98,-111.34,办公用品,Xerox 1903,1月
2021-12-30,SO003582,华南,韵达,257.46,7.28,-18.66,办公用品,Xerox 217,12月
2021-07-09,SO003583,华南,韵达,311.21,12.28,-14.03,办公用品,Xerox 1881,7月
2021-08-18,SO003584,华北,韵达,3749.0,89.83,-1032.13,办公用品,Crate-A-Files™,8月
2021-03-12,SO003585,东北,韵达,5074.07,100.98,-1390.53,家具产品,Xerox 1907,3月
2021-03-12,SO003586,华南,韵达,1526.67,47.98,118.82,数码电子,TDK 4.7GB DVD-R,3月
2021-01-05,SO003587,华南,韵达,257.41,5.98,-131.08,办公用品,Crate-A-Files™,1月
2021-03-05,SO003588,华北,韵达,862.64,35.89,122.11,办公用品,Grip Seal Envelopes,3月
2021-08-01,SO003589,华北,韵达,5140.08,145.98,-582.426,家具产品,KI Conference Tables,8月
2021-07-29,SO003590,西北,韵达,593.32,20.95,28.99,数码电子,TDK 4.7GB DVD-R,7月
2021-07-29,SO003591,西北,韵达,626.07,23.99,185.32,办公用品,Grip Seal Envelopes,7月
2021-05-29,SO003592,华东,韵达,633.08,42.98,145.48,办公用品,Holmes Odor Grabber,5月
2021-05-29,SO003593,华东,韵达,110.42,5.08,-36.6,家具产品,Document Clip Frames,5月
2021-02-25,SO003594,华东,韵达,2409.4240000000004,259.71,50.95,家具产品,KI Conference Tables,2月
2021-08-06,SO003595,华东,韵达,163.89,4.89,-108.55,数码电子,TDK 4.7GB DVD-R,8月
2021-08-06,SO003596,华南,韵达,115.45,10.06,23.53,办公用品,Xerox 217,8月
2021-09-02,SO003597,华南,韵达,260.08,12.21,-37.85,办公用品,Crate-A-Files™,9月
2021-09-02,SO003598,华北,韵达,5072.34,140.85,369.46,办公用品,Crate-A-Files™,9月
2021-01-16,SO003599,西南,韵达,45.63,3.69,15.42,办公用品,Avery 487,1月
2021-04-26,SO003600,华南,韵达,400.25,8.46,-37.5,数码电子,TDK 4.7GB DVD-R,4月
2021-05-12,SO003601,华南,韵达,557.23,24.92,-42.987,办公用品,3M Organizer Strips,5月
2021-12-30,SO003602,华南,韵达,260.37,5.58,44.15,办公用品,Newell 340,12月
2021-03-03,SO003603,华北,韵达,261.88,39.48,-59.2,数码电子,TDK 4.7GB DVD-R,3月
2021-03-03,SO003604,华北,韵达,593.73,38.76,108.01,办公用品,Xerox 1892,3月
2021-04-07,SO003605,华北,韵达,3436.771,155.99,520.002,数码电子,LX 788,4月
2021-09-01,SO003606,西北,韵达,925.43,31.78,368.86,数码电子,TDK 4.7GB DVD-R,9月
2021-02-24,SO003607,西北,韵达,136.5,3.34,-216.66,办公用品,Newell 340,2月
2021-09-04,SO003608,西北,韵达,25.27,3.95,-19.93,办公用品,Holmes Odor Grabber,9月
2021-09-04,SO003609,华北,韵达,14410.78,367.99,6365.582,办公用品,3M Organizer Strips,9月
2021-09-04,SO003610,华北,韵达,15341.46,376.13,394.52,家具产品,KI Conference Tables,9月
2021-09-04,SO003611,华北,韵达,507.5605,95.99,-258.225,数码电子,T60,9月
2021-07-19,SO003612,华北,韵达,483.74,10.31,206.27,办公用品,Xerox 217,7月
2021-07-19,SO003613,华北,韵达,159.65,5.85,-1.79,办公用品,Newell 340,7月
2021-11-23,SO003614,华北,韵达,241.43,6.84,-65.8,办公用品,Letter Slitter,11月
2021-11-23,SO003615,华北,韵达,163.04,5.84,58.0,办公用品,Newell 340,11月
2021-11-23,SO003616,华北,韵达,9041.26,286.85,-383.03,家具产品,KI Conference Tables,11月
2021-05-06,SO003617,华北,韵达,25.34,4.06,-21.29,办公用品,Holmes Odor Grabber,5月
2021-05-06,SO003618,华北,韵达,178.57,15.28,-37.3865,办公用品,3M Organizer Strips,5月
2021-09-14,SO003619,华北,韵达,250.376,45.99,-131.846,数码电子,KF 788,9月
2021-01-02,SO003620,东北,韵达,740.2,83.98,239.94,办公用品,Grip Seal Envelopes,1月
2021-01-02,SO003621,东北,韵达,1288.7785,65.99,-185.889,数码电子,iDEN i95,1月
2021-08-07,SO003622,东北,韵达,23775.56,535.64,7080.99,数码电子,Xerox 193,8月
2021-04-22,SO003623,东北,韵达,340.6885,20.99,-10.846,数码电子,CF 688,4月
2021-06-08,SO003624,东北,韵达,321.63,14.34,73.7,家具产品,Document Clip Frames,6月
2021-04-17,SO003625,东北,韵达,709.91,19.35,-93.42599999999999,办公用品,3M Organizer Strips,4月
2021-11-20,SO003626,东北,韵达,3300.2160000000003,218.75,-855.03,家具产品,KI Conference Tables,11月
2021-11-20,SO003627,东北,韵达,331.54,14.27,9.4095,办公用品,3M Organizer Strips,11月
2021-04-22,SO003628,东北,韵达,422.83,29.74,-21.06,办公用品,Crate-A-Files™,4月
2021-04-22,SO003629,东北,韵达,945.9,22.01,105.7,办公用品,Newell 340,4月
2021-09-04,SO003630,东北,韵达,2864.1005,65.99,697.8240000000001,数码电子,i270,9月
2021-09-27,SO003631,西南,韵达,258.54,9.85,-16.3,办公用品,Lumber Crayons,9月
2021-09-27,SO003632,西南,韵达,1972.884,125.99,140.91299999999998,数码电子,Timeport L7089,9月
2021-05-04,SO003633,西南,韵达,170.35,16.06,-39.92,办公用品,Crate-A-Files™,5月
2021-09-02,SO003634,华南,韵达,230.63,4.91,-39.71,家具产品,Document Clip Frames,9月
2021-09-02,SO003635,华南,韵达,80.79,3.78,25.18,办公用品,Staples Bulldog Clip,9月
2021-06-22,SO003636,华南,韵达,278.07,5.78,-71.45,办公用品,Xerox 1899,6月
2021-10-07,SO003637,华南,韵达,154.94,77.51,-358.43,数码电子,TDK 4.7GB DVD-R,10月
2021-10-07,SO003638,华南,韵达,1642.642,45.99,314.83799999999997,数码电子,KF 788,10月
2021-09-14,SO003639,华南,韵达,328.627,20.99,-7.766,数码电子,CF 688,9月
2021-08-20,SO003640,华南,韵达,120.77,2.47,19.86,办公用品,Staples Paper Clips,8月
2021-06-16,SO003641,华南,韵达,365.24,8.74,-163.13,办公用品,Grip Seal Envelopes,6月
2021-06-27,SO003642,华南,韵达,795.74,33.94,-127.39,家具产品,Phone 918,6月
2021-06-27,SO003643,华南,韵达,251.75,8.33,22.46,数码电子,TDK 4.7GB DVD-R,6月
2021-01-24,SO003644,华南,韵达,878.75,18.97,70.46,办公用品,Xerox 217,1月
2021-02-12,SO003645,华东,韵达,396.78,8.37,-321.21,家具产品,Document Clip Frames,2月
2021-11-25,SO003646,华北,韵达,6733.52,152.48,246.0,数码电子,TDK 4.7GB DVD-R,11月
2021-10-16,SO003647,华北,韵达,228.82,6.68,-107.0,办公用品,Xerox 1959,10月
2021-10-29,SO003648,华北,韵达,697.41,18.97,81.71,办公用品,Xerox 217,10月
2021-10-26,SO003649,华北,韵达,75.74,2.88,13.23,办公用品,Avery 474,10月
2021-07-04,SO003650,华北,韵达,99.36,4.91,-51.198,办公用品,3M Organizer Strips,7月
2021-07-04,SO003651,华北,韵达,510.15,9.98,-362.11,家具产品,Document Clip Frames,7月
2021-07-04,SO003652,华北,韵达,735.09,29.34,153.5,家具产品,Document Clip Frames,7月
2021-10-11,SO003653,华北,韵达,1351.76,104.65,107.31,办公用品,Holmes Odor Grabber,10月
2021-10-11,SO003654,华北,韵达,595.4,11.66,-148.85,办公用品,Newell 340,10月
2021-11-19,SO003655,华北,韵达,94.32,6.48,-66.87,办公用品,Xerox 217,11月
2021-11-19,SO003656,西北,韵达,554.4295,20.99,34.010999999999996,数码电子,CF 688,11月
2021-01-16,SO003657,西北,韵达,4684.9,150.98,-549.27,家具产品,Xerox 1907,1月
2021-01-16,SO003658,西北,韵达,770.76,200.98,-192.51,家具产品,Phone 918,1月
2021-11-20,SO003659,西北,韵达,305.68,15.74,128.17,办公用品,Grip Seal Envelopes,11月
2021-11-20,SO003660,西北,韵达,1901.29,46.94,870.8,家具产品,Document Clip Frames,11月
2021-12-19,SO003661,西北,韵达,1483.44,39.48,439.77,数码电子,TDK 4.7GB DVD-R,12月
2021-12-19,SO003662,华东,韵达,145.68,3.7,12.0,家具产品,Document Clip Frames,12月
2021-07-16,SO003663,华东,韵达,71.32,1.82,-4.9,办公用品,Newell 340,7月
2021-08-03,SO003664,华东,韵达,131.72,8.46,-42.61,数码电子,TDK 4.7GB DVD-R,8月
2021-06-29,SO003665,华东,韵达,905.94,140.81,-4.19,家具产品,Phone 918,6月
2021-06-12,SO003666,华东,韵达,377.83,9.11,122.06,办公用品,Xerox 217,6月
2021-09-12,SO003667,华东,韵达,20329.8,999.99,9224.1,数码电子,Xerox 193,9月
2021-09-12,SO003668,华东,韵达,3685.38,170.98,1040.62,家具产品,Document Clip Frames,9月
2021-06-27,SO003669,华东,韵达,877.81,49.99,-44.4,数码电子,TDK 4.7GB DVD-R,6月
2021-07-30,SO003670,华东,韵达,211.7435,35.99,-33.308,数码电子,Accessory23,7月
2021-03-19,SO003671,华东,韵达,7452.136999999999,205.99,2028.357,数码电子,3285,3月
2021-12-02,SO003672,华南,韵达,1118.21,22.38,-122.7855,办公用品,3M Organizer Strips,12月
2021-12-02,SO003673,华南,韵达,3503.56,262.11,-633.4412370000002,家具产品,KI Conference Tables,12月
2021-10-30,SO003674,华南,韵达,7725.66,200.98,-737.41,家具产品,Xerox 1907,10月
2021-10-30,SO003675,华南,韵达,2567.64,209.37,-505.98447900000014,家具产品,KI Conference Tables,10月
2021-02-19,SO003676,华南,韵达,128.13,3.08,32.53,办公用品,Avery 481,2月
2021-07-29,SO003677,华南,韵达,77.41,15.67,9.35,办公用品,Grip Seal Envelopes,7月
2021-07-29,SO003678,华南,韵达,112.67,5.98,-37.85,办公用品,Xerox 1974,7月
2021-05-26,SO003679,华南,韵达,1516.82,40.98,-83.28,数码电子,TDK 4.7GB DVD-R,5月
2021-05-26,SO003680,华南,韵达,2752.68,62.18,430.32,办公用品,Crate-A-Files™,5月
2021-11-07,SO003681,华南,韵达,153.27,3.69,60.29,办公用品,Avery 487,11月
2021-07-28,SO003682,华南,韵达,1095.27,124.49,-281.22380000000004,家具产品,KI Conference Tables,7月
2021-10-18,SO003683,华南,韵达,265.35,9.99,-128.69,办公用品,Xerox 217,10月
2021-10-18,SO003684,华南,韵达,1993.94,48.04,931.7,办公用品,Xerox 1937,10月
2021-10-18,SO003685,华南,韵达,24.73,6.68,-10.77,办公用品,Xerox 1986,10月
2021-07-15,SO003686,华南,韵达,1809.0125,85.99,795.0509999999999,数码电子,Accessory12,7月
2021-08-08,SO003687,华南,韵达,270.23,22.84,52.02,办公用品,Xerox 1929,8月
2021-08-08,SO003688,华南,韵达,660.27,34.76,63.83,办公用品,Crate-A-Files™,8月
2021-07-12,SO003689,华南,韵达,31.96,29.89,-74.64,数码电子,TDK 4.7GB DVD-R,7月
2021-07-22,SO003690,华南,韵达,285.08,40.98,2.3000000000000114,办公用品,Holmes Odor Grabber,7月
2021-11-05,SO003691,华北,韵达,90.94149999999999,20.99,-109.417,数码电子,Accessory39,11月
2021-10-13,SO003692,华北,韵达,415.0,420.98,-199.3065,办公用品,3M Organizer Strips,10月
2021-04-12,SO003693,华南,韵达,167.46,4.24,-134.297,办公用品,3M Organizer Strips,4月
2021-06-19,SO003694,华南,韵达,9522.12,279.48,171.3,办公用品,Crate-A-Files™,6月
2021-06-19,SO003695,华北,韵达,1985.6935,155.99,35.649,数码电子,R280,6月
2021-12-30,SO003696,华北,韵达,1420.89,38.06,389.67,办公用品,Holmes Odor Grabber,12月
2021-12-30,SO003697,华北,韵达,27820.34,599.99,11630.146,数码电子,Canon PC940 Copier,12月
2021-12-30,SO003698,东北,韵达,45.18,3.98,-10.77,办公用品,Unpadded Memo Slips,12月
2021-11-28,SO003699,东北,顺丰,52.43,9.65,-12.98,家具产品,Document Clip Frames,11月
2021-11-28,SO003700,西南,顺丰,254.51,5.58,49.05,办公用品,Newell 314,11月
2021-09-15,SO003701,西南,顺丰,1230.83,30.98,75.5,数码电子,TDK 4.7GB DVD-R,9月
2021-09-15,SO003702,华南,顺丰,169.93,4.28,-114.35,办公用品,Xerox 1953,9月
2021-09-15,SO003703,华南,顺丰,1176.944,65.99,53.649,数码电子,MicroTAC 650,9月
2021-12-11,SO003704,华南,顺丰,268.58,10.89,-26.33,办公用品,Holmes Odor Grabber,12月
2021-12-11,SO003705,华南,顺丰,1280.65,50.98,75.36,家具产品,Document Clip Frames,12月
2021-06-11,SO003706,华南,顺丰,909.721,35.99,287.991,数码电子,Accessory41,6月
2021-07-30,SO003707,华南,顺丰,7406.49,1889.99,701.216,办公用品,3M Organizer Strips,7月
2021-07-30,SO003708,华东,顺丰,350.01,6.68,-133.43,办公用品,Xerox 217,7月
2021-03-21,SO003709,华北,顺丰,18081.76,420.98,8822.2775,办公用品,3M Organizer Strips,3月
2021-02-21,SO003710,华北,顺丰,32.4,2.88,8.78,办公用品,Avery 507,2月
2021-04-21,SO003711,西北,顺丰,671.78,15.57,297.23,办公用品,Grip Seal Envelopes,4月
2021-04-21,SO003712,西北,顺丰,262.09,19.98,58.69,家具产品,Document Clip Frames,4月
2021-01-28,SO003713,华东,顺丰,201.72,11.34,-81.61,办公用品,Xerox 217,1月
2021-01-28,SO003714,华东,顺丰,12125.14,297.64,3376.03,数码电子,Xerox 193,1月
2021-06-20,SO003715,华东,顺丰,4688.9484999999995,205.99,1215.441,数码电子,i470,6月
2021-03-20,SO003716,华南,顺丰,141.7,3.98,-103.2125,办公用品,3M Organizer Strips,3月
2021-10-21,SO003717,华北,顺丰,21337.27,419.19,7606.0,办公用品,Crate-A-Files™,10月
2021-09-04,SO003718,华南,顺丰,50.7,5.4,-44.068,办公用品,3M Organizer Strips,9月
2021-09-04,SO003719,华东,顺丰,90.06,8.46,-100.51,数码电子,TDK 4.7GB DVD-R,9月
2021-09-04,SO003720,华东,顺丰,338.52,14.98,-17.75,家具产品,Document Clip Frames,9月
2021-09-04,SO003721,华北,顺丰,6109.817,155.99,1374.948,数码电子,300 Series Non-Flip,9月
2021-10-30,SO003722,华北,顺丰,38.37,1.6,-13.88,办公用品,Newell 340,10月
2021-07-10,SO003723,华北,顺丰,21956.03,599.99,5903.086,数码电子,Canon PC940 Copier,7月
2021-07-10,SO003724,华北,顺丰,89.89,2.78,-8.16,办公用品,Newell 318,7月
2021-11-27,SO003725,华北,顺丰,65.67,6.48,-35.2,办公用品,Xerox 210,11月
2021-11-01,SO003726,华北,顺丰,231.65,5.98,-241.28,办公用品,Xerox 1895,11月
2021-09-29,SO003727,东北,顺丰,1107.64,40.98,333.1745,办公用品,3M Organizer Strips,9月
2021-12-22,SO003728,东北,顺丰,72.75,3.98,-57.891000000000005,办公用品,3M Organizer Strips,12月
2021-03-18,SO003729,东北,顺丰,10.23,8.95,-4.22,办公用品,Xerox 217,3月
2021-12-19,SO003730,东北,顺丰,1772.2244999999998,65.99,390.861,数码电子,T193,12月
2021-08-18,SO003731,东北,顺丰,424.13,20.27,57.17,办公用品,Holmes Odor Grabber,8月
2021-08-18,SO003732,东北,顺丰,69.4,9.93,12.02,办公用品,Newell 340,8月
2021-09-29,SO003733,东北,顺丰,198.44,99.23,-87.46,家具产品,Document Clip Frames,9月
2021-08-03,SO003734,东北,顺丰,270.43,7.68,-83.15650000000001,办公用品,3M Organizer Strips,8月
2021-08-21,SO003735,东北,顺丰,2094.9779999999996,55.99,697.293,数码电子,Accessory2,8月
2021-06-06,SO003736,东北,顺丰,367.11,8.34,163.42,办公用品,Xerox 217,6月
2021-03-03,SO003737,东北,顺丰,441.80449999999996,65.99,-201.487,数码电子,5190,3月
2021-02-06,SO003738,华南,顺丰,1838.18,999.99,-2531.4825,数码电子,Xerox 193,2月
2021-12-27,SO003739,华南,顺丰,173.11,4.37,-121.58,办公用品,Holmes Odor Grabber,12月
2021-12-27,SO003740,华南,顺丰,86.68,3.48,-474.91,办公用品,Holmes Odor Grabber,12月
2021-12-27,SO003741,华南,顺丰,833.51,20.98,364.99,办公用品,3M Organizer Strips,12月
2021-05-10,SO003742,华南,顺丰,767.26,30.97,-29.56,数码电子,TDK 4.7GB DVD-R,5月
2021-05-10,SO003743,华南,顺丰,253.89,6.48,-103.77,办公用品,Xerox 1894,5月
2021-05-10,SO003744,华南,顺丰,127.9,6.48,-80.41,办公用品,Xerox 210,5月
2021-05-23,SO003745,华南,顺丰,3519.12,77.51,315.33,数码电子,TDK 4.7GB DVD-R,5月
2021-05-23,SO003746,华南,顺丰,108.33,2.88,17.0,办公用品,Newell 340,5月
2021-01-25,SO003747,华南,顺丰,251.11,7.84,10.0385,办公用品,3M Organizer Strips,1月
2021-07-23,SO003748,华南,顺丰,1466.95,120.98,-64.14,家具产品,Phone 918,7月
2021-07-23,SO003749,华南,顺丰,440.23,13.99,-37.9407,数码电子,Xerox 193,7月
2021-04-07,SO003750,华南,顺丰,296.94,10.98,-25.41,办公用品,Holmes Odor Grabber,4月
2021-09-19,SO003751,华南,顺丰,1119.91,48.04,434.71,办公用品,Xerox 1937,9月
2021-04-29,SO003752,华南,顺丰,500.48,11.29,-48.2,办公用品,Crate-A-Files™,4月
2021-01-08,SO003753,华南,顺丰,202.84,8.85,-19.481,办公用品,3M Organizer Strips,1月
2021-01-08,SO003754,华南,顺丰,78.39,11.97,-5.16,办公用品,Holmes Odor Grabber,1月
2021-01-08,SO003755,华南,顺丰,251.34,7.3,-162.196,办公用品,3M Organizer Strips,1月
2021-07-24,SO003756,华北,顺丰,73.64,1.7,-58.87,数码电子,TDK 4.7GB DVD-R,7月
2021-03-06,SO003757,华北,顺丰,15.81,4.98,-9.88,办公用品,Xerox 1897,3月
2021-06-12,SO003758,西北,顺丰,64.44,2.66,-89.02,办公用品,Grip Seal Envelopes,6月
2021-06-21,SO003759,西北,顺丰,34.11,25.38,-12.95,家具产品,Document Clip Frames,6月
2021-03-15,SO003760,西北,顺丰,396.04,30.93,230.02,家具产品,Document Clip Frames,3月
2021-08-01,SO003761,华南,顺丰,10692.97,424.21,-410.39,家具产品,KI Conference Tables,8月
2021-05-15,SO003762,华东,顺丰,1637.78,42.98,461.65,办公用品,Holmes Odor Grabber,5月
2021-05-15,SO003763,华东,顺丰,193.84,8.04,-117.1045,办公用品,3M Organizer Strips,5月
2021-04-27,SO003764,华东,顺丰,3136.2025,205.99,439.77599999999995,数码电子,i470,4月
2021-04-27,SO003765,华东,顺丰,1090.11,53.98,55.870000000000054,数码电子,TDK 4.7GB DVD-R,4月
2021-09-29,SO003766,华东,顺丰,642.9145,65.99,-118.8,数码电子,StarTAC Analog,9月
2021-04-06,SO003767,华东,顺丰,77.96,4.84,16.65,办公用品,Newell 340,4月
2021-12-10,SO003768,华东,顺丰,3534.56,300.65,763.32,办公用品,Holmes Odor Grabber,12月
2021-12-10,SO003769,华东,顺丰,155.27,4.98,-151.55,办公用品,Xerox 1961,12月
2021-11-07,SO003770,华东,顺丰,453.87,73.98,-217.69,数码电子,TDK 4.7GB DVD-R,11月
2021-02-05,SO003771,华东,顺丰,221.33,7.28,77.33,办公用品,Xerox 217,2月
2021-06-04,SO003772,华东,顺丰,467.15,100.8,-212.34,家具产品,KI Conference Tables,6月
2021-11-22,SO003773,华东,顺丰,203.55,9.11,38.6,办公用品,Newell 340,11月
2021-11-22,SO003774,华南,顺丰,273.89,7.3,-160.402,办公用品,3M Organizer Strips,11月
2021-08-15,SO003775,华南,顺丰,460.69,9.48,-103.48,家具产品,Document Clip Frames,8月
2021-04-08,SO003776,华南,顺丰,451.81,150.98,-318.594,数码电子,Xerox 193,4月
2021-05-20,SO003777,华南,顺丰,729.75,15.67,375.25,办公用品,Grip Seal Envelopes,5月
2021-05-20,SO003778,华南,顺丰,1417.21,51.65,63.88,家具产品,Document Clip Frames,5月
2021-05-20,SO003779,华南,顺丰,1154.9375,125.99,-176.055,数码电子,5170i,5月
2021-06-25,SO003780,华南,顺丰,27875.54,599.99,-635.69,数码电子,Canon PC940 Copier,6月
2021-06-25,SO003781,华南,顺丰,2030.44,40.99,938.26,办公用品,Xerox 1919,6月
2021-06-25,SO003782,华南,顺丰,695.99,15.31,-157.44,办公用品,Crate-A-Files™,6月
2021-06-25,SO003783,华南,顺丰,48.84,18.97,-21.2,办公用品,Xerox 217,6月
2021-03-28,SO003784,华南,顺丰,337.01,7.98,147.2,办公用品,Xerox 217,3月
2021-03-28,SO003785,华南,顺丰,6093.242,155.99,1174.3829999999998,数码电子,I888 World Phone,3月
2021-08-30,SO003786,华南,顺丰,603.347,55.99,142.983,数码电子,Accessory32,8月
2021-08-30,SO003787,华南,顺丰,770.53,16.91,30.17,办公用品,Crate-A-Files™,8月
2021-04-28,SO003788,华南,顺丰,1984.61,55.48,585.03,办公用品,Xerox 194,4月
2021-12-30,SO003789,华南,顺丰,53.66,10.94,5.69,办公用品,Grip Seal Envelopes,12月
2021-07-05,SO003790,华南,顺丰,2232.15,80.98,-746.44,办公用品,Crate-A-Files™,7月
2021-07-05,SO003791,华南,顺丰,7007.19,279.48,-274.95,办公用品,Crate-A-Files™,7月
2021-12-31,SO003792,华南,顺丰,1339.25,56.96,142.51,办公用品,Holmes Odor Grabber,12月
2021-11-22,SO003793,华南,顺丰,14240.76,599.99,3128.69,数码电子,Canon PC940 Copier,11月
2021-11-22,SO003794,华南,顺丰,167.41,4.28,-161.57,办公用品,Xerox 1927,11月
2021-03-15,SO003795,华南,顺丰,1612.93,140.99,321.25,数码电子,Xerox 193,3月
2021-08-12,SO003796,华南,顺丰,152.44,6.48,-40.76,办公用品,Xerox 1904,8月
2021-02-16,SO003797,华南,顺丰,223.74,5.98,39.63,办公用品,Grip Seal Envelopes,2月
2021-02-16,SO003798,华南,顺丰,26.82,10.4,26.21,家具产品,Document Clip Frames,2月
2021-12-01,SO003799,华南,顺丰,13.96,10.91,-4.7035,办公用品,3M Organizer Strips,12月
2021-12-01,SO003800,华南,顺丰,531.48,10.67,232.58,办公用品,Grip Seal Envelopes,12月
2021-12-01,SO003801,东北,顺丰,3524.55,130.98,-570.18,家具产品,Phone 918,12月
2021-12-01,SO003802,华南,顺丰,890.61,22.23,297.11,家具产品,Document Clip Frames,12月
2021-12-01,SO003803,华东,顺丰,64.19,6.68,3.77,办公用品,Newell 340,12月
2021-02-08,SO003804,华北,顺丰,538.22,10.97,-154.66,数码电子,TDK 4.7GB DVD-R,2月
2021-03-11,SO003805,西北,顺丰,1064.23,99.99,-127.56,数码电子,TDK 4.7GB DVD-R,3月
2021-03-11,SO003806,华南,顺丰,3497.05,193.17,282.18,办公用品,Crate-A-Files™,3月
2021-03-11,SO003807,华南,顺丰,774.0525,20.99,-96.338,数码电子,Accessory39,3月
2021-12-31,SO003808,华南,顺丰,60.5625,35.99,-165.53900000000002,数码电子,Accessory35,12月
2021-05-30,SO003809,华南,顺丰,2976.21,100.98,-277.63,家具产品,Xerox 1907,5月
2021-05-30,SO003810,华南,顺丰,1894.1654999999998,65.99,134.73,数码电子,V 3600 Series,5月
2021-02-04,SO003811,东北,顺丰,495.8,19.04,107.82,家具产品,Document Clip Frames,2月
2021-02-04,SO003812,东北,顺丰,1645.51,59.76,300.34,办公用品,Crate-A-Files™,2月
2021-09-11,SO003813,华南,顺丰,109.9,6.54,-28.945500000000003,办公用品,3M Organizer Strips,9月
2021-10-08,SO003814,华南,顺丰,477.50449999999995,35.99,-245.56400000000002,数码电子,Accessory27,10月
2021-07-25,SO003815,华南,顺丰,5056.89,500.98,789.05,家具产品,Phone 918,7月
2021-07-25,SO003816,华南,顺丰,3500.1,70.89,-2661.318,家具产品,KI Conference Tables,7月
2021-05-21,SO003817,华南,顺丰,87.11,7.28,-43.65,数码电子,TDK 4.7GB DVD-R,5月
2021-08-18,SO003818,华南,顺丰,639.3,34.99,30.21,办公用品,Newell 340,8月
2021-03-02,SO003819,西北,顺丰,393.31,19.98,84.3,办公用品,Xerox 191,3月
2021-06-04,SO003820,华东,顺丰,74.05,19.99,44.54,家具产品,Document Clip Frames,6月
2021-05-06,SO003821,东北,顺丰,14981.74,299.99,-1791.5,数码电子,Canon PC940 Copier,5月
2021-05-06,SO003822,东北,顺丰,5587.2,162.93,2254.16,办公用品,Multimedia Mailers,5月
2021-05-06,SO003823,东北,顺丰,401.39,8.34,161.95,家具产品,Document Clip Frames,5月
2021-09-08,SO003824,华东,顺丰,1031.06,115.79,39.359999999999914,数码电子,TDK 4.7GB DVD-R,9月
2021-09-14,SO003825,东北,顺丰,301.57,33.94,-77.31,家具产品,Phone 918,9月
2021-11-19,SO003826,东北,顺丰,7813.7,199.99,2154.33,数码电子,Canon PC940 Copier,11月
2021-11-19,SO003827,东北,顺丰,164.92,4.98,-54.36,办公用品,Xerox 190,11月
2021-08-05,SO003828,西南,顺丰,802.16,19.94,-293.45,家具产品,Document Clip Frames,8月
2021-09-30,SO003829,华南,顺丰,3333.1,73.98,-85.03,数码电子,TDK 4.7GB DVD-R,9月
2021-09-30,SO003830,华南,顺丰,55.68,2.1,0.26,办公用品,Newell 340,9月
2021-09-12,SO003831,华北,顺丰,237.54,13.79,29.76,家具产品,Document Clip Frames,9月
2021-09-12,SO003832,华北,顺丰,143.5,48.91,-27.51,办公用品,Xerox 1891,9月
2021-09-16,SO003833,西北,顺丰,507.74,55.5,-118.54,家具产品,Document Clip Frames,9月
2021-09-16,SO003834,华东,顺丰,12600.99,442.14,2963.48,数码电子,Xerox 193,9月
2021-11-06,SO003835,华南,顺丰,67.47,2.66,-100.6,办公用品,Grip Seal Envelopes,11月
2021-10-18,SO003836,华南,顺丰,646.14,101.41,-265.62,办公用品,Crate-A-Files™,10月
2021-10-18,SO003837,西北,顺丰,323.26,20.24,98.34,家具产品,Document Clip Frames,10月
2021-05-20,SO003838,华东,顺丰,74.07,2.88,4.369,办公用品,3M Organizer Strips,5月
2021-05-20,SO003839,华东,顺丰,1529.0565000000001,65.99,201.726,数码电子,StarTAC 7760,5月
2021-03-02,SO003840,华东,顺丰,5753.85,150.98,2509.52,数码电子,Xerox 193,3月
2021-12-08,SO003841,华北,顺丰,138.31,9.77,-31.16,家具产品,Document Clip Frames,12月
2021-02-23,SO003842,华北,顺丰,438.66,9.99,58.86,办公用品,Xerox 1896,2月
2021-02-23,SO003843,华北,顺丰,416.99,12.88,-93.62,办公用品,Letter Slitter,2月
2021-01-31,SO003844,华北,顺丰,82.64,7.08,0.35,办公用品,Newell 340,1月
2021-01-31,SO003845,华北,顺丰,315.27,105.98,278.6,家具产品,Document Clip Frames,1月
2021-04-10,SO003846,华北,顺丰,9492.92,328.14,772.04,办公用品,Holmes Odor Grabber,4月
2021-05-12,SO003847,华北,顺丰,855.03,128.24,-1.6800000000000068,家具产品,Phone 918,5月
2021-05-12,SO003848,华北,顺丰,196.58,5.98,-102.16,数码电子,TDK 4.7GB DVD-R,5月
2021-02-26,SO003849,华北,顺丰,121.92,2.88,51.23,办公用品,Avery 507,2月
2021-02-26,SO003850,华北,顺丰,1096.17,40.99,110.78,办公用品,Xerox 217,2月
2021-11-13,SO003851,华北,顺丰,835.11,25.38,213.79,家具产品,Document Clip Frames,11月
2021-11-13,SO003852,东北,顺丰,54.52,4.98,-20.57,办公用品,Xerox 1949,11月
2021-03-14,SO003853,东北,顺丰,611.71,31.74,93.22800000000001,办公用品,3M Organizer Strips,3月
2021-04-09,SO003854,东北,顺丰,985.01,90.48,186.05,办公用品,Grip Seal Envelopes,4月
2021-04-09,SO003855,东北,顺丰,350.71,9.77,-15.3,家具产品,Document Clip Frames,4月
2021-04-09,SO003856,东北,顺丰,75.23,34.99,-51.5,办公用品,Newell 340,4月
2021-02-01,SO003857,东北,顺丰,343.94,6.48,-157.4,办公用品,Xerox 210,2月
2021-11-30,SO003858,东北,顺丰,376.58,10.4,1.33,家具产品,Document Clip Frames,11月
2021-08-12,SO003859,东北,顺丰,18235.47,370.98,1166.93,办公用品,Crate-A-Files™,8月
2021-08-12,SO003860,东北,顺丰,2631.107,179.99,297.108,数码电子,CF 688,8月
2021-03-10,SO003861,东北,顺丰,12685.544000000002,348.21,3985.11,家具产品,KI Conference Tables,3月
2021-09-01,SO003862,东北,顺丰,209.42,6.74,65.41,办公用品,Xerox 217,9月
2021-02-08,SO003863,东北,顺丰,56.13,2.88,-58.47,办公用品,Avery 498,2月
2021-07-07,SO003864,西南,顺丰,423.24,21.38,128.8345,办公用品,3M Organizer Strips,7月
2021-10-30,SO003865,西南,顺丰,465.9,12.28,79.34,办公用品,Xerox 1933,10月
2021-09-15,SO003866,西南,顺丰,845.7,39.48,221.6,数码电子,TDK 4.7GB DVD-R,9月
2021-09-15,SO003867,西南,顺丰,467.0,17.67,69.97,家具产品,Document Clip Frames,9月
2021-09-15,SO003868,西南,顺丰,64.43,1.88,-18.64035,家具产品,KI Conference Tables,9月
2021-07-30,SO003869,华南,顺丰,614.14,199.99,-735.27,数码电子,Canon PC940 Copier,7月
2021-02-06,SO003870,华南,顺丰,1280.73,320.64,-774.8906880000001,家具产品,KI Conference Tables,2月
2021-09-24,SO003871,华南,顺丰,94.83,7.64,29.87,办公用品,Grip Seal Envelopes,9月
2021-01-26,SO003872,华南,顺丰,324.4,10.89,-46.98,办公用品,Holmes Odor Grabber,1月
2021-01-26,SO003873,华南,顺丰,137.02,6.48,-46.89,办公用品,Xerox 21,1月
2021-11-24,SO003874,华南,顺丰,37.8,4.98,-18.31,办公用品,Xerox 217,11月
2021-11-24,SO003875,华南,顺丰,183.28,6.08,33.88,办公用品,Newell 340,11月
2021-09-05,SO003876,华南,顺丰,13.04,10.48,-6.62,办公用品,Newell 340,9月
2021-04-22,SO003877,华南,顺丰,251.3,7.1,-112.723,办公用品,3M Organizer Strips,4月
2021-03-04,SO003878,华南,顺丰,246.63,12.28,31.54,办公用品,Xerox 1933,3月
2021-09-19,SO003879,华南,顺丰,94.52,7.45,-36.225,办公用品,3M Organizer Strips,9月
2021-10-26,SO003880,华南,顺丰,75.19,3.75,-93.67,办公用品,Avery 498,10月
2021-08-03,SO003881,华南,顺丰,106.69,4.54,-76.6015,办公用品,3M Organizer Strips,8月
2021-09-20,SO003882,华南,顺丰,6126.93,146.05,-1704.89,家具产品,KI Conference Tables,9月
2021-12-04,SO003883,华南,顺丰,87.09,29.34,-42.73,家具产品,Document Clip Frames,12月
2021-12-04,SO003884,华南,顺丰,196.1,4.76,71.65,办公用品,Xerox 217,12月
2021-12-04,SO003885,西北,顺丰,1540.77,499.99,-1572.64,数码电子,Canon PC940 Copier,12月
2021-10-19,SO003886,西北,顺丰,769.17,58.14,-212.01,家具产品,Xerox 1907,10月
2021-10-19,SO003887,西北,顺丰,7370.84,449.99,999.865,数码电子,Canon PC940 Copier,10月
2021-05-04,SO003888,西北,顺丰,226.68,4.98,-159.35,办公用品,Xerox 1926,5月
2021-09-02,SO003889,西北,顺丰,6350.29,599.99,-735.97,数码电子,Canon PC940 Copier,9月
2021-09-02,SO003890,西北,顺丰,232.67,223.98,-105.14450000000001,办公用品,3M Organizer Strips,9月
2021-09-02,SO003891,华东,顺丰,4805.92,140.98,-393.96,家具产品,Xerox 1907,9月
2021-10-20,SO003892,华东,顺丰,56.41,3.08,11.92,办公用品,Avery 481,10月
2021-10-20,SO003893,华东,顺丰,147.71,3.68,-30.25,办公用品,Letter Slitter,10月
2021-10-20,SO003894,华东,顺丰,1678.34,43.98,670.11,数码电子,TDK 4.7GB DVD-R,10月
2021-09-15,SO003895,华东,顺丰,181.13,3.69,-11.39,办公用品,Colored Envelopes,9月
2021-01-26,SO003896,华东,顺丰,196.12,20.89,4.41,数码电子,TDK 4.7GB DVD-R,1月
2021-01-28,SO003897,华东,顺丰,216.51,6.3,109.29,办公用品,Avery 51,1月
2021-03-04,SO003898,华东,顺丰,197.59,6.81,-73.62299999999999,办公用品,3M Organizer Strips,3月
2021-03-04,SO003899,华东,顺丰,73.9,15.99,-39.640499999999996,办公用品,3M Organizer Strips,3月
2021-01-12,SO003900,华东,顺丰,401.14,40.98,-131.03,数码电子,TDK 4.7GB DVD-R,1月
2021-07-03,SO003901,华东,顺丰,1209.37,150.98,-407.85,家具产品,Xerox 1907,7月
2021-09-16,SO003902,华东,顺丰,67.85,2.1,1.05,办公用品,Newell 340,9月
2021-09-05,SO003903,华南,顺丰,139.61,4.89,-92.04,数码电子,TDK 4.7GB DVD-R,9月
2021-06-29,SO003904,华南,顺丰,11.08,5.8,-9.6945,办公用品,3M Organizer Strips,6月
2021-06-29,SO003905,华南,顺丰,135.86,4.98,-73.42,办公用品,Xerox 1952,6月
2021-07-13,SO003906,华南,顺丰,220.45,6.3,101.4,办公用品,Avery 51,7月
2021-10-13,SO003907,华南,顺丰,388.71,14.27,36.431,办公用品,3M Organizer Strips,10月
2021-03-26,SO003908,华南,顺丰,64.97,3.48,-190.3,办公用品,Holmes Odor Grabber,3月
2021-09-07,SO003909,华南,顺丰,777.63,16.99,-70.54,办公用品,Newell 340,9月
2021-02-26,SO003910,华南,顺丰,669.01,15.74,299.35,办公用品,Grip Seal Envelopes,2月
2021-02-26,SO003911,华南,顺丰,301.6,9.65,-24.93,家具产品,Document Clip Frames,2月
2021-09-03,SO003912,华南,顺丰,460.5895,65.99,-171.20399999999998,数码电子,Talkabout T8367,9月
2021-02-07,SO003913,华南,顺丰,62.26,54.96,-23.24,办公用品,Xerox 1940,2月
2021-02-07,SO003914,华南,顺丰,58.53,1.26,-24.86,办公用品,Bagged Rubber Bands,2月
2021-07-07,SO003915,华南,顺丰,1028.16,55.99,405.16200000000003,数码电子,Accessory32,7月
2021-07-07,SO003916,华南,顺丰,9172.32,3502.14,-8570.4483,数码电子,Xerox 193,7月
2021-05-05,SO003917,华南,顺丰,1233.51,30.98,308.67,办公用品,Xerox 1951,5月
2021-04-10,SO003918,华南,顺丰,60.17,6.68,-18.24,办公用品,Xerox 1923,4月
2021-06-08,SO003919,华南,顺丰,5677.87,130.98,-824.09,家具产品,Xerox 1907,6月
2021-06-08,SO003920,华南,顺丰,732.72,83.1,8.599999999999994,数码电子,TDK 4.7GB DVD-R,6月
2021-06-08,SO003921,华南,顺丰,687.47,20.98,-1533.15,办公用品,Crate-A-Files™,6月
2021-10-07,SO003922,华南,顺丰,897.42,26.64,127.17,家具产品,Phone 918,10月
2021-10-07,SO003923,华南,顺丰,306.02,12.07,-6.7,家具产品,Document Clip Frames,10月
2021-10-07,SO003924,华南,顺丰,813.41,28.48,284.65,数码电子,TDK 4.7GB DVD-R,10月
2021-06-14,SO003925,东北,顺丰,8958.46,209.84,2593.14,家具产品,Document Clip Frames,6月
2021-06-14,SO003926,西南,顺丰,4201.08,194.3,1162.76,家具产品,Document Clip Frames,6月
2021-10-10,SO003927,华南,顺丰,43.55,9.11,-3.64,办公用品,Xerox 217,10月
2021-03-19,SO003928,华南,顺丰,157.79,4.98,-95.92,办公用品,Xerox 1897,3月
2021-04-08,SO003929,华南,顺丰,128.97,3.48,-1045.25,办公用品,Holmes Odor Grabber,4月
2021-04-08,SO003930,华东,顺丰,238.77,11.66,-78.81,办公用品,Newell 340,4月
2021-04-08,SO003931,华南,顺丰,257.34,12.98,12.82,办公用品,Letter Slitter,4月
2021-09-14,SO003932,华南,顺丰,2826.9,180.98,337.29,家具产品,Phone 918,9月
2021-09-14,SO003933,华东,顺丰,7834.77,216.6,297.79,家具产品,Phone 918,9月
2021-09-14,SO003934,华东,顺丰,127.56,6.6,-57.11,数码电子,TDK 4.7GB DVD-R,9月
2021-05-08,SO003935,华东,顺丰,376.21,18.99,89.556,办公用品,3M Organizer Strips,5月
2021-12-12,SO003936,华南,顺丰,203.53,6.68,-101.28,办公用品,Xerox 217,12月
2021-09-02,SO003937,华南,顺丰,856.45,19.84,265.1,办公用品,Newell 340,9月
2021-09-02,SO003938,华南,顺丰,6.75,5.84,-2.31,办公用品,Newell 340,9月
2021-08-26,SO003939,华南,顺丰,631.99,27.48,-43.96,数码电子,TDK 4.7GB DVD-R,8月
2021-05-21,SO003940,华南,顺丰,10.17,5.18,-4.09,办公用品,Array® Memo Cubes,5月
2021-05-21,SO003941,华南,顺丰,23.58,5.84,-2.87,办公用品,Newell 340,5月
2021-05-13,SO003942,华东,顺丰,2438.7,55.5,-1413.18,家具产品,Document Clip Frames,5月
2021-01-26,SO003943,华南,顺丰,107.41,19.98,0.18999999999999773,办公用品,Xerox 191,1月
2021-07-30,SO003944,华北,顺丰,404.24,15.99,-76.9925,办公用品,3M Organizer Strips,7月
2021-07-30,SO003945,华北,顺丰,1381.88,46.94,598.2,家具产品,Document Clip Frames,7月
2021-09-25,SO003946,华北,顺丰,1601.24,46.89,520.69,办公用品,Holmes Odor Grabber,9月
2021-09-25,SO003947,华北,顺丰,501.31,12.98,38.23,办公用品,Letter Slitter,9月
2021-06-15,SO003948,华北,顺丰,784.08,70.98,-222.77,家具产品,Xerox 1907,6月
2021-06-15,SO003949,东北,顺丰,5028.31,350.98,664.88,家具产品,Phone 918,6月
2021-06-15,SO003950,东北,顺丰,1085.61,27.48,-33.32,数码电子,TDK 4.7GB DVD-R,6月
2021-07-09,SO003951,东北,顺丰,24.96,10.91,-12.7995,办公用品,3M Organizer Strips,7月
2021-02-08,SO003952,东北,顺丰,7703.9664999999995,175.99,2446.497,数码电子,2180,2月
2021-12-19,SO003953,东北,顺丰,163.41,6.23,-91.27550000000001,办公用品,3M Organizer Strips,12月
2021-01-22,SO003954,东北,顺丰,1160.59,80.98,-330.14,办公用品,Crate-A-Files™,1月
2021-01-22,SO003955,东北,顺丰,206.04,20.28,-49.81,家具产品,Document Clip Frames,1月
2021-07-11,SO003956,东北,顺丰,346.23,60.98,8.46,办公用品,Grip Seal Envelopes,7月
2021-02-23,SO003957,东北,顺丰,467.4,20.98,-851.09,办公用品,Crate-A-Files™,2月
2021-03-13,SO003958,东北,顺丰,201.178,125.99,-604.4060000000001,数码电子,i2000,3月
2021-03-13,SO003959,东北,顺丰,2493.24,99.99,293.66,数码电子,TDK 4.7GB DVD-R,3月
2021-11-04,SO003960,东北,顺丰,249.24,10.97,-92.1,数码电子,TDK 4.7GB DVD-R,11月
2021-12-31,SO003961,东北,顺丰,299.11,11.34,40.03,办公用品,Xerox 188,12月
2021-01-14,SO003962,东北,顺丰,166.76,4.98,-46.03,办公用品,Xerox 217,1月
2021-01-10,SO003963,东北,顺丰,1307.35,30.42,-154.24,数码电子,TDK 4.7GB DVD-R,1月
2021-01-10,SO003964,东北,顺丰,523.58,161.55,-179.36,办公用品,Crate-A-Files™,1月
2021-03-04,SO003965,西南,顺丰,3950.6,280.98,-477.66,家具产品,Phone 918,3月
2021-05-22,SO003966,西南,顺丰,63.47,1.26,-19.92,办公用品,Bagged Rubber Bands,5月
2021-08-01,SO003967,华南,顺丰,90.5,3.08,24.71,办公用品,Avery 511,8月
2021-08-07,SO003968,华南,顺丰,385.99,8.67,-40.72,办公用品,Holmes Odor Grabber,8月
2021-03-27,SO003969,华南,顺丰,507.66,15.98,106.71,数码电子,TDK 4.7GB DVD-R,3月
2021-05-21,SO003970,华南,顺丰,390.46,7.3,-171.166,办公用品,3M Organizer Strips,5月
2021-05-21,SO003971,华南,顺丰,113.43,2.47,24.27,办公用品,Staples Paper Clips,5月
2021-06-29,SO003972,华南,顺丰,3212.97,83.93,1125.42,办公用品,Airmail Envelopes,6月
2021-06-29,SO003973,华南,顺丰,292.95,22.84,60.36,办公用品,Xerox 1929,6月
2021-11-03,SO003974,华南,顺丰,668.39,30.93,344.61,家具产品,Document Clip Frames,11月
2021-11-03,SO003975,华南,顺丰,4657.35,297.48,322.66,数码电子,Xerox 193,11月
2021-11-03,SO003976,华南,顺丰,2097.94,296.18,-404.046,家具产品,KI Conference Tables,11月
2021-02-07,SO003977,华北,顺丰,809.77,20.28,83.48,家具产品,Document Clip Frames,2月
2021-10-31,SO003978,华北,顺丰,133.85,13.48,-5.28,办公用品,Crate-A-Files™,10月
2021-09-24,SO003979,华北,顺丰,45.64,15.57,-0.10999999999999943,办公用品,Grip Seal Envelopes,9月
2021-01-05,SO003980,西北,顺丰,4201.08,194.3,1162.76,家具产品,Document Clip Frames,1月
2021-01-05,SO003981,西北,顺丰,8958.46,209.84,2593.14,家具产品,Document Clip Frames,1月
2021-01-05,SO003982,西北,顺丰,4913.7,145.45,1054.93,数码电子,Xerox 193,1月
2021-12-28,SO003983,西北,顺丰,560.03,21.66,-139.87,办公用品,Holmes Odor Grabber,12月
2021-08-06,SO003984,西北,顺丰,157.4,6.48,-84.0,办公用品,Xerox 215,8月
2021-05-30,SO003985,西北,顺丰,254.12,20.95,-64.97,数码电子,TDK 4.7GB DVD-R,5月
2021-05-30,SO003986,西北,顺丰,767.04,20.89,238.84,数码电子,TDK 4.7GB DVD-R,5月
2021-03-15,SO003987,西北,顺丰,30.62,1.76,-1.56,办公用品,Newell 310,3月
2021-03-08,SO003988,西北,顺丰,119.63,5.08,-27.39,家具产品,Document Clip Frames,3月
2021-03-08,SO003989,华东,顺丰,177.92,4.28,-167.92,办公用品,Xerox 1927,3月
2021-01-12,SO003990,华东,顺丰,49.18,4.28,0.58,办公用品,Newell 336,1月
2021-08-26,SO003991,华东,顺丰,811.13,415.88,-517.47,办公用品,Crate-A-Files™,8月
2021-04-27,SO003992,华东,顺丰,323.91,30.73,-96.53,数码电子,TDK 4.7GB DVD-R,4月
2021-04-27,SO003993,华东,顺丰,185.59,19.98,12.01,办公用品,Xerox 217,4月
2021-04-27,SO003994,华东,顺丰,7168.15,419.19,1593.61,办公用品,Crate-A-Files™,4月
2021-06-30,SO003995,华东,顺丰,379.78,8.32,-71.59,数码电子,TDK 4.7GB DVD-R,6月
2021-06-30,SO003996,华东,顺丰,750.86,21.38,302.124,办公用品,3M Organizer Strips,6月
2021-06-22,SO003997,华东,顺丰,268.71049999999997,85.99,-337.65599999999995,数码电子,Accessory34,6月
2021-08-28,SO003998,华南,顺丰,68.5,2.78,2.686,办公用品,3M Organizer Strips,8月
2021-08-23,SO003999,华南,顺丰,5296.19,363.25,1164.05,办公用品,Holmes Odor Grabber,8月
2021-03-20,SO004000,华南,顺丰,21532.26,500.97,8323.39,数码电子,Xerox 193,3月
2021-03-20,SO004001,华南,顺丰,7.64,4.76,-6.6,办公用品,Xerox 217,3月
2021-12-07,SO004002,华南,顺丰,36.4,24.92,-41.561,办公用品,3M Organizer Strips,12月
2021-12-07,SO004003,华南,顺丰,176.35,4.98,73.05,办公用品,Xerox 217,12月
2021-01-22,SO004004,华南,顺丰,1500.17,39.24,423.87,数码电子,TDK 4.7GB DVD-R,1月
2021-01-22,SO004005,华南,顺丰,377.31,8.01,87.96,办公用品,Xerox 217,1月
2021-11-12,SO004006,华南,顺丰,5811.72,223.98,2431.595,办公用品,3M Organizer Strips,11月
2021-12-27,SO004007,华南,顺丰,15337.58,525.98,6670.409,办公用品,3M Organizer Strips,12月
2021-12-27,SO004008,华南,顺丰,3883.4714999999997,115.99,707.1659999999999,数码电子,5185,12月
2021-10-19,SO004009,华南,顺丰,7827.51,159.99,2992.8,数码电子,Gyration RF Keyboard,10月
2021-10-12,SO004010,华北,顺丰,278.65,8.32,-36.34,数码电子,TDK 4.7GB DVD-R,10月
2021-01-18,SO004011,华东,顺丰,230.29,5.28,14.484,办公用品,3M Organizer Strips,1月
2021-01-18,SO004012,华南,顺丰,1592.0415,65.99,-52.70099999999999,数码电子,iDENi80s,1月
2021-04-27,SO004013,华南,顺丰,659.5,41.94,248.98200000000003,办公用品,3M Organizer Strips,4月
2021-03-14,SO004014,华北,顺丰,5679.59,154.13,-1763.7477000000003,家具产品,KI Conference Tables,3月
2021-08-15,SO004015,华南,顺丰,161.96,5.78,-51.12,办公用品,Xerox 1978,8月
2021-10-08,SO004016,华南,顺丰,822.8425,65.99,4.392000000000008,数码电子,252,10月
2021-04-21,SO004017,华北,顺丰,1029.29,40.99,109.16,办公用品,Xerox 1893,4月
2021-10-03,SO004018,东北,顺丰,413.37,8.45,-224.41,办公用品,"Elite 5"" Scissors",10月
2021-10-03,SO004019,华南,顺丰,1721.641,115.99,242.442,数码电子,282,10月
2021-08-10,SO004020,华南,顺丰,23.54,8.6,-14.467,办公用品,3M Organizer Strips,8月
2021-08-10,SO004021,华北,顺丰,1539.83,165.2,34.85,办公用品,Crate-A-Files™,8月
2021-02-28,SO004022,华东,顺丰,70.13,5.43,21.51,办公用品,Xerox 217,2月
2021-02-28,SO004023,华东,顺丰,59.76,10.98,-10.34,办公用品,Letter Slitter,2月
2021-04-29,SO004024,华东,顺丰,587.92,16.91,-7.92,办公用品,Crate-A-Files™,4月
2021-04-29,SO004025,华南,顺丰,2171.464,376.13,-209.56,家具产品,KI Conference Tables,4月
2021-08-28,SO004026,东北,顺丰,195.75,33.29,-31.24,数码电子,Verbatim 4.7GB DVD-R,8月
2021-02-06,SO004027,华北,顺丰,950.4639999999999,71.37,-763.8,家具产品,KI Conference Tables,2月
2021-02-06,SO004028,华北,顺丰,705.687,205.99,-803.077,数码电子,StarTAC 8000,2月
2021-02-10,SO004029,东北,顺丰,2174.419,55.99,-211.695,数码电子,Accessory36,2月
2021-01-01,SO004030,华南,顺丰,180.36,5.98,-111.8,办公用品,Crate-A-Files™,1月
2021-11-04,SO004031,华东,顺丰,413.8,17.67,51.36,家具产品,Document Clip Frames,11月
2021-11-04,SO004032,华南,顺丰,336.25,8.34,25.95,办公用品,Xerox 217,11月
2021-11-04,SO004033,华北,顺丰,4001.4684999999995,205.99,884.907,数码电子,6185,11月
2021-04-02,SO004034,华北,顺丰,97.93,3.48,-616.81,办公用品,Holmes Odor Grabber,4月
2021-04-02,SO004035,东北,顺丰,25.52,5.98,-1.9895,办公用品,3M Organizer Strips,4月
2021-04-02,SO004036,东北,顺丰,487.5,10.23,-25.88,办公用品,Letter Slitter,4月
2021-03-31,SO004037,东北,顺丰,59.35,4.98,-42.61,办公用品,Xerox 198,3月
2021-09-24,SO004038,西南,顺丰,1500.84,35.89,91.56,办公用品,Grip Seal Envelopes,9月
2021-09-24,SO004039,华南,顺丰,98.64,2.08,-9.361,办公用品,Round Ring Binders,9月
2021-03-31,SO004040,华南,顺丰,184.18,178.47,-112.44,办公用品,Crate-A-Files™,3月
2021-10-24,SO004041,华南,顺丰,8221.2935,195.99,2342.214,数码电子,688,10月
2021-10-24,SO004042,华东,顺丰,1158.26,172.99,170.0765,办公用品,3M Organizer Strips,10月
2021-04-28,SO004043,华北,顺丰,102.95,3.34,-175.86,办公用品,Newell 340,4月
2021-07-22,SO004044,华北,顺丰,866.73,20.97,-199.98,数码电子,TDK 4.7GB DVD-R,7月
2021-07-22,SO004045,华北,顺丰,642.42,104.85,80.01,办公用品,Xerox 217,7月
2021-07-22,SO004046,西北,顺丰,2169.7525,95.99,374.751,数码电子,600 Series Flip,7月
2021-04-05,SO004047,西北,顺丰,204.49,6.48,-142.3,办公用品,Xerox 227,4月
2021-11-10,SO004048,华东,顺丰,1154.89,40.98,66.36,数码电子,TDK 4.7GB DVD-R,11月
2021-11-10,SO004049,华东,顺丰,3310.9455,115.99,822.4019999999999,数码电子,6160,11月
2021-04-15,SO004050,华东,顺丰,55.02,5.02,-56.12,数码电子,TDK 4.7GB DVD-R,4月
2021-08-24,SO004051,华东,顺丰,146.15,4.06,-180.26,办公用品,Holmes Odor Grabber,8月
2021-08-24,SO004052,华东,顺丰,877.47,60.98,151.24,办公用品,Grip Seal Envelopes,8月
2021-05-28,SO004053,华南,顺丰,246.0,5.78,-207.36,办公用品,Xerox 196,5月
2021-06-14,SO004054,华南,顺丰,4488.2635,205.99,750.546,数码电子,Phone 918,6月
2021-06-11,SO004055,华南,顺丰,871.32,40.99,315.16,办公用品,Xerox 1919,6月
2021-04-30,SO004056,华南,顺丰,185.16,59.98,-49.34,办公用品,Holmes Odor Grabber,4月
2021-04-30,SO004057,东北,顺丰,5144.94,256.99,729.06,数码电子,TDK 4.7GB DVD-R,4月
2021-04-30,SO004058,华南,顺丰,1397.383,35.99,-135.86100000000002,数码电子,Accessory17,4月
2021-10-09,SO004059,华北,顺丰,230.97,6.48,-173.73,办公用品,Xerox 217,10月
2021-10-09,SO004060,华北,顺丰,723.17,16.98,-154.11,办公用品,Grip Seal Envelopes,10月
2021-07-21,SO004061,华北,顺丰,269.57,10.4,33.47,家具产品,Document Clip Frames,7月
2021-07-21,SO004062,华北,顺丰,98.94,5.85,-12.59,办公用品,Newell 340,7月
2021-07-09,SO004063,华北,顺丰,11.16,5.58,-7.25,办公用品,Grip Seal Envelopes,7月
2021-07-09,SO004064,华北,顺丰,156.2,3.98,43.0,办公用品,Newell 340,7月
2021-11-28,SO004065,华北,顺丰,1272.35,100.98,297.57,数码电子,TDK 4.7GB DVD-R,11月
2021-11-28,SO004066,华北,顺丰,4000.35,160.98,303.39,家具产品,Phone 918,11月
2021-11-28,SO004067,华北,顺丰,3356.92,120.97,1555.9,数码电子,Xerox 193,11月
2021-12-04,SO004068,华北,顺丰,6072.1875,205.99,1372.086,数码电子,V70,12月
2021-09-19,SO004069,华北,顺丰,6863.95,178.47,1662.92,办公用品,Crate-A-Files™,9月
2021-05-12,SO004070,华北,顺丰,298.52,30.98,73.19,办公用品,Xerox 217,5月
2021-05-12,SO004071,华北,顺丰,667.35,19.98,80.92,办公用品,Xerox 217,5月
2021-01-10,SO004072,东北,顺丰,1177.5,33.98,420.05,数码电子,TDK 4.7GB DVD-R,1月
2021-02-05,SO004073,东北,顺丰,17131.36,400.97,4722.77,数码电子,Xerox 193,2月
2021-01-02,SO004074,东北,顺丰,192.58,19.84,24.6,办公用品,Newell 340,1月
2021-01-03,SO004075,东北,顺丰,287.61,6.48,-101.5,办公用品,Xerox 200,1月
2021-01-03,SO004076,东北,顺丰,128.52,5.84,42.8,办公用品,Newell 340,1月
2021-01-03,SO004077,东北,顺丰,1011.67,24.98,-74.64,办公用品,Crate-A-Files™,1月
2021-01-03,SO004078,东北,顺丰,28389.14,880.98,7132.18,家具产品,Xerox 1907,1月
2021-01-16,SO004079,东北,顺丰,99.1,4.13,28.42,办公用品,Avery 491,1月
2021-01-16,SO004080,东北,顺丰,380.34,10.48,-108.2,办公用品,Crate-A-Files™,1月
2021-03-08,SO004081,东北,顺丰,291.67,6.75,54.45949999999999,办公用品,3M Organizer Strips,3月
2021-05-12,SO004082,东北,顺丰,1677.27,40.98,528.7935,办公用品,3M Organizer Strips,5月
2021-05-12,SO004083,东北,顺丰,1556.08,70.98,-41.77,家具产品,Xerox 1907,5月
2021-04-11,SO004084,东北,顺丰,3206.965,125.99,575.334,数码电子,Timeport L7089,4月
2021-03-31,SO004085,西南,顺丰,31.13,1.68,-0.81,办公用品,Newell 340,3月
2021-07-23,SO004086,西南,顺丰,58.63,17.48,-40.86,数码电子,TDK 4.7GB DVD-R,7月
2021-07-23,SO004087,西南,顺丰,94.99,6.98,-106.29,办公用品,Crate-A-Files™,7月
2021-02-24,SO004088,西南,顺丰,208.77,20.97,-76.58,数码电子,TDK 4.7GB DVD-R,2月
2021-10-20,SO004089,西南,顺丰,2266.7,200.98,180.8,家具产品,Phone 918,10月
2021-01-20,SO004090,华南,顺丰,468.49,56.96,-6.37,办公用品,Holmes Odor Grabber,1月
2021-01-20,SO004091,华南,顺丰,446.53,8.37,-261.45,家具产品,Document Clip Frames,1月
2021-01-20,SO004092,华南,顺丰,217.85,40.99,-25.31,办公用品,Xerox 1893,1月
2021-07-31,SO004093,华南,顺丰,142.3,24.92,-24.1845,办公用品,3M Organizer Strips,7月
2021-07-31,SO004094,华南,顺丰,21.93,2.16,-37.789,办公用品,3M Organizer Strips,7月
2021-07-31,SO004095,华南,顺丰,26095.13,808.49,12606.81,数码电子,Xerox 193,7月
2021-07-31,SO004096,华南,顺丰,75.58,6.48,-43.26,办公用品,Xerox 217,7月
2021-07-31,SO004097,华南,顺丰,477.53,10.98,51.17,办公用品,Letter Slitter,7月
2021-06-28,SO004098,华南,顺丰,7201.89,296.18,-650.11,家具产品,KI Conference Tables,6月
2021-12-29,SO004099,华南,顺丰,1936.45,43.22,307.17,数码电子,TDK 4.7GB DVD-R,12月
2021-12-29,SO004100,华南,顺丰,3711.04,218.75,-773.78,家具产品,KI Conference Tables,12月
2021-05-29,SO004101,华南,顺丰,1823.02,92.23,80.8,家具产品,Document Clip Frames,5月
2021-05-29,SO004102,华南,顺丰,74.02,2.88,8.13,办公用品,Newell 340,5月
2021-05-29,SO004103,华南,顺丰,2252.976,205.99,-54.362,数码电子,Talkabout T8097,5月
2021-04-10,SO004104,华南,顺丰,203.4,7.08,24.59,办公用品,Newell 340,4月
2021-12-29,SO004105,华南,顺丰,12690.33,367.99,5045.3025,办公用品,3M Organizer Strips,12月
2021-05-29,SO004106,华南,顺丰,325.33,7.64,-41.75,办公用品,Xerox 217,5月
2021-01-20,SO004107,华南,顺丰,24701.12,500.98,8022.94,家具产品,Phone 918,1月
2021-06-13,SO004108,华南,顺丰,3156.6,276.2,454.26,家具产品,Phone 918,6月
2021-06-13,SO004109,华南,顺丰,302.69,6.35,125.65,办公用品,Xerox 217,6月
2021-08-06,SO004110,华南,顺丰,65.81,6.48,-15.44,办公用品,Xerox 1995,8月
2021-12-03,SO004111,华南,顺丰,617.2189999999999,65.99,-136.09199999999998,数码电子,8260,12月
2021-03-28,SO004112,华南,顺丰,238.35,11.66,-64.51,办公用品,Newell 340,3月
2021-03-28,SO004113,华南,顺丰,856.34,28.38,248.91,数码电子,Maxell 4.7GB DVD-R,3月
2021-11-28,SO004114,华南,顺丰,34.27,6.48,-26.44,办公用品,Xerox 1905,11月
2021-04-10,SO004115,华东,顺丰,6449.0560000000005,400.98,1116.02,家具产品,KI Conference Tables,4月
2021-07-28,SO004116,华北,顺丰,13070.2,3502.14,-6923.5992,数码电子,Xerox 193,7月
2021-07-02,SO004117,华北,顺丰,281.39,5.74,-106.398,办公用品,Binder Posts,7月
2021-07-02,SO004118,华北,顺丰,12593.91,270.97,2699.67,数码电子,Xerox 193,7月
2021-10-02,SO004119,华北,顺丰,7789.63,200.98,1774.53,家具产品,Phone 918,10月
2021-10-02,SO004120,华北,顺丰,15703.82,810.98,3055.72,数码电子,Xerox 193,10月
2021-10-02,SO004121,华北,顺丰,140.69,4.71,-14.54,办公用品,"Super Bands, 12/Pack",10月
2021-06-30,SO004122,西北,顺丰,2954.14,138.14,-522.94,办公用品,Crate-A-Files™,6月
2021-06-30,SO004123,西北,顺丰,3375.3075,125.99,562.1310000000001,数码电子,StarTAC ST7762,6月
2021-01-24,SO004124,西北,顺丰,6654.39,238.4,1151.69,家具产品,Phone 918,1月
2021-01-24,SO004125,西北,顺丰,4429.69,199.99,983.55,数码电子,Canon PC940 Copier,1月
2021-08-16,SO004126,西北,顺丰,29.06,11.58,-16.15,办公用品,Grip Seal Envelopes,8月
2021-08-12,SO004127,西北,顺丰,2040.39,40.99,221.09,办公用品,Xerox 217,8月
2021-06-10,SO004128,西北,顺丰,2526.54,65.99,772.11,数码电子,6000,6月
2021-06-10,SO004129,西北,顺丰,162.39,5.28,-101.68,办公用品,Xerox 1981,6月
2021-08-25,SO004130,华东,顺丰,2519.55,52.4,592.5265,办公用品,3M Organizer Strips,8月
2021-08-25,SO004131,华东,顺丰,150.33,15.14,-47.88,办公用品,Crate-A-Files™,8月
2021-08-25,SO004132,华东,顺丰,1634.17,36.55,232.8,办公用品,Newell 340,8月
2021-10-03,SO004133,华东,顺丰,5122.61,304.99,1784.0394999999999,办公用品,3M Organizer Strips,10月
2021-08-11,SO004134,华东,顺丰,2850.31,155.06,569.08,办公用品,Crate-A-Files™,8月
2021-04-27,SO004135,华东,顺丰,150.13,12.28,1.73,办公用品,Xerox 1933,4月
2021-11-17,SO004136,华东,顺丰,239.35,5.68,78.96,办公用品,Grip Seal Envelopes,11月
2021-11-17,SO004137,华东,顺丰,684.66,19.98,35.09,家具产品,Document Clip Frames,11月
2021-11-18,SO004138,华东,顺丰,157.13,8.32,-46.89,数码电子,TDK 4.7GB DVD-R,11月
2021-11-18,SO004139,华东,顺丰,195.11,6.48,-129.42,办公用品,Xerox 227,11月
2021-11-18,SO004140,华南,顺丰,2738.785,115.99,556.83,数码电子,DPC 650 Piper,11月
2021-11-18,SO004141,华东,顺丰,217.42,7.59,16.97,家具产品,Document Clip Frames,11月
2021-05-02,SO004142,华东,顺丰,4260.73,119.99,251.58,数码电子,Xerox 193,5月
2021-01-13,SO004143,华南,顺丰,38.99,1.7,-33.52,数码电子,TDK 4.7GB DVD-R,1月
2021-09-17,SO004144,华南,顺丰,4186.53,120.97,1929.58,数码电子,Xerox 193,9月
2021-09-17,SO004145,华南,顺丰,6057.27,195.99,1585.5030000000002,数码电子,688,9月
2021-04-06,SO004146,华南,顺丰,67.87,2.22,-112.54,办公用品,Holmes Odor Grabber,4月
2021-04-06,SO004147,华南,顺丰,542.24,15.67,268.53,办公用品,Grip Seal Envelopes,4月
2021-04-06,SO004148,华南,顺丰,15174.95,400.97,7251.92,数码电子,Xerox 193,4月
2021-04-06,SO004149,华南,顺丰,1084.12,23.99,294.43,数码电子,Xerox 193,4月
2021-09-29,SO004150,华南,顺丰,2531.35,90.97,415.55,数码电子,Xerox 193,9月
2021-02-15,SO004151,华南,顺丰,13367.82,320.64,-774.8906880000001,家具产品,KI Conference Tables,2月
2021-02-15,SO004152,华南,顺丰,206.2865,7.99,-111.98,数码电子,CF 688,2月
2021-02-22,SO004153,华南,顺丰,235.12,4.91,-29.62,家具产品,Document Clip Frames,2月
2021-02-22,SO004154,华南,顺丰,1814.82,880.98,-1128.66,家具产品,Xerox 1907,2月
2021-04-09,SO004155,华南,顺丰,272.8925,20.99,19.611,数码电子,Accessory25,4月
2021-09-23,SO004156,华南,顺丰,1485.06,70.98,25.32,家具产品,Xerox 1907,9月
2021-09-23,SO004157,华南,顺丰,1211.18,38.76,208.4,办公用品,Xerox 1892,9月
2021-12-27,SO004158,华南,顺丰,45.21,1.76,4.61,办公用品,Newell 326,12月
2021-06-14,SO004159,华南,顺丰,221.13,4.55,59.70399999999999,办公用品,3M Organizer Strips,6月
2021-06-14,SO004160,华南,顺丰,16.35,1.88,-5.6235,办公用品,3M Organizer Strips,6月
2021-02-09,SO004161,华南,顺丰,3049.632,280.98,-679.0443660000002,家具产品,KI Conference Tables,2月
2021-02-09,SO004162,华南,顺丰,1274.949,35.99,416.988,数码电子,Accessory35,2月
2021-04-15,SO004163,华南,顺丰,6123.94,260.98,1292.44,家具产品,Xerox 1907,4月
2021-09-07,SO004164,华南,顺丰,495.32,100.98,-72.73,办公用品,Holmes Odor Grabber,9月
2021-09-07,SO004165,华南,顺丰,2483.53,220.98,-176.77,家具产品,Xerox 1907,9月
2021-09-07,SO004166,东北,顺丰,967.41,35.44,26.64,办公用品,Xerox 1880,9月
2021-09-19,SO004167,华南,顺丰,318.56,10.89,-30.97,办公用品,Holmes Odor Grabber,9月
2021-04-23,SO004168,华南,顺丰,223.2,9.78,78.74,办公用品,Grip Seal Envelopes,4月
2021-07-03,SO004169,华北,顺丰,27720.98,599.99,11984.395,数码电子,Canon PC940 Copier,7月
2021-07-03,SO004170,华北,顺丰,520.13,18.97,127.55,办公用品,Xerox 1887,7月
2021-06-03,SO004171,华北,顺丰,2657.56,150.98,126.27855,家具产品,KI Conference Tables,6月
2021-01-16,SO004172,华北,顺丰,792.21,18.97,42.24,办公用品,Xerox 1939,1月
2021-03-13,SO004173,东北,顺丰,240.74,12.28,21.05,办公用品,Xerox 1907,3月
2021-06-22,SO004174,华南,顺丰,96.01,7.98,-43.24,办公用品,Iris Project Case,6月
2021-05-25,SO004175,华南,顺丰,598.19,17.98,-6.612000000000011,数码电子,Xerox 193,5月
2021-04-17,SO004176,华南,顺丰,22.37,2.6,-14.09,办公用品,Newell 340,4月
2021-12-30,SO004177,华东,顺丰,362.75,8.32,-54.47,数码电子,TDK 4.7GB DVD-R,12月
2021-12-30,SO004178,华东,顺丰,155.86,5.28,-152.59,办公用品,Xerox 1963,12月
2021-07-24,SO004179,华南,顺丰,215.31,15.28,-51.75,办公用品,3M Organizer Strips,7月
2021-03-22,SO004180,华南,顺丰,1511.7,34.99,221.63,办公用品,Newell 340,3月
2021-04-06,SO004181,华南,顺丰,30.35,3.08,5.02,办公用品,Avery 481,4月
2021-06-16,SO004182,西北,顺丰,3072.86,150.98,-364.8733660000001,家具产品,KI Conference Tables,6月
2021-07-03,SO004183,华东,顺丰,1463.105,35.99,446.994,数码电子,Accessory13,7月
2021-07-03,SO004184,华北,顺丰,1085.4,25.98,262.32,办公用品,Holmes Odor Grabber,7月
2021-07-03,SO004185,华北,顺丰,123.67,6.24,-34.17,家具产品,Document Clip Frames,7月
2021-08-03,SO004186,华北,顺丰,22.45,1.48,0.78,办公用品,Binder Clips by OIC,8月
2021-08-03,SO004187,华北,顺丰,3268.56,95.95,-1181.71,家具产品,Phone 918,8月
2021-07-22,SO004188,华北,顺丰,165.09,15.01,-8.590499999999999,办公用品,3M Organizer Strips,7月
2021-03-21,SO004189,华北,顺丰,89061.05,6783.02,27220.69,数码电子,Xerox 193,3月
2021-03-21,SO004190,华北,顺丰,6636.664,205.99,1623.6989999999998,数码电子,TimeportP7382,3月
2021-02-05,SO004191,华北,顺丰,4153.06,90.24,1499.41,办公用品,Holmes Odor Grabber,2月
2021-11-25,SO004192,华北,顺丰,19325.2,387.99,8793.539,办公用品,3M Organizer Strips,11月
2021-11-25,SO004193,华北,顺丰,8380.22,160.98,813.83,家具产品,Xerox 1907,11月
2021-06-26,SO004194,华北,顺丰,742.05,14.89,-337.98,家具产品,Document Clip Frames,6月
2021-09-24,SO004195,华北,顺丰,157.63,17.98,-78.13,数码电子,TDK 4.7GB DVD-R,9月
2021-07-14,SO004196,华北,顺丰,926.65,26.31,-75.38,数码电子,TDK 4.7GB DVD-R,7月
2021-03-29,SO004197,东北,顺丰,2175.22,68.81,-520.55,办公用品,Holmes Odor Grabber,3月
2021-06-08,SO004198,东北,顺丰,115.54,4.98,43.35,办公用品,Xerox 217,6月
2021-12-12,SO004199,东北,顺丰,5572.92,140.98,-639.47,家具产品,Xerox 1907,12月
2021-09-13,SO004200,东北,顺丰,8295.29,178.47,2267.22,办公用品,Crate-A-Files™,9月
2021-04-25,SO004201,东北,顺丰,35.17,3.08,5.58,办公用品,Avery 481,4月
2021-06-19,SO004202,东北,顺丰,214.64,6.48,-76.88,办公用品,Xerox 1904,6月
2021-12-04,SO004203,东北,顺丰,243.5,5.98,23.87,办公用品,Newell 340,12月
2021-06-16,SO004204,东北,顺丰,5452.9,225.02,426.67,办公用品,Crate-A-Files™,6月
2021-09-07,SO004205,东北,顺丰,606.98,13.73,21.08,家具产品,Document Clip Frames,9月
2021-09-07,SO004206,西南,顺丰,301.62,6.68,-162.54,办公用品,Xerox 1898,9月
2021-10-20,SO004207,西南,顺丰,7286.65,160.98,474.89,家具产品,Xerox 1907,10月
2021-03-23,SO004208,西南,顺丰,3977.97,120.98,1733.4730000000002,办公用品,3M Organizer Strips,3月
2021-03-22,SO004209,华南,顺丰,20.21,2.08,-5.140499999999999,办公用品,Round Ring Binders,3月
2021-11-07,SO004210,华南,顺丰,257.97,12.95,33.1755,办公用品,GBC Binding covers,11月
2021-02-07,SO004211,华南,顺丰,619.77,14.45,50.2435,办公用品,3M Organizer Strips,2月
2021-08-14,SO004212,华南,顺丰,80.33,1.82,-12.95,办公用品,Newell 307,8月
2021-03-13,SO004213,华南,顺丰,2555.37,95.98,-824.91,家具产品,Phone 918,3月
2021-03-13,SO004214,华南,顺丰,1447.62,48.04,576.39,办公用品,Xerox 1885,3月
2021-01-06,SO004215,华南,顺丰,307.57,6.37,-72.3005,办公用品,3M Organizer Strips,1月
2021-01-06,SO004216,华南,顺丰,14861.07,500.98,3408.29,家具产品,Phone 918,1月
2021-07-11,SO004217,华南,顺丰,24.51,8.04,-18.262,办公用品,3M Organizer Strips,7月
2021-07-11,SO004218,华南,顺丰,196.75,7.96,0.13,家具产品,Document Clip Frames,7月
2021-07-03,SO004219,华南,顺丰,1477.39,37.7,641.4015,办公用品,3M Organizer Strips,7月
2021-06-12,SO004220,华南,顺丰,5177.4,449.99,287.5,数码电子,Canon PC940 Copier,6月
2021-10-05,SO004221,华南,顺丰,123.11,3.15,48.93,办公用品,Avery 498,10月
2021-01-03,SO004222,华南,顺丰,85.56,5.28,-41.58,办公用品,Xerox 217,1月
2021-01-03,SO004223,华南,顺丰,754.6555,110.99,-212.553,数码电子,T18,1月
2021-10-15,SO004224,华南,顺丰,16193.16,449.99,6463.34,数码电子,Canon PC940 Copier,10月
2021-10-15,SO004225,华东,顺丰,157.33,11.35,-76.34,办公用品,Crate-A-Files™,10月
2021-10-15,SO004226,华北,顺丰,10253.75,400.97,3256.81,数码电子,Xerox 193,10月
2021-10-15,SO004227,华北,顺丰,840.24,21.38,19.73,办公用品,Newell 340,10月
2021-06-13,SO004228,华北,顺丰,7765.13,180.98,433.63,办公用品,Holmes Odor Grabber,6月
2021-03-20,SO004229,西北,顺丰,243.06,5.85,-1.57,办公用品,Newell 340,3月
2021-02-01,SO004230,西北,顺丰,3279.01,80.97,349.22,数码电子,Xerox 193,2月
2021-09-01,SO004231,西北,顺丰,311.19,9.38,-9.18,家具产品,Document Clip Frames,9月
2021-12-17,SO004232,西北,顺丰,213.49,8.04,-136.4475,办公用品,3M Organizer Strips,12月
2021-01-08,SO004233,西北,顺丰,324.28,14.56,20.43,办公用品,Holmes Odor Grabber,1月
2021-08-16,SO004234,西北,顺丰,4667.28,699.99,-362.88,数码电子,Canon PC940 Copier,8月
2021-08-06,SO004235,西北,顺丰,5503.39,218.75,-528.653125,家具产品,KI Conference Tables,8月
2021-06-17,SO004236,华东,顺丰,740.14,19.98,29.73,家具产品,Document Clip Frames,6月
2021-12-12,SO004237,华东,顺丰,16.47,2.08,-6.8195,办公用品,Round Ring Binders,12月
2021-12-12,SO004238,华东,顺丰,173.62,33.94,-88.64,家具产品,Phone 918,12月
2021-12-12,SO004239,华东,顺丰,690.97,13.79,-16.94,家具产品,Document Clip Frames,12月
2021-10-04,SO004240,华东,顺丰,443.46,15.57,193.12,办公用品,Grip Seal Envelopes,10月
2021-01-29,SO004241,华东,顺丰,792.76,24.92,33.370999999999995,办公用品,3M Organizer Strips,1月
2021-04-19,SO004242,华东,顺丰,2504.41,79.52,-547.89,家具产品,Document Clip Frames,4月
2021-07-16,SO004243,华东,顺丰,1752.0964999999999,45.99,356.346,数码电子,600 Series Non-Flip,7月
2021-06-07,SO004244,华东,顺丰,141.96,7.4,38.43,办公用品,Xerox 217,6月
2021-10-04,SO004245,华东,顺丰,375.61,10.44,-21.263499999999997,办公用品,3M Organizer Strips,10月
2021-02-26,SO004246,华东,顺丰,3637.728,195.99,349.47,数码电子,T28 WORLD,2月
2021-02-26,SO004247,华东,顺丰,125.84,6.88,18.42,办公用品,Xerox 217,2月
2021-05-05,SO004248,华东,顺丰,2435.32,60.22,650.56,办公用品,Holmes Odor Grabber,5月
2021-05-05,SO004249,华东,顺丰,4242.76,199.99,340.88,数码电子,Canon PC940 Copier,5月
2021-08-26,SO004250,华东,顺丰,1453.704,35.99,549.837,数码电子,Accessory35,8月
2021-08-26,SO004251,华东,顺丰,7656.304,296.18,-715.7782060000003,家具产品,KI Conference Tables,8月
2021-09-30,SO004252,华东,顺丰,2860.93,65.99,832.617,数码电子,8860,9月
2021-12-07,SO004253,华东,顺丰,1412.98,60.97,324.96,办公用品,Holmes Odor Grabber,12月
2021-12-07,SO004254,华东,顺丰,19539.94,517.48,4914.24,数码电子,Xerox 193,12月
2021-03-21,SO004255,华东,顺丰,30.38,1.8,-59.179,办公用品,3M Organizer Strips,3月
2021-04-26,SO004256,华东,顺丰,2024.0285,125.99,4.896000000000011,数码电子,StarTAC 6500,4月
2021-01-29,SO004257,华南,顺丰,5155.07,193.17,368.79,办公用品,Crate-A-Files™,1月
2021-01-31,SO004258,华东,顺丰,6244.18,160.98,470.3,家具产品,Phone 918,1月
2021-01-31,SO004259,华东,顺丰,239.75,6.3,105.91,办公用品,Avery 51,1月
2021-01-31,SO004260,华南,顺丰,150.2,4.98,62.46,办公用品,Xerox 217,1月
2021-05-21,SO004261,华南,顺丰,1556.42,30.42,-60.98,数码电子,TDK 4.7GB DVD-R,5月
2021-05-21,SO004262,华南,顺丰,130.28,4.91,56.97,办公用品,Avery 478,5月
2021-05-21,SO004263,华南,顺丰,41343.21,6783.02,3852.19,数码电子,Xerox 193,5月
2021-03-24,SO004264,华南,顺丰,76.81,4.98,-55.77,办公用品,Xerox 1961,3月
2021-03-24,SO004265,华南,顺丰,174.22,8.34,-1.23,办公用品,Letter Slitter,3月
2021-08-30,SO004266,华南,顺丰,14.4,12.22,-7.39,家具产品,Document Clip Frames,8月
2021-03-21,SO004267,华南,顺丰,709.54,59.98,131.44,办公用品,Holmes Odor Grabber,3月
2021-03-21,SO004268,华南,顺丰,1220.08,28.48,515.64,数码电子,TDK 4.7GB DVD-R,3月
2021-05-03,SO004269,华南,顺丰,71.45,3.36,-92.9545,办公用品,3M Organizer Strips,5月
2021-10-18,SO004270,华南,顺丰,239.4,5.98,-57.37,办公用品,Xerox 193,10月
2021-07-10,SO004271,华南,顺丰,305.01,7.3,-160.816,办公用品,3M Organizer Strips,7月
2021-07-10,SO004272,华南,顺丰,3583.52,161.55,221.71,办公用品,Crate-A-Files™,7月
2021-04-28,SO004273,华南,顺丰,2789.03,400.98,-303.44,家具产品,KI Conference Tables,4月
2021-04-17,SO004274,东北,顺丰,17853.64,419.19,6227.33,办公用品,Crate-A-Files™,4月
2021-06-09,SO004275,华东,顺丰,253.38,13.9,-35.78,办公用品,Letter Slitter,6月
2021-07-07,SO004276,华南,顺丰,121.19,3.89,-152.1335,办公用品,Avery Binder Labels,7月
2021-08-15,SO004277,华南,顺丰,2019.65,420.98,289.8755,办公用品,3M Organizer Strips,8月
2021-12-25,SO004278,华南,顺丰,304.26,7.08,28.93,办公用品,Newell 340,12月
2021-02-06,SO004279,华南,顺丰,706.91,20.98,85.68,办公用品,3M Organizer Strips,2月
2021-02-06,SO004280,华南,顺丰,190.06,5.98,-61.9,办公用品,Xerox 1947,2月
2021-10-30,SO004281,华南,顺丰,92.06,5.98,5.66,办公用品,Grip Seal Envelopes,10月
2021-10-30,SO004282,华东,顺丰,199.62,5.84,42.34,办公用品,Newell 312,10月
2021-11-26,SO004283,华东,顺丰,431.37,15.22,-28.6695,办公用品,3M Organizer Strips,11月
2021-11-26,SO004284,华南,顺丰,262.31,11.09,27.55,办公用品,Grip Seal Envelopes,11月
2021-11-26,SO004285,华东,顺丰,514.03,11.34,82.19,办公用品,Xerox 188,11月
2021-11-26,SO004286,华南,顺丰,1696.7,180.98,-82.81,家具产品,Xerox 1907,11月
2021-02-26,SO004287,东北,顺丰,606.3985,35.99,126.12599999999999,数码电子,Accessory41,2月
2021-07-26,SO004288,东北,顺丰,1785.02,55.94,52.66,数码电子,TDK 4.7GB DVD-R,7月
2021-07-01,SO004289,东北,顺丰,225.45,6.48,-193.39,办公用品,Xerox 1905,7月
2021-01-14,SO004290,华北,顺丰,2690.84,208.16,-368.02,办公用品,Holmes Odor Grabber,1月
2021-01-14,SO004291,华南,顺丰,733.55,90.48,103.13,办公用品,Grip Seal Envelopes,1月
2021-01-14,SO004292,华南,顺丰,38.71,9.48,23.0,家具产品,Document Clip Frames,1月
2021-01-14,SO004293,华北,顺丰,62.6,4.28,7.32,办公用品,Newell 336,1月
2021-07-25,SO004294,华北,顺丰,97.65,4.18,-90.07,家具产品,Document Clip Frames,7月
2021-07-25,SO004295,东北,顺丰,1408.34,34.58,176.63,办公用品,Newell 340,7月
2021-08-05,SO004296,东北,顺丰,93.02,5.08,20.01,家具产品,Document Clip Frames,8月
2021-08-05,SO004297,西南,顺丰,639.84,15.14,-95.76,办公用品,Crate-A-Files™,8月
2021-02-10,SO004298,华南,顺丰,105.93,4.76,33.47,办公用品,Xerox 217,2月
2021-02-08,SO004299,华南,顺丰,478.94,12.53,10.557,办公用品,3M Organizer Strips,2月
2021-02-08,SO004300,华南,顺丰,2429.09,105.29,-20.67,家具产品,Document Clip Frames,2月
2021-04-25,SO004301,华南,顺丰,220.82,9.93,77.68,办公用品,Newell 340,4月
2021-05-10,SO004302,华北,顺丰,273.38,43.22,-170.91,数码电子,TDK 4.7GB DVD-R,5月
2021-05-10,SO004303,华北,顺丰,179.66,22.24,-1.7299999999999827,数码电子,TDK 4.7GB DVD-R,5月
2021-03-26,SO004304,西北,顺丰,17387.65,499.99,6907.613,数码电子,Canon PC940 Copier,3月
2021-03-26,SO004305,西北,顺丰,6040.22,138.14,-942.5,办公用品,Crate-A-Files™,3月
2021-09-13,SO004306,华东,顺丰,3116.7715,85.99,-106.513,数码电子,Accessory4,9月
2021-09-05,SO004307,华东,顺丰,986.2719999999999,71.37,-647.136,家具产品,KI Conference Tables,9月
2021-09-27,SO004308,华东,顺丰,32.77,5.74,-17.1925,办公用品,Binder Posts,9月
2021-09-27,SO004309,华东,顺丰,1701.53,43.98,735.99,数码电子,TDK 4.7GB DVD-R,9月
2021-09-27,SO004310,华南,顺丰,2398.9,95.46,656.95,家具产品,Document Clip Frames,9月
2021-12-28,SO004311,华南,顺丰,16468.55,449.99,5638.75,数码电子,Canon PC940 Copier,12月
2021-11-25,SO004312,华南,顺丰,725.15,20.27,140.57,办公用品,Holmes Odor Grabber,11月
2021-07-25,SO004313,华南,顺丰,1166.29,41.71,302.86,办公用品,Holmes Odor Grabber,7月
2021-11-25,SO004314,东北,顺丰,4108.17,209.37,-505.98447900000014,家具产品,KI Conference Tables,11月
2021-12-26,SO004315,华北,顺丰,21.32,3.38,2.2,办公用品,Newell 340,12月
2021-12-26,SO004316,华北,顺丰,457.51,11.66,-183.75,办公用品,Newell 340,12月
2021-05-08,SO004317,华北,顺丰,64.79,29.34,-41.32,家具产品,Document Clip Frames,5月
2021-05-07,SO004318,华北,顺丰,707.3,70.98,-127.94,家具产品,Xerox 1907,5月
2021-05-07,SO004319,华东,顺丰,335.64,6.7,80.13,办公用品,Newell 340,5月
2021-07-03,SO004320,华北,顺丰,55.81,6.48,-35.04,办公用品,Xerox 227,7月
2021-07-03,SO004321,华北,顺丰,373.07,9.93,149.53,办公用品,Newell 340,7月
2021-07-16,SO004322,华北,顺丰,65.91,2.78,0.7600000000000007,办公用品,Newell 340,7月
2021-07-16,SO004323,华北,顺丰,72.72,15.42,-36.61,办公用品,Crate-A-Files™,7月
2021-09-27,SO004324,华北,顺丰,6477.459,175.99,1836.459,数码电子,2180,9月
2021-04-09,SO004325,华北,顺丰,48.01,2.21,-6.85,办公用品,Newell 327,4月
2021-05-01,SO004326,华北,顺丰,4324.29,348.21,298.83,家具产品,KI Conference Tables,5月
2021-09-21,SO004327,华北,顺丰,336.29,21.38,-52.14,办公用品,Newell 340,9月
2021-05-14,SO004328,华北,顺丰,2827.1425,95.99,713.88,数码电子,T60,5月
2021-07-27,SO004329,华北,顺丰,41.52,2.18,-85.17,办公用品,Xerox 217,7月
2021-07-27,SO004330,华北,顺丰,254.02,6.3,123.14,办公用品,Avery 48,7月
2021-08-21,SO004331,华北,顺丰,201.37,6.98,59.84,办公用品,Xerox 217,8月
2021-09-26,SO004332,华北,顺丰,763.448,146.05,-352.9590350000001,家具产品,KI Conference Tables,9月
2021-06-21,SO004333,华北,顺丰,234.24,9.71,-151.8,办公用品,Crate-A-Files™,6月
2021-05-12,SO004334,华北,顺丰,5320.57,193.17,534.29,办公用品,Crate-A-Files™,5月
2021-07-07,SO004335,华北,顺丰,4357.117,115.99,1192.9769999999999,数码电子,8890,7月
2021-09-22,SO004336,东北,顺丰,143.1,5.98,36.7455,办公用品,3M Organizer Strips,9月
2021-09-22,SO004337,东北,顺丰,795.52,22.24,290.64,数码电子,TDK 4.7GB DVD-R,9月
2021-09-22,SO004338,东北,顺丰,126.36,2.89,50.26,办公用品,Avery 498,9月
2021-09-22,SO004339,东北,顺丰,496.62,19.98,49.86,家具产品,Document Clip Frames,9月
2021-01-16,SO004340,东北,顺丰,62.78,2.98,-17.75,办公用品,Newell 340,1月
2021-01-16,SO004341,东北,顺丰,2836.0505000000003,125.99,561.1320000000001,数码电子,M70,1月
2021-11-01,SO004342,东北,顺丰,86.79,8.12,-45.6,数码电子,TDK 4.7GB DVD-R,11月
2021-11-01,SO004343,东北,顺丰,753.8,96.45,-32.3031,数码电子,Xerox 193,11月
2021-06-22,SO004344,东北,顺丰,546.01,16.74,133.5605,办公用品,3M Organizer Strips,6月
2021-07-14,SO004345,东北,顺丰,691.59,41.94,261.239,办公用品,3M Organizer Strips,7月
2021-07-14,SO004346,东北,顺丰,345.2,7.31,183.53,办公用品,Avery 498,7月
2021-10-24,SO004347,东北,顺丰,403.88,40.97,48.03,数码电子,TDK 4.7GB DVD-R,10月
2021-02-15,SO004348,东北,顺丰,7837.44,279.81,1817.76,办公用品,Holmes Odor Grabber,2月
2021-02-15,SO004349,东北,顺丰,3653.22,180.98,-116.02,家具产品,Phone 918,2月
2021-09-14,SO004350,东北,顺丰,872.97,39.98,-22.63,数码电子,TDK 4.7GB DVD-R,9月
2021-09-14,SO004351,东北,顺丰,545.71,29.74,-35.47,办公用品,Crate-A-Files™,9月
2021-11-19,SO004352,东北,顺丰,3227.38,120.98,192.31,家具产品,Phone 918,11月
2021-11-19,SO004353,西南,顺丰,134.52,2.78,-6.04,办公用品,Newell 340,11月
2021-07-15,SO004354,西南,顺丰,772.42,15.28,299.33,数码电子,TDK 4.7GB DVD-R,7月
2021-07-15,SO004355,西南,顺丰,221.4675,85.99,-302.225,数码电子,Accessory20,7月
2021-02-07,SO004356,西南,顺丰,3900.5309999999995,110.99,1144.629,数码电子,T18,2月
2021-02-07,SO004357,西南,顺丰,248.42,6.84,-58.81,办公用品,Letter Slitter,2月
2021-11-29,SO004358,华南,顺丰,701.16,172.99,4.555999999999964,办公用品,3M Organizer Strips,11月
2021-07-25,SO004359,华南,顺丰,1818.76,46.94,843.12,家具产品,Document Clip Frames,7月
2021-07-25,SO004360,华南,顺丰,4322.26,167.27,-618.95,办公用品,Crate-A-Files™,7月
2021-10-23,SO004361,华南,顺丰,1955.0765000000001,65.99,470.82599999999996,数码电子,StarTAC Series,10月
2021-02-10,SO004362,华南,顺丰,104.46,13.99,-36.7662,数码电子,Xerox 193,2月
2021-02-16,SO004363,华南,顺丰,101.9,2.61,40.52,办公用品,Avery 494,2月
2021-02-16,SO004364,华南,顺丰,187.33,25.13,66.47,家具产品,Document Clip Frames,2月
2021-02-16,SO004365,华南,顺丰,259.17,5.68,-57.33,办公用品,Letter Slitter,2月
2021-02-16,SO004366,华南,顺丰,4697.032,125.99,1263.0059999999999,数码电子,8290,2月
2021-10-28,SO004367,华南,顺丰,1515.0,31.74,219.0365,办公用品,3M Organizer Strips,10月
2021-08-24,SO004368,华南,顺丰,217.93,7.64,-29.02,办公用品,Xerox 217,8月
2021-01-21,SO004369,华南,顺丰,1251.18,31.76,-1756.4404000000002,家具产品,KI Conference Tables,1月
2021-02-01,SO004370,华南,顺丰,13.42,3.08,-1.26,办公用品,Avery 481,2月
2021-06-09,SO004371,华南,顺丰,254.76,40.97,109.88,家具产品,Document Clip Frames,6月
2021-01-27,SO004372,华南,顺丰,320.57,10.13,27.95,数码电子,TDK 4.7GB DVD-R,1月
2021-04-08,SO004373,华南,顺丰,161.02,4.55,32.189499999999995,办公用品,3M Organizer Strips,4月
2021-08-18,SO004374,华南,顺丰,169.354,7.99,-84.139,数码电子,CF 688,8月
2021-03-26,SO004375,华南,顺丰,4520.6,225.04,1944.38,办公用品,Holmes Odor Grabber,3月
2021-03-26,SO004376,华东,顺丰,225.25,7.84,-7.59,办公用品,3M Organizer Strips,3月
2021-09-26,SO004377,华北,顺丰,539.66,19.98,147.08,办公用品,Xerox 1936,9月
2021-08-21,SO004378,华北,顺丰,215.52,14.34,75.83,家具产品,Document Clip Frames,8月
2021-08-21,SO004379,华北,顺丰,10.46,1.14,-0.89,办公用品,OIC Thumb-Tacks,8月
2021-08-29,SO004380,华北,顺丰,2643.15,286.85,-715.1144000000002,家具产品,KI Conference Tables,8月
2021-09-24,SO004381,华北,顺丰,1298.29,31.78,542.33,数码电子,TDK 4.7GB DVD-R,9月
2021-09-24,SO004382,西北,顺丰,19.34,4.98,-11.36,办公用品,Xerox 1989,9月
2021-09-24,SO004383,西北,顺丰,590.32,16.99,-91.31,办公用品,Newell 340,9月
2021-09-24,SO004384,西北,顺丰,4245.93,209.37,-626.45,家具产品,KI Conference Tables,9月
2021-07-29,SO004385,西北,顺丰,589.78,42.8,225.2585,办公用品,3M Organizer Strips,7月
2021-08-22,SO004386,西北,顺丰,7512.03,363.25,2017.64,办公用品,Holmes Odor Grabber,8月
2021-08-28,SO004387,西北,顺丰,677.9,33.98,196.36,数码电子,TDK 4.7GB DVD-R,8月
2021-10-03,SO004388,西北,顺丰,6573.75,399.98,1197.05,数码电子,Xerox 193,10月
2021-11-23,SO004389,华东,顺丰,6806.66,299.05,801.72,家具产品,Phone 918,11月
2021-11-23,SO004390,华东,顺丰,891.61,291.73,-328.36,家具产品,Phone 918,11月
2021-11-23,SO004391,华东,顺丰,165.04,30.42,-112.44,数码电子,TDK 4.7GB DVD-R,11月
2021-04-20,SO004392,华东,顺丰,43.29,8.37,-0.36000000000000654,家具产品,Document Clip Frames,4月
2021-08-18,SO004393,华东,顺丰,679.95,17.99,-93.3,办公用品,Newell 340,8月
2021-08-18,SO004394,华东,顺丰,1579.56,35.44,699.64,办公用品,Xerox 217,8月
2021-10-18,SO004395,华东,顺丰,109.78,3.75,43.77,办公用品,Avery 510,10月
2021-08-01,SO004396,华东,顺丰,4648.64,115.79,1777.67,数码电子,TDK 4.7GB DVD-R,8月
2021-03-20,SO004397,华东,顺丰,306.13,5.98,87.601,办公用品,3M Organizer Strips,3月
2021-06-01,SO004398,华东,顺丰,13.5,5.98,-7.9,办公用品,Newell 340,6月
2021-06-01,SO004399,华东,顺丰,540.64,13.43,13.89,办公用品,Crate-A-Files™,6月
2021-05-01,SO004400,华东,顺丰,789.01,415.88,-539.59,办公用品,Crate-A-Files™,5月
2021-05-06,SO004401,华东,顺丰,128.86,6.48,-42.81,办公用品,Xerox 1985,5月
2021-05-06,SO004402,华东,顺丰,3249.09,78.8,-1326.29,办公用品,Crate-A-Files™,5月
2021-05-11,SO004403,华东,顺丰,97.57,19.94,-27.31,家具产品,Document Clip Frames,5月
2021-05-11,SO004404,华东,顺丰,110.32,3.68,-32.65,办公用品,Letter Slitter,5月
2021-11-05,SO004405,华东,顺丰,337.20349999999996,45.99,-120.934,数码电子,KF 788,11月
2021-08-05,SO004406,华东,顺丰,4054.0579999999995,125.99,914.193,数码电子,i2000,8月
2021-11-15,SO004407,华南,顺丰,225.09,21.38,64.14099999999999,办公用品,3M Organizer Strips,11月
2021-08-26,SO004408,华南,顺丰,990.67,110.98,-365.32,办公用品,Crate-A-Files™,8月
2021-06-27,SO004409,华南,顺丰,1463.42,59.98,350.82,办公用品,Holmes Odor Grabber,6月
2021-10-15,SO004410,华南,顺丰,321.68,11.97,-12.25,办公用品,Holmes Odor Grabber,10月
2021-10-15,SO004411,华南,顺丰,971.95,29.74,-21.1,办公用品,Crate-A-Files™,10月
2021-10-15,SO004412,华南,顺丰,2149.03,95.43,-235.56,办公用品,Crate-A-Files™,10月
2021-10-17,SO004413,华南,顺丰,112.47,12.2,46.74,家具产品,Document Clip Frames,10月
2021-08-04,SO004414,华南,顺丰,191.43,8.69,39.4995,办公用品,3M Organizer Strips,8月
2021-08-04,SO004415,华南,顺丰,1234.85,34.76,212.2,办公用品,Crate-A-Files™,8月
2021-11-28,SO004416,华南,顺丰,138.71,5.89,-33.16,家具产品,Document Clip Frames,11月
2021-05-25,SO004417,华南,顺丰,302.4,22.23,134.21,家具产品,Document Clip Frames,5月
2021-05-25,SO004418,华南,顺丰,1083.37,25.98,-226.41,家具产品,Phone 918,5月
2021-03-08,SO004419,华南,顺丰,105.85,6.48,-44.86,数码电子,TDK 4.7GB DVD-R,3月
2021-03-08,SO004420,华南,顺丰,179.33,8.74,-58.76,办公用品,Grip Seal Envelopes,3月
2021-06-26,SO004421,华南,顺丰,1025.88,100.89,-211.33,家具产品,Phone 918,6月
2021-11-11,SO004422,华南,顺丰,378.08,22.24,70.48,数码电子,TDK 4.7GB DVD-R,11月
2021-11-11,SO004423,华南,顺丰,731.71,29.89,175.82,数码电子,TDK 4.7GB DVD-R,11月
2021-01-10,SO004424,华南,顺丰,4906.85,162.93,1907.94,办公用品,Multimedia Mailers,1月
2021-01-04,SO004425,东北,顺丰,3531.75,88.84,572.26,家具产品,Document Clip Frames,1月
2021-01-04,SO004426,东北,顺丰,500.5,90.97,-153.3114,数码电子,Xerox 193,1月
2021-07-27,SO004427,华南,顺丰,269.35,7.7,-14.99,家具产品,Document Clip Frames,7月
2021-07-23,SO004428,华北,顺丰,3671.3,300.65,900.06,办公用品,Holmes Odor Grabber,7月
2021-07-23,SO004429,华东,顺丰,1763.6,45.19,455.37,数码电子,TDK 4.7GB DVD-R,7月
2021-03-21,SO004430,华东,顺丰,963.45,43.22,94.03,数码电子,TDK 4.7GB DVD-R,3月
2021-03-21,SO004431,华南,顺丰,4390.0289999999995,205.99,1007.4870000000001,数码电子,i470,3月
2021-06-05,SO004432,华北,顺丰,43.49,8.33,-21.44,数码电子,TDK 4.7GB DVD-R,6月
2021-06-05,SO004433,华北,顺丰,2854.76,111.03,61.13,办公用品,Crate-A-Files™,6月
2021-08-28,SO004434,华北,顺丰,182.7,4.24,-156.4115,办公用品,3M Organizer Strips,8月
2021-08-28,SO004435,东北,顺丰,141.08,3.08,36.96,办公用品,Avery 481,8月
2021-07-11,SO004436,东北,顺丰,403.17,28.53,147.4495,办公用品,3M Organizer Strips,7月
2021-09-17,SO004437,华南,顺丰,114.87,10.98,-21.03,办公用品,Holmes Odor Grabber,9月
2021-09-17,SO004438,华南,顺丰,383.23,39.98,146.51,家具产品,Document Clip Frames,9月
2021-08-11,SO004439,华北,顺丰,1108.366,65.99,178.308,数码电子,6000,8月
2021-08-20,SO004440,华北,顺丰,68.94,8.32,-32.63,数码电子,TDK 4.7GB DVD-R,8月
2021-08-20,SO004441,华东,顺丰,74.04,6.68,-37.04,办公用品,Xerox 1959,8月
2021-08-11,SO004442,华东,顺丰,1504.97,77.51,-0.30999999999997385,数码电子,TDK 4.7GB DVD-R,8月
2021-11-07,SO004443,华东,顺丰,212.12,5.28,-93.78,办公用品,Xerox 217,11月
2021-03-09,SO004444,华东,顺丰,3186.77,76.72,455.42,办公用品,Holmes Odor Grabber,3月
2021-09-16,SO004445,华东,顺丰,89.97,5.68,23.48,办公用品,Xerox 217,9月
2021-09-16,SO004446,华南,顺丰,456.91,15.51,-328.18,办公用品,Crate-A-Files™,9月
2021-05-19,SO004447,华南,顺丰,123.06,2.78,3.5,办公用品,Newell 340,5月
2021-01-09,SO004448,华南,顺丰,64.11,2.78,-4.09,办公用品,Newell 339,1月
2021-01-09,SO004449,华南,顺丰,68.5,5.38,-53.8545,办公用品,3M Organizer Strips,1月
2021-01-09,SO004450,华北,顺丰,145.19,3.28,-116.87,办公用品,Newell 337,1月
2021-11-27,SO004451,东北,顺丰,1390.6934999999999,65.99,168.46200000000002,数码电子,5190,11月
2021-11-27,SO004452,东北,顺丰,1017.2884999999999,65.99,-115.30199999999999,数码电子,StarTAC Analog,11月
2021-09-09,SO004453,东北,顺丰,86.69,6.48,-43.48,办公用品,Xerox 210,9月
2021-05-26,SO004454,华南,顺丰,413.12,14.27,-10.223500000000001,办公用品,3M Organizer Strips,5月
2021-10-19,SO004455,华东,顺丰,6483.42,200.98,1590.95,家具产品,Phone 918,10月
2021-10-19,SO004456,华东,顺丰,137.77,12.28,1.85,办公用品,Xerox 1881,10月
2021-01-29,SO004457,华北,顺丰,734.25,42.98,160.58,办公用品,Holmes Odor Grabber,1月
2021-01-16,SO004458,华北,顺丰,249.02,5.81,-282.6125,办公用品,3M Organizer Strips,1月
2021-01-16,SO004459,华北,顺丰,78.49,1.81,5.53,办公用品,"Super Bands, 12/Pack",1月
2021-07-28,SO004460,华北,顺丰,15.0,9.78,-13.74,办公用品,Grip Seal Envelopes,7月
2021-05-21,SO004461,华北,顺丰,355.55,7.28,-166.74,家具产品,Document Clip Frames,5月
2021-07-31,SO004462,华北,顺丰,593.62,40.99,25.19,办公用品,Xerox 217,7月
2021-07-31,SO004463,东北,顺丰,38.52,1.26,-17.34,办公用品,Bagged Rubber Bands,7月
2021-07-16,SO004464,东北,顺丰,157.26,17.48,-18.84,数码电子,TDK 4.7GB DVD-R,7月
2021-07-02,SO004465,东北,顺丰,2085.93,150.98,-517.73,家具产品,Xerox 1907,7月
2021-10-22,SO004466,东北,顺丰,3645.12,100.98,807.29,办公用品,Holmes Odor Grabber,10月
2021-10-22,SO004467,东北,顺丰,114.55,10.06,28.61,办公用品,Xerox 217,10月
2021-08-13,SO004468,东北,顺丰,261.17,33.94,-78.84,家具产品,Phone 918,8月
2021-12-18,SO004469,东北,顺丰,1692.28,39.98,61.0,数码电子,TDK 4.7GB DVD-R,12月
2021-09-06,SO004470,东北,顺丰,2833.19,83.98,1409.87,办公用品,Grip Seal Envelopes,9月
2021-09-06,SO004471,东北,顺丰,4452.65,159.31,-265.122,家具产品,KI Conference Tables,9月
2021-11-08,SO004472,西南,顺丰,141.59,70.97,-91.09,办公用品,Holmes Odor Grabber,11月
2021-11-08,SO004473,华南,顺丰,2465.5015,205.99,13.014000000000001,数码电子,StarTAC 8000,11月
2021-11-08,SO004474,华南,顺丰,8558.4715,205.99,2539.458,数码电子,TimeportP7382,11月
2021-11-08,SO004475,华南,顺丰,236.89,5.28,-125.29,办公用品,Xerox 1928,11月
2021-09-15,SO004476,华南,顺丰,321.95,10.98,20.76,办公用品,Letter Slitter,9月
2021-09-15,SO004477,华南,顺丰,13244.04,348.21,275.93,家具产品,KI Conference Tables,9月
2021-05-07,SO004478,华南,顺丰,741.49,95.99,-360.18,办公用品,Crate-A-Files™,5月
2021-06-29,SO004479,华南,顺丰,285.06,8.37,-211.54,家具产品,Document Clip Frames,6月
2021-12-18,SO004480,华南,顺丰,138.95,9.27,9.63,办公用品,Xerox 217,12月
2021-12-18,SO004481,华南,顺丰,5678.5525,155.99,1727.775,数码电子,R280,12月
2021-05-18,SO004482,华南,顺丰,331.53,8.46,-35.97,数码电子,TDK 4.7GB DVD-R,5月
2021-10-29,SO004483,华南,顺丰,187.6375,35.99,-190.025,数码电子,Accessory27,10月
2021-07-27,SO004484,华南,顺丰,1193.62,89.99,-304.47,家具产品,Phone 918,7月
2021-07-27,SO004485,华南,顺丰,363.23,7.59,40.58,家具产品,Document Clip Frames,7月
2021-06-25,SO004486,华南,顺丰,1506.8374999999999,140.99,-75.009,数码电子,7160,6月
2021-03-18,SO004487,华南,顺丰,2564.45,78.65,650.73,办公用品,Holmes Odor Grabber,3月
2021-03-18,SO004488,华南,顺丰,53.55,6.48,-43.5,办公用品,Xerox 1993,3月
2021-05-12,SO004489,华南,顺丰,404.54,26.64,43.99,家具产品,Phone 918,5月
2021-05-12,SO004490,华东,顺丰,124.89,7.28,-111.17,办公用品,Xerox 217,5月
2021-09-13,SO004491,华北,顺丰,162.16,3.29,24.95,办公用品,"Super Bands, 12/Pack",9月
2021-09-13,SO004492,华北,顺丰,15168.82,550.98,-1096.776,家具产品,KI Conference Tables,9月
2021-10-28,SO004493,华北,顺丰,494.84,22.23,205.13,家具产品,Document Clip Frames,10月
2021-10-28,SO004494,华北,顺丰,3443.21,300.98,794.2,数码电子,Xerox 193,10月
2021-07-20,SO004495,华北,顺丰,1196.2,30.98,-73.77,数码电子,TDK 4.7GB DVD-R,7月
2021-07-20,SO004496,西北,顺丰,98.55,13.79,23.16,家具产品,Document Clip Frames,7月
2021-02-05,SO004497,西北,顺丰,17448.75,417.4,9.930000000000064,家具产品,KI Conference Tables,2月
2021-10-05,SO004498,西北,顺丰,338.89,54.96,45.76,办公用品,Xerox 1940,10月
2021-10-05,SO004499,西北,顺丰,362.52,14.97,-68.49,办公用品,Crate-A-Files™,10月
2021-02-16,SO004500,西北,顺丰,311.66,8.6,-63.813500000000005,办公用品,3M Organizer Strips,2月
2021-02-16,SO004501,西北,顺丰,9862.51,699.99,325.29,数码电子,Canon PC940 Copier,2月
2021-06-17,SO004502,华东,顺丰,342.4,11.7,-14.06,办公用品,Holmes Odor Grabber,6月
2021-12-02,SO004503,华东,顺丰,450.28,17.98,-12.3453,数码电子,Xerox 193,12月
2021-03-12,SO004504,华东,顺丰,2853.8835,125.99,492.23699999999997,数码电子,Timeport L7089,3月
2021-11-19,SO004505,华东,顺丰,1100.0,145.45,-240.31140000000002,数码电子,Xerox 193,11月
2021-11-19,SO004506,华东,顺丰,114.94,6.48,-102.24,办公用品,Xerox 1993,11月
2021-07-17,SO004507,华东,顺丰,86.7,1.76,-185.34,家具产品,Document Clip Frames,7月
2021-05-05,SO004508,华东,顺丰,506.73,12.28,25.58,办公用品,Xerox 1881,5月
2021-05-23,SO004509,华东,顺丰,1104.28,40.98,359.75,数码电子,TDK 4.7GB DVD-R,5月
2021-12-26,SO004510,华东,顺丰,14567.15,291.73,3799.59,家具产品,Phone 918,12月
2021-12-14,SO004511,华东,顺丰,19.81,6.48,-10.39,办公用品,Xerox 1894,12月
2021-07-02,SO004512,华东,顺丰,129.27,6.48,-105.15,办公用品,Xerox 1984,7月
2021-07-02,SO004513,华东,顺丰,8467.68,2036.48,-3669.051,数码电子,Xerox 193,7月
2021-12-27,SO004514,华东,顺丰,126.62,3.78,44.8,办公用品,Staples Bulldog Clip,12月
2021-11-25,SO004515,华东,顺丰,1575.14,39.98,160.68,数码电子,TDK 4.7GB DVD-R,11月
2021-11-25,SO004516,华东,顺丰,187.78,11.99,-21.819599999999998,数码电子,Xerox 193,11月
2021-02-02,SO004517,华东,顺丰,77.01,5.78,-19.04,办公用品,Xerox 1899,2月
2021-02-02,SO004518,华东,顺丰,111.83,3.28,-92.16,办公用品,Newell 337,2月
2021-02-02,SO004519,华东,顺丰,6552.9,296.18,-461.45,家具产品,KI Conference Tables,2月
2021-10-14,SO004520,华南,顺丰,3413.69,73.98,175.24,数码电子,TDK 4.7GB DVD-R,10月
2021-10-14,SO004521,华南,顺丰,2939.6825,85.99,192.06,数码电子,Accessory4,10月
2021-02-18,SO004522,华南,顺丰,159.256,45.99,-171.17100000000002,数码电子,T61,2月
2021-10-20,SO004523,华南,顺丰,40.72,6.68,-10.25,办公用品,Xerox 217,10月
2021-10-20,SO004524,华南,顺丰,113.3,3.93,37.33,办公用品,"Super Bands, 12/Pack",10月
2021-11-25,SO004525,华北,顺丰,86.29,11.58,-14.03,办公用品,Grip Seal Envelopes,11月
2021-11-09,SO004526,东北,顺丰,240.63,7.37,-117.92,数码电子,TDK 4.7GB DVD-R,11月
2021-07-15,SO004527,华南,顺丰,196.5,4.91,-99.7625,办公用品,3M Organizer Strips,7月
2021-07-15,SO004528,华北,顺丰,3672.89,3499.99,-3061.82,数码电子,Canon PC940 Copier,7月
2021-07-15,SO004529,西北,顺丰,46.97,5.84,-0.009999999999999787,办公用品,Newell 312,7月
2021-11-04,SO004530,华南,顺丰,209.63,5.84,43.53,办公用品,Newell 312,11月
2021-08-30,SO004531,华南,顺丰,1219.19,150.98,44.36999999999995,数码电子,Xerox 193,8月
2021-08-30,SO004532,华南,顺丰,28.68,1.76,-0.12,办公用品,Newell 310,8月
2021-08-19,SO004533,华南,顺丰,1753.75,39.98,215.11,家具产品,Document Clip Frames,8月
2021-11-01,SO004534,华南,顺丰,192.33,4.26,48.54,办公用品,Newell 340,11月
2021-11-05,SO004535,华东,顺丰,183.22,12.99,-100.89,家具产品,Document Clip Frames,11月
2021-11-05,SO004536,华南,顺丰,68.03,15.14,-29.42,办公用品,Crate-A-Files™,11月
2021-02-15,SO004537,华北,顺丰,5008.7609999999995,115.99,1601.64,数码电子,2160,2月
2021-02-15,SO004538,东北,顺丰,13.53,11.55,-6.73,办公用品,Newell 309,2月
2021-01-07,SO004539,华南,顺丰,607.597,65.99,-112.244,数码电子,i1000,1月
2021-07-23,SO004540,西北,顺丰,28.75,8.46,-31.43,数码电子,TDK 4.7GB DVD-R,7月
2021-07-23,SO004541,西北,顺丰,75.81,22.84,-21.13,办公用品,Xerox 1991,7月
2021-07-23,SO004542,华南,顺丰,259.7175,7.99,-118.481,数码电子,CF 688,7月
2021-11-01,SO004543,华北,顺丰,1103.73,22.98,189.28,家具产品,Document Clip Frames,11月
2021-10-31,SO004544,华北,顺丰,929.81,19.99,-188.41,家具产品,Document Clip Frames,10月
2021-08-07,SO004545,华北,顺丰,20333.816000000003,550.98,-1430.451,家具产品,KI Conference Tables,8月
2021-05-20,SO004546,华南,顺丰,211.86,5.94,-239.315,办公用品,3M Organizer Strips,5月
2021-05-20,SO004547,华南,顺丰,355.03,6.48,-33.31,办公用品,Xerox 231,5月
2021-10-10,SO004548,华南,顺丰,768.41,67.28,60.3755,办公用品,3M Organizer Strips,10月
2021-10-10,SO004549,华南,顺丰,5238.192,145.98,-503.77,家具产品,KI Conference Tables,10月
2021-04-18,SO004550,华北,顺丰,1996.16,1938.02,-3974.4558,数码电子,Xerox 193,4月
2021-10-31,SO004551,西北,顺丰,121.62400000000001,15.23,11.650950000000002,家具产品,KI Conference Tables,10月
2021-10-31,SO004552,西北,顺丰,934.07,39.99,-7.5,数码电子,TDK 4.7GB DVD-R,10月
2021-10-31,SO004553,华东,顺丰,65.467,65.99,-257.411,数码电子,6120,10月
2021-01-05,SO004554,华东,顺丰,1244.19,243.98,-131.31,家具产品,Phone 918,1月
2021-07-29,SO004555,华东,顺丰,175.08,5.02,-168.72,数码电子,TDK 4.7GB DVD-R,7月
2021-07-29,SO004556,华东,顺丰,5369.46,280.98,-439.62,家具产品,Phone 918,7月
2021-12-09,SO004557,华东,顺丰,277.58,7.28,-276.88,办公用品,Xerox 217,12月
2021-12-09,SO004558,华南,顺丰,4887.14,424.21,-694.33,家具产品,KI Conference Tables,12月
2021-12-09,SO004559,华南,顺丰,7195.2585,200.99,1698.156,数码电子,5125,12月
2021-12-19,SO004560,华北,顺丰,2638.79,70.89,54.23085,家具产品,KI Conference Tables,12月
2021-03-24,SO004561,华北,顺丰,580.56,14.28,163.6335,办公用品,3M Organizer Strips,3月
2021-07-18,SO004562,华南,顺丰,8.6,2.88,-2.03,办公用品,Avery 507,7月
2021-03-31,SO004563,华南,顺丰,83.89,6.81,-29.5895,办公用品,3M Organizer Strips,3月
2021-09-23,SO004564,华东,顺丰,4620.53,99.99,1025.23,数码电子,TDK 4.7GB DVD-R,9月
2021-02-04,SO004565,华北,顺丰,2502.67,300.98,-198.8,家具产品,Phone 918,2月
2021-02-02,SO004566,华东,顺丰,3982.21,165.98,1413.941,办公用品,3M Organizer Strips,2月
2021-02-02,SO004567,华南,顺丰,66.55,1.6,-15.13,办公用品,Newell 340,2月
2021-10-24,SO004568,华北,顺丰,43.96,2.78,-0.2415,办公用品,3M Organizer Strips,10月
2021-10-24,SO004569,华北,顺丰,60.19,7.78,6.44,办公用品,Grip Seal Envelopes,10月
2021-10-08,SO004570,华北,顺丰,85.36,10.89,-23.82,办公用品,Holmes Odor Grabber,10月
2021-03-18,SO004571,华北,顺丰,156.09,22.38,-34.845,办公用品,3M Organizer Strips,3月
2021-03-18,SO004572,华北,顺丰,1294.0230000000001,35.99,607.2570000000001,数码电子,Accessory23,3月
2021-09-15,SO004573,华北,顺丰,166.8,7.4,44.59,办公用品,Xerox 217,9月
2021-09-15,SO004574,华北,顺丰,261.38,6.48,-172.35,办公用品,Xerox 1984,9月
2021-06-25,SO004575,华北,顺丰,2780.88,105.34,595.38,家具产品,Document Clip Frames,6月
2021-05-22,SO004576,华北,顺丰,1361.91,70.97,312.52,办公用品,Holmes Odor Grabber,5月
2021-08-19,SO004577,华北,顺丰,316.99,6.84,-276.54,办公用品,Letter Slitter,8月
2021-08-19,SO004578,华北,顺丰,1991.8984999999998,125.99,88.36200000000001,数码电子,Timeport L7089,8月
2021-08-27,SO004579,华北,顺丰,33.76,2.08,-7.153,办公用品,Economy Binders,8月
2021-08-27,SO004580,华北,顺丰,3537.39,180.98,232.78,家具产品,Phone 918,8月
2021-08-27,SO004581,华北,顺丰,986.24,53.98,68.9,数码电子,TDK 4.7GB DVD-R,8月
2021-08-27,SO004582,华北,顺丰,81.66,4.98,-31.99,办公用品,Xerox 1989,8月
2021-12-16,SO004583,东北,顺丰,1359.74,43.98,202.33,办公用品,Newell 340,12月
2021-12-16,SO004584,东北,顺丰,5228.2,135.31,-691.52,办公用品,Crate-A-Files™,12月
2021-12-16,SO004585,东北,顺丰,7174.9435,195.99,2373.237,数码电子,R380,12月
2021-09-15,SO004586,东北,顺丰,126.69,6.81,-35.558,办公用品,3M Organizer Strips,9月
2021-09-15,SO004587,东北,顺丰,162.11,12.28,3.91,办公用品,Xerox 1881,9月
2021-03-21,SO004588,东北,顺丰,167.53,8.85,-9.568,办公用品,3M Organizer Strips,3月
2021-03-29,SO004589,东北,顺丰,1507.16,28.48,724.14,数码电子,TDK 4.7GB DVD-R,3月
2021-11-18,SO004590,东北,顺丰,671.75,20.97,-56.83,数码电子,TDK 4.7GB DVD-R,11月
2021-11-18,SO004591,东北,顺丰,9541.04,348.21,348.84,家具产品,KI Conference Tables,11月
2021-11-03,SO004592,西南,顺丰,6865.19,349.45,1541.68,家具产品,KI Conference Tables,11月
2021-02-01,SO004593,西南,顺丰,1697.44,45.19,523.43,数码电子,TDK 4.7GB DVD-R,2月
2021-07-04,SO004594,华南,顺丰,2017.5,399.98,-663.5142,数码电子,Xerox 193,7月
2021-11-16,SO004595,华南,顺丰,540.33,12.44,-59.06,办公用品,Crate-A-Files™,11月
2021-10-28,SO004596,华南,顺丰,367.11,28.53,116.79849999999999,办公用品,3M Organizer Strips,10月
2021-02-15,SO004597,华南,顺丰,136.24,9.71,-81.77,办公用品,Crate-A-Files™,2月
2021-05-07,SO004598,华南,顺丰,3548.67,177.98,1280.19,办公用品,Holmes Odor Grabber,5月
2021-01-21,SO004599,华南,顺丰,11336.37,355.98,1161.75,家具产品,Phone 918,1月
2021-01-21,SO004600,华南,顺丰,354.13,19.98,8.79,办公用品,Xerox 217,1月
2021-01-21,SO004601,华南,顺丰,751.94,19.98,69.08,办公用品,Xerox 217,1月
2021-12-16,SO004602,华南,顺丰,371.95,7.84,-10.327,办公用品,3M Organizer Strips,12月
2021-12-16,SO004603,华南,顺丰,96.07,4.48,-4.36,办公用品,Grip Seal Envelopes,12月
2021-09-09,SO004604,华南,顺丰,174.81,3.75,74.82,办公用品,Avery 510,9月
2021-09-09,SO004605,华南,顺丰,89.51,3.98,-61.985,办公用品,3M Organizer Strips,9月
2021-06-21,SO004606,华南,顺丰,178.78,20.24,-28.34,家具产品,Document Clip Frames,6月
2021-06-21,SO004607,华南,顺丰,175.99,3.69,77.3,办公用品,Avery 487,6月
2021-06-21,SO004608,华南,顺丰,221.23,6.68,-45.29,办公用品,Xerox 1977,6月
2021-08-27,SO004609,华南,顺丰,3460.5625,115.99,573.057,数码电子,8890,8月
2021-07-07,SO004610,华南,顺丰,572.4325,45.99,-19.437,数码电子,KF 788,7月
2021-01-17,SO004611,华南,顺丰,1101.28,28.15,200.53,办公用品,Newell 340,1月
2021-03-27,SO004612,华南,顺丰,322.03,8.12,-82.83,数码电子,TDK 4.7GB DVD-R,3月
2021-03-27,SO004613,华东,顺丰,2470.84,51.65,25.04,家具产品,Document Clip Frames,3月
2021-03-27,SO004614,华东,顺丰,15.26,6.68,-7.51,办公用品,Newell 340,3月
2021-03-27,SO004615,华东,顺丰,5250.662499999999,175.99,930.9870000000001,数码电子,2180,3月
2021-10-26,SO004616,华北,顺丰,107.92,10.97,-57.65,数码电子,TDK 4.7GB DVD-R,10月
2021-10-26,SO004617,华北,顺丰,2151.08,145.45,179.05,数码电子,Xerox 193,10月
2021-10-26,SO004618,华北,顺丰,939.77,20.97,9.72,数码电子,TDK 4.7GB DVD-R,10月
2021-01-10,SO004619,华北,顺丰,49.74,3.75,17.7,办公用品,Avery 496,1月
2021-03-03,SO004620,华北,顺丰,145.48,4.26,32.43,办公用品,Newell 340,3月
2021-03-03,SO004621,华北,顺丰,1638.67,68.81,-527.83,办公用品,Holmes Odor Grabber,3月
2021-03-03,SO004622,华北,顺丰,64.1,6.84,-48.28,办公用品,Letter Slitter,3月
2021-07-26,SO004623,华北,顺丰,454.58,15.31,-118.75,办公用品,Crate-A-Files™,7月
2021-05-02,SO004624,西北,顺丰,44.56,5.68,4.81,办公用品,Grip Seal Envelopes,5月
2021-05-02,SO004625,西北,顺丰,152.14,12.21,-26.87,办公用品,Crate-A-Files™,5月
2021-02-15,SO004626,西北,顺丰,86.1,2.88,32.7,办公用品,Avery 484,2月
2021-02-15,SO004627,西北,顺丰,298.11,12.44,-60.79,办公用品,Crate-A-Files™,2月
2021-01-09,SO004628,华东,顺丰,29884.6,599.99,12748.86,数码电子,Canon PC940 Copier,1月
2021-02-24,SO004629,华东,顺丰,11.15,3.98,-5.54,办公用品,Unpadded Memo Slips,2月
2021-02-24,SO004630,华东,顺丰,2427.25,99.99,227.67,数码电子,TDK 4.7GB DVD-R,2月
2021-01-26,SO004631,华东,顺丰,1035.2,270.97,-668.0643,数码电子,Xerox 193,1月
2021-01-26,SO004632,华东,顺丰,74.17,1.6,-13.4,办公用品,Newell 340,1月
2021-09-16,SO004633,华东,顺丰,226.41,6.48,-164.89,办公用品,Xerox 227,9月
2021-12-17,SO004634,华东,顺丰,262.29,17.78,7.26,家具产品,Document Clip Frames,12月
2021-12-17,SO004635,华东,顺丰,116.314,65.99,-300.85,数码电子,StarTAC Series,12月
2021-09-29,SO004636,华东,顺丰,1663.83,130.98,-484.64,家具产品,Xerox 1907,9月
2021-04-14,SO004637,华东,顺丰,1386.65,100.98,-193.58,家具产品,Xerox 1907,4月
2021-01-24,SO004638,华南,顺丰,318.31,67.84,-19.06,办公用品,Holmes Odor Grabber,1月
2021-05-31,SO004639,华北,顺丰,16028.26,417.4,-1008.7305800000001,家具产品,KI Conference Tables,5月
2021-05-31,SO004640,华东,顺丰,738.2505,115.99,-286.363,数码电子,6160,5月
2021-08-24,SO004641,华南,顺丰,550.68,23.99,-134.63,家具产品,Document Clip Frames,8月
2021-08-24,SO004642,华南,顺丰,120.96,6.48,-53.69,办公用品,Xerox 1966,8月
2021-02-19,SO004643,华南,顺丰,15.88,3.74,-11.04,办公用品,3M Organizer Strips,2月
2021-07-15,SO004644,华南,顺丰,5318.89,111.03,525.15,办公用品,Crate-A-Files™,7月
2021-08-05,SO004645,华南,顺丰,1033.93,37.76,63.41,办公用品,Crate-A-Files™,8月
2021-01-25,SO004646,华南,顺丰,265.35,9.99,-128.69,办公用品,Xerox 217,1月
2021-02-15,SO004647,华南,顺丰,4846.74,159.99,1689.93,数码电子,Gyration RF Keyboard,2月
2021-02-15,SO004648,华南,顺丰,2548.3,78.69,875.57,家具产品,Document Clip Frames,2月
2021-06-19,SO004649,华南,顺丰,8468.63,400.97,2819.96,数码电子,Xerox 193,6月
2021-11-24,SO004650,华南,顺丰,6045.98,150.98,-996.67,家具产品,Xerox 1907,11月
2021-11-12,SO004651,华南,顺丰,5979.84,128.24,1779.01,家具产品,Phone 918,11月
2021-11-12,SO004652,华南,顺丰,175.76,6.3,80.36,办公用品,Avery 51,11月
2021-11-21,SO004653,华南,顺丰,2569.6265,155.99,398.007,数码电子,R280,11月
2021-08-03,SO004654,华南,顺丰,368.0245,65.99,-218.81199999999998,数码电子,5170,8月
2021-04-27,SO004655,华南,顺丰,56.695,20.99,-70.972,数码电子,Accessory21,4月
2021-02-13,SO004656,东北,顺丰,402.49,11.7,41.7945,办公用品,3M Organizer Strips,2月
2021-02-13,SO004657,华南,顺丰,1754.29,1889.99,-961.5035,办公用品,3M Organizer Strips,2月
2021-08-28,SO004658,华北,顺丰,1350.531,65.99,221.184,数码电子,8860,8月
2021-11-20,SO004659,东北,顺丰,87.21,27.48,-96.54,数码电子,TDK 4.7GB DVD-R,11月
2021-11-20,SO004660,华南,顺丰,50.19,10.06,0.14999999999999858,办公用品,Xerox 217,11月
2021-03-12,SO004661,华北,顺丰,1388.91,73.98,-229.87,数码电子,TDK 4.7GB DVD-R,3月
2021-03-12,SO004662,华东,顺丰,1806.65,51.98,599.04,数码电子,Xerox 193,3月
2021-01-06,SO004663,华东,顺丰,113.8,4.57,-84.0765,办公用品,3M Organizer Strips,1月
2021-01-06,SO004664,华南,顺丰,480.13,16.16,53.67,家具产品,Document Clip Frames,1月
2021-12-10,SO004665,东北,顺丰,7341.96,216.6,764.95,家具产品,Phone 918,12月
2021-04-15,SO004666,东北,顺丰,3291.13,70.97,925.95,办公用品,Holmes Odor Grabber,4月
2021-04-15,SO004667,东北,顺丰,736.96,19.98,-34.29,家具产品,Document Clip Frames,4月
2021-06-19,SO004668,东北,顺丰,420.76,22.38,-56.212,办公用品,3M Organizer Strips,6月
2021-06-19,SO004669,西南,顺丰,1676.46,60.98,-626.08,家具产品,Phone 918,6月
2021-06-19,SO004670,华南,顺丰,145.66,2.88,28.89,办公用品,Newell 335,6月
2021-06-25,SO004671,华南,顺丰,7381.19,177.98,2998.88,办公用品,Holmes Odor Grabber,6月
2021-11-30,SO004672,华南,顺丰,24.2,4.13,-5.2,办公用品,Newell 31,11月
2021-11-30,SO004673,华南,顺丰,524.212,35.99,127.854,数码电子,Accessory9,11月
2021-11-03,SO004674,华北,顺丰,466.35,39.98,159.25,家具产品,Document Clip Frames,11月
2021-06-24,SO004675,西北,顺丰,108.21,5.28,-50.02,办公用品,Xerox 217,6月
2021-03-20,SO004676,东北,顺丰,10462.54,218.75,-1402.68,家具产品,KI Conference Tables,3月
2021-03-31,SO004677,西南,顺丰,480.39,22.23,144.66,家具产品,Document Clip Frames,3月
2021-01-19,SO004678,华东,顺丰,66.92,12.28,-23.29,办公用品,Crate-A-Files™,1月
2021-04-22,SO004679,华南,顺丰,11904.55,270.97,3909.33,数码电子,Xerox 193,4月
2021-05-11,SO004680,华南,顺丰,203.35,4.48,-1605.73,办公用品,Holmes Odor Grabber,5月
2021-05-11,SO004681,华南,顺丰,44.52,2.16,-90.5855,办公用品,3M Organizer Strips,5月
2021-05-11,SO004682,东北,顺丰,58.9,9.71,-36.9,办公用品,Crate-A-Files™,5月
2021-05-11,SO004683,东北,顺丰,602.4205,55.99,10.979999999999945,数码电子,Accessory2,5月
2021-03-27,SO004684,西南,顺丰,1736.26,150.89,-505.76,家具产品,Phone 918,3月
2021-07-21,SO004685,华南,顺丰,1786.04,1889.99,-924.991,办公用品,3M Organizer Strips,7月
2021-07-31,SO004686,华南,顺丰,100.4,5.18,11.94,办公用品,Array® Memo Cubes,7月
2021-07-31,SO004687,华北,顺丰,327.15,17.24,47.3,办公用品,Letter Slitter,7月
2021-04-27,SO004688,华北,顺丰,945.36,39.98,219.85,办公用品,Grip Seal Envelopes,4月
2021-02-10,SO004689,华东,顺丰,37.22,4.13,-2.76,办公用品,Newell 31,2月
2021-10-06,SO004690,华北,顺丰,30.51,2.6,-17.68,办公用品,Newell 340,10月
2021-10-06,SO004691,华北,顺丰,127.8,14.97,-30.48,办公用品,Crate-A-Files™,10月
2021-08-02,SO004692,华北,顺丰,1776.96,100.98,-197.06,家具产品,Xerox 1907,8月
2021-08-02,SO004693,华北,顺丰,3642.14,70.98,103.11,家具产品,Xerox 1907,8月
2021-08-02,SO004694,华北,顺丰,2982.5,182.55,-589.58,家具产品,KI Conference Tables,8月
2021-01-04,SO004695,华北,顺丰,600.22,12.98,27.86,办公用品,Letter Slitter,1月
2021-10-19,SO004696,华北,顺丰,269.28,10.35,113.63,办公用品,Avery 503,10月
2021-06-14,SO004697,华北,顺丰,125.9,5.88,5.85,办公用品,Xerox 217,6月
2021-09-18,SO004698,华北,顺丰,762.2,15.01,16.566499999999998,办公用品,3M Organizer Strips,9月
2021-09-18,SO004699,东北,顺丰,235.45,8.56,-8.82,办公用品,Xerox 217,9月
2021-09-18,SO004700,东北,顺丰,161.87,6.48,-31.27,办公用品,Xerox 231,9月
2021-09-25,SO004701,东北,顺丰,117.78,4.0,20.82,办公用品,Xerox 217,9月
2021-09-25,SO004702,东北,顺丰,2463.2405,85.99,310.572,数码电子,3395,9月
2021-12-02,SO004703,东北,顺丰,267.06,6.24,-96.95,家具产品,Document Clip Frames,12月
2021-12-02,SO004704,东北,顺丰,449.79,40.99,13.21,办公用品,Xerox 1893,12月
2021-08-13,SO004705,东北,顺丰,45.38,1.76,-1.97,办公用品,Newell 310,8月
2021-08-13,SO004706,东北,顺丰,163.3105,20.99,-105.09400000000001,数码电子,Accessory39,8月
2021-06-06,SO004707,东北,顺丰,190.99,9.85,-27.15,办公用品,Lumber Crayons,6月
2021-06-19,SO004708,东北,顺丰,512.78,12.2,16.14,家具产品,Document Clip Frames,6月
2021-07-21,SO004709,东北,顺丰,628.73,55.5,-181.87,家具产品,Document Clip Frames,7月
2021-07-21,SO004710,东北,顺丰,385.81,15.51,7.35,办公用品,Crate-A-Files™,7月
2021-08-28,SO004711,东北,顺丰,123.92,14.2,45.83,家具产品,Document Clip Frames,8月
2021-12-16,SO004712,东北,顺丰,265.88,5.74,-90.896,办公用品,Binder Posts,12月
2021-12-16,SO004713,东北,顺丰,1500.82,1500.97,-3381.9858,数码电子,Xerox 193,12月
2021-12-16,SO004714,西南,顺丰,3093.864,205.99,286.398,数码电子,i470,12月
2021-10-11,SO004715,华南,顺丰,7.15,5.08,-2.55,家具产品,Document Clip Frames,10月
2021-10-04,SO004716,华南,顺丰,2272.56,150.98,111.0474,家具产品,KI Conference Tables,10月
2021-10-06,SO004717,华南,顺丰,187.28,4.28,-94.36,办公用品,Xerox 1962,10月
2021-08-18,SO004718,华南,顺丰,59.62,5.4,-56.304,办公用品,3M Organizer Strips,8月
2021-04-03,SO004719,华南,顺丰,153.01,3.52,-218.5345,办公用品,3M Organizer Strips,4月
2021-03-01,SO004720,华南,顺丰,410.03,8.75,-138.39,家具产品,Document Clip Frames,3月
2021-03-13,SO004721,华南,顺丰,763.6484999999999,115.99,-277.783,数码电子,636,3月
2021-08-31,SO004722,华南,顺丰,271.34,6.48,-151.92,办公用品,Xerox 213,8月
2021-07-12,SO004723,华南,顺丰,477.76,90.97,-173.0952,数码电子,Xerox 193,7月
2021-07-12,SO004724,华南,顺丰,112.18,20.34,-96.16,办公用品,Crate-A-Files™,7月
2021-11-24,SO004725,华南,顺丰,192.21,5.47,-61.36,家具产品,Document Clip Frames,11月
2021-05-25,SO004726,华南,顺丰,12457.63,284.98,1063.46,家具产品,Phone 918,5月
2021-07-16,SO004727,华南,顺丰,3801.27,209.37,-861.3033,家具产品,KI Conference Tables,7月
2021-04-27,SO004728,华南,顺丰,207.54,4.13,24.21,办公用品,Newell 325,4月
2021-04-27,SO004729,华南,顺丰,17.33,3.28,-16.58,办公用品,Newell 35,4月
2021-05-07,SO004730,华南,顺丰,57.73,27.48,-101.41,数码电子,TDK 4.7GB DVD-R,5月
2021-07-26,SO004731,华南,顺丰,290.07,16.74,-114.2,办公用品,Crate-A-Files™,7月
2021-07-26,SO004732,华南,顺丰,1619.51,122.99,-722.23,家具产品,Phone 918,7月
2021-07-26,SO004733,华南,顺丰,196.81,6.45,70.39,办公用品,Xerox 217,7月
2021-04-07,SO004734,华东,顺丰,260.13,6.48,-133.98,办公用品,Xerox 217,4月
2021-10-01,SO004735,华东,顺丰,2333.06,67.28,473.3905,办公用品,3M Organizer Strips,10月
2021-09-02,SO004736,华北,顺丰,56.26,2.89,28.11,办公用品,Avery 498,9月
2021-02-06,SO004737,华北,顺丰,242.36,60.98,-131.48,数码电子,TDK 4.7GB DVD-R,2月
2021-02-06,SO004738,华北,顺丰,802.19,29.74,56.26,办公用品,Crate-A-Files™,2月
2021-02-06,SO004739,华北,顺丰,63.52,12.21,-8.47,办公用品,Crate-A-Files™,2月
2021-09-19,SO004740,西北,顺丰,6995.56,279.48,-286.58,办公用品,Crate-A-Files™,9月
2021-10-08,SO004741,西北,顺丰,8213.37,284.98,1148.88,家具产品,Phone 918,10月
2021-10-08,SO004742,西北,顺丰,109.01,3.58,8.45,办公用品,"Super Bands, 12/Pack",10月
2021-10-08,SO004743,西北,顺丰,138.88,11.29,-23.99,办公用品,Crate-A-Files™,10月
2021-08-28,SO004744,西北,顺丰,332.95,9.65,-28.16,家具产品,Document Clip Frames,8月
2021-10-17,SO004745,西北,顺丰,371.94,29.14,106.53,办公用品,Xerox 217,10月
2021-08-04,SO004746,西北,顺丰,463.93,10.48,29.96,办公用品,Newell 340,8月
2021-09-23,SO004747,西北,顺丰,10791.38,499.99,-234.79,数码电子,Canon PC940 Copier,9月
2021-02-10,SO004748,华东,顺丰,226.15,7.08,35.98,办公用品,Newell 340,2月
2021-02-10,SO004749,华东,顺丰,539.82,120.33,-64.78,办公用品,Crate-A-Files™,2月
2021-02-10,SO004750,华东,顺丰,1029.8855,205.99,-620.829,数码电子,TimeportP7382,2月
2021-06-27,SO004751,华东,顺丰,267.58,15.16,-137.747,办公用品,3M Organizer Strips,6月
2021-02-22,SO004752,华东,顺丰,92.77,4.91,-17.91,家具产品,Document Clip Frames,2月
2021-01-11,SO004753,华东,顺丰,4531.34,297.64,653.68,数码电子,Xerox 193,1月
2021-01-11,SO004754,华东,顺丰,574.5,12.99,-449.04,家具产品,Document Clip Frames,1月
2021-01-11,SO004755,华东,顺丰,262.94,14.42,-22.37,办公用品,Holmes Odor Grabber,1月
2021-01-11,SO004756,华东,顺丰,138.17,4.14,-103.78,家具产品,Document Clip Frames,1月
2021-01-11,SO004757,华东,顺丰,216.87,11.34,30.53,办公用品,Xerox 188,1月
2021-03-02,SO004758,华东,顺丰,50.99,2.78,-3.8,办公用品,Newell 340,3月
2021-12-19,SO004759,华东,顺丰,185.83,14.34,58.16,家具产品,Document Clip Frames,12月
2021-04-29,SO004760,华东,顺丰,130.16,7.04,28.87,办公用品,Xerox 217,4月
2021-06-22,SO004761,华南,顺丰,125.57,5.58,-45.16,办公用品,Grip Seal Envelopes,6月
2021-08-20,SO004762,华东,顺丰,349.43,11.5,-44.919000000000004,办公用品,3M Organizer Strips,8月
2021-08-20,SO004763,华南,顺丰,58.33,15.7,-35.08,办公用品,Crate-A-Files™,8月
2021-08-20,SO004764,华南,顺丰,10377.22,225.02,965.48,办公用品,Crate-A-Files™,8月
2021-11-06,SO004765,华南,顺丰,9046.33,180.98,1398.03,办公用品,Holmes Odor Grabber,11月
2021-11-06,SO004766,华南,顺丰,367.96,8.67,-16.11,办公用品,Holmes Odor Grabber,11月
2021-11-06,SO004767,华南,顺丰,159.05,5.98,21.46,办公用品,Grip Seal Envelopes,11月
2021-11-06,SO004768,华南,顺丰,116.14,2.88,50.44,办公用品,Avery 49,11月
2021-09-20,SO004769,华南,顺丰,232.21,35.89,-14.03,办公用品,Grip Seal Envelopes,9月
2021-09-20,SO004770,华南,顺丰,88.3,5.85,-12.14,办公用品,Newell 340,9月
2021-06-14,SO004771,华南,顺丰,140.66,9.27,11.34,办公用品,Xerox 217,6月
2021-06-14,SO004772,华南,顺丰,42.89,6.84,-32.48,办公用品,Letter Slitter,6月
2021-06-14,SO004773,华南,顺丰,226.5,4.98,-173.15,数码电子,TDK 4.7GB DVD-R,6月
2021-06-14,SO004774,华南,顺丰,438.93,32.98,-119.02,数码电子,TDK 4.7GB DVD-R,6月
2021-03-30,SO004775,华南,顺丰,1794.03,50.98,196.21,家具产品,Phone 918,3月
2021-02-27,SO004776,华南,顺丰,15251.5,500.97,5353.19,数码电子,Xerox 193,2月
2021-01-07,SO004777,华南,顺丰,1961.7914999999998,65.99,425.754,数码电子,i1000,1月
2021-10-18,SO004778,华南,顺丰,6168.07,500.98,1542.0,数码电子,Xerox 193,10月
2021-05-03,SO004779,华南,顺丰,1488.86,30.98,-95.05,办公用品,Xerox 1988,5月
2021-01-19,SO004780,华南,顺丰,109.58,7.59,31.32,家具产品,Document Clip Frames,1月
2021-02-02,SO004781,华南,顺丰,462.36600000000004,20.99,-120.054,数码电子,Accessory39,2月
2021-02-02,SO004782,华南,顺丰,336.48,25.99,5.56,办公用品,Newell 340,2月
2021-07-31,SO004783,东北,顺丰,367.53,15.23,11.650950000000002,家具产品,KI Conference Tables,7月
2021-10-25,SO004784,华南,顺丰,1616.87,90.98,-189.55,家具产品,Phone 918,10月
2021-10-25,SO004785,华北,顺丰,1521.1345,65.99,270.603,数码电子,StarTAC 7760,10月
2021-01-10,SO004786,华南,顺丰,164.78,5.02,-128.47,数码电子,TDK 4.7GB DVD-R,1月
2021-03-23,SO004787,华南,顺丰,103.39,4.84,29.17,办公用品,Newell 340,3月
2021-03-23,SO004788,东北,顺丰,435.39,14.98,-48.97,办公用品,Crate-A-Files™,3月
2021-11-03,SO004789,东北,顺丰,43.9,6.64,12.74,家具产品,Document Clip Frames,11月
2021-11-03,SO004790,华南,顺丰,236.28,4.91,-34.06,家具产品,Document Clip Frames,11月
2021-03-28,SO004791,华南,顺丰,26.68,22.23,-10.74,家具产品,Document Clip Frames,3月
2021-10-28,SO004792,华北,顺丰,2536.18,142.86,350.62,办公用品,Letter Size Cart,10月
2021-10-28,SO004793,西北,顺丰,38.56,1.88,-10.246500000000001,办公用品,3M Organizer Strips,10月
2021-10-28,SO004794,华东,顺丰,764.32,21.38,-34.59,办公用品,Newell 340,10月
2021-02-05,SO004795,华东,顺丰,1415.1480000000001,55.99,-64.944,数码电子,Accessory6,2月
2021-04-29,SO004796,华南,顺丰,2251.9135,65.99,655.911,数码电子,6190,4月
2021-07-24,SO004797,华北,顺丰,3077.731,115.99,745.4789999999999,数码电子,636,7月
2021-09-01,SO004798,华北,顺丰,315.792,28.99,-105.765,数码电子,CF 688,9月
2021-02-07,SO004799,华北,顺丰,299.94,6.75,38.742999999999995,办公用品,3M Organizer Strips,2月
2021-08-21,SO004800,华南,顺丰,136.79,4.13,42.71,办公用品,Avery 491,8月
2021-09-09,SO004801,华南,顺丰,4097.1445,205.99,501.543,数码电子,TimeportP7382,9月
2021-08-15,SO004802,华南,顺丰,34.42,2.61,9.47,办公用品,Avery 494,8月
2021-08-15,SO004803,西北,顺丰,172.76,7.31,73.18,办公用品,Avery 498,8月
2021-08-15,SO004804,华南,顺丰,853.162,20.99,-83.952,数码电子,Accessory37,8月
2021-11-02,SO004805,华南,顺丰,293.27,14.48,44.56,数码电子,TDK 4.7GB DVD+RW,11月
2021-09-03,SO004806,华南,顺丰,27.0,5.78,-4.9,办公用品,Xerox 1924,9月
2021-10-17,SO004807,华北,顺丰,336.34,10.52,-89.9,家具产品,Document Clip Frames,10月
2021-08-24,SO004808,西北,顺丰,705.44,14.2,165.9,家具产品,Document Clip Frames,8月
2021-08-24,SO004809,华北,顺丰,1041.72,35.44,437.61,办公用品,Xerox 217,8月
2021-02-13,SO004810,华北,顺丰,136.49,9.93,36.23,办公用品,Newell 340,2月
2021-05-14,SO004811,华北,顺丰,35.65,5.34,-5.9225,办公用品,3M Organizer Strips,5月
2021-10-08,SO004812,东北,顺丰,207.55,52.71,16.23,办公用品,Grip Seal Envelopes,10月
2021-02-11,SO004813,西南,顺丰,89.04,8.75,-16.49,家具产品,Document Clip Frames,2月
2021-02-11,SO004814,华南,顺丰,297.34,7.28,-270.96,办公用品,Xerox 217,2月
2021-02-11,SO004815,华南,顺丰,1264.13,35.48,-1087.36,办公用品,Crate-A-Files™,2月
2021-09-29,SO004816,华南,顺丰,205.3,7.37,-89.56,数码电子,TDK 4.7GB DVD-R,9月
2021-09-29,SO004817,华南,顺丰,125.7,31.78,-62.77,数码电子,TDK 4.7GB DVD-R,9月
2021-02-07,SO004818,华北,顺丰,189.22,4.28,-92.42,办公用品,Xerox 1962,2月
2021-10-07,SO004819,华北,顺丰,199.86,4.06,-257.11,办公用品,Holmes Odor Grabber,10月
2021-10-07,SO004820,华东,顺丰,1888.02,99.99,192.33,数码电子,Xerox 193,10月
2021-10-07,SO004821,华东,顺丰,322.69,11.58,1.91,办公用品,Grip Seal Envelopes,10月
2021-07-01,SO004822,华东,顺丰,123.46,4.84,26.66,办公用品,Newell 340,7月
2021-07-01,SO004823,华东,顺丰,6041.01,2036.48,-4793.004,数码电子,Xerox 193,7月
2021-03-28,SO004824,华北,顺丰,840.5520000000001,349.45,7.550000000000011,家具产品,KI Conference Tables,3月
2021-09-06,SO004825,华南,顺丰,75.77,4.37,-56.62,办公用品,Holmes Odor Grabber,9月
2021-09-05,SO004826,华南,顺丰,132.79,3.28,-100.24,办公用品,Newell 342,9月
2021-09-05,SO004827,华南,顺丰,232.85,6.98,-262.62,办公用品,Crate-A-Files™,9月
2021-05-14,SO004828,华南,顺丰,3610.85,99.23,2235.37,家具产品,Document Clip Frames,5月
2021-06-30,SO004829,华北,顺丰,1050.16,38.76,265.09,办公用品,Xerox 1892,6月
2021-04-01,SO004830,华北,顺丰,8334.03,510.14,1886.66,数码电子,Xerox 193,4月
2021-06-30,SO004831,华北,顺丰,344.57,8.33,37.41,数码电子,TDK 4.7GB DVD-R,6月
2021-12-24,SO004832,华北,顺丰,92.53,3.57,-71.52,办公用品,Barrel Sharpener,12月
2021-12-24,SO004833,华北,顺丰,988.6434999999999,65.99,89.892,数码电子,5170,12月
2021-05-02,SO004834,华北,顺丰,3016.85,80.98,-967.67,办公用品,Crate-A-Files™,5月
2021-05-02,SO004835,华北,顺丰,48.5,3.15,23.88,办公用品,Avery 520,5月
2021-09-28,SO004836,华北,顺丰,142.59,4.71,-3.23,办公用品,"Super Bands, 12/Pack",9月
2021-07-31,SO004837,华北,顺丰,1484.89,35.89,220.99,办公用品,Grip Seal Envelopes,7月
2021-04-07,SO004838,华北,顺丰,244.39,12.53,114.1,办公用品,Avery 485,4月
2021-04-07,SO004839,华北,顺丰,581.42,178.47,-129.97,办公用品,Crate-A-Files™,4月
2021-05-09,SO004840,华北,顺丰,32.35,1.8,-63.1925,办公用品,3M Organizer Strips,5月
2021-05-09,SO004841,华北,顺丰,116.56,4.98,50.66,办公用品,Avery 498,5月
2021-08-05,SO004842,东北,顺丰,447.36,10.48,40.92,办公用品,Newell 340,8月
2021-12-11,SO004843,东北,顺丰,588.54,20.15,-30.72,办公用品,Newell 340,12月
2021-02-01,SO004844,东北,顺丰,2966.13,100.98,-1456.31,家具产品,Xerox 1907,2月
2021-03-10,SO004845,东北,顺丰,175.35,4.98,-174.18,办公用品,Xerox 1961,3月
2021-03-10,SO004846,东北,顺丰,590.6,22.84,117.73,办公用品,Xerox 1991,3月
2021-02-15,SO004847,东北,顺丰,47.12,8.74,10.8,办公用品,Grip Seal Envelopes,2月
2021-02-15,SO004848,东北,顺丰,62.89,18.97,-23.2,办公用品,Xerox 217,2月
2021-07-18,SO004849,东北,顺丰,555.68,243.98,-336.3,家具产品,Phone 918,7月
2021-08-30,SO004850,东北,顺丰,1516.13,67.84,493.03,办公用品,Holmes Odor Grabber,8月
2021-08-30,SO004851,东北,顺丰,612.49,17.48,168.04,数码电子,TDK 4.7GB DVD-R,8月
2021-08-30,SO004852,东北,顺丰,1092.42,150.98,-364.8733660000001,家具产品,KI Conference Tables,8月
2021-12-11,SO004853,东北,顺丰,1234.36,30.98,-84.77,办公用品,Grip Seal Envelopes,12月
2021-08-24,SO004854,东北,顺丰,561.92,28.38,57.82,数码电子,Maxell 4.7GB DVD-R,8月
2021-08-24,SO004855,东北,顺丰,365.64,18.97,22.77,办公用品,Xerox 217,8月
2021-07-13,SO004856,东北,顺丰,4815.862,125.99,1316.79,数码电子,i1000plus,7月
2021-04-26,SO004857,东北,顺丰,3344.11,180.98,588.54,家具产品,Phone 918,4月
2021-07-19,SO004858,东北,顺丰,488.65,40.99,19.83,办公用品,Xerox 1893,7月
2021-08-31,SO004859,东北,顺丰,302.09,7.68,-67.09100000000001,办公用品,3M Organizer Strips,8月
2021-12-16,SO004860,东北,顺丰,849.337,125.99,-258.852,数码电子,V2397,12月
2021-03-03,SO004861,西南,顺丰,191.55,7.7,7.17,家具产品,Document Clip Frames,3月
2021-03-03,SO004862,西南,顺丰,938.86,30.98,22.21,办公用品,Xerox 197,3月
2021-10-23,SO004863,西南,顺丰,22.06,3.36,-22.2755,办公用品,3M Organizer Strips,10月
2021-10-23,SO004864,西南,顺丰,12616.2,699.99,2808.219,数码电子,Canon PC940 Copier,10月
2021-05-05,SO004865,华南,顺丰,1396.75,30.98,-75.7,办公用品,Grip Seal Envelopes,5月
2021-11-18,SO004866,华南,顺丰,2701.69,81.94,-926.33,家具产品,Xerox 1907,11月
2021-11-19,SO004867,华南,顺丰,259.43,5.77,-52.5205,办公用品,3M Organizer Strips,11月
2021-09-03,SO004868,华南,顺丰,24.77,4.91,-17.066,办公用品,3M Organizer Strips,9月
2021-09-03,SO004869,华南,顺丰,3832.37,107.53,1322.07,家具产品,Document Clip Frames,9月
2021-01-20,SO004870,华南,顺丰,864.16,33.98,-175.47,家具产品,Document Clip Frames,1月
2021-01-10,SO004871,华南,顺丰,12741.81,370.98,95.05999999999995,办公用品,Crate-A-Files™,1月
2021-07-06,SO004872,华南,顺丰,29186.49,808.49,11562.08,数码电子,Xerox 193,7月
2021-11-23,SO004873,华南,顺丰,572.4,16.91,-39.5,办公用品,Crate-A-Files™,11月
2021-01-14,SO004874,华南,顺丰,217.68,7.77,-168.75,办公用品,Holmes Odor Grabber,1月
2021-01-14,SO004875,华南,顺丰,7202.94,306.14,1425.11,数码电子,Xerox 193,1月
2021-01-14,SO004876,华南,顺丰,245.82,18.97,-7.39,办公用品,Xerox 1939,1月
2021-04-28,SO004877,华南,顺丰,55.49,4.48,-37.32,家具产品,Document Clip Frames,4月
2021-11-01,SO004878,华南,顺丰,503.17,10.23,-10.21,办公用品,Letter Slitter,11月
2021-12-09,SO004879,华南,顺丰,6095.14,1500.97,-3001.2825,数码电子,Xerox 193,12月
2021-12-09,SO004880,华南,顺丰,3776.28,80.97,579.79,数码电子,Xerox 193,12月
2021-12-09,SO004881,华南,顺丰,1487.8995,65.99,79.317,数码电子,5180,12月
2021-07-27,SO004882,华南,顺丰,1885.41,138.14,-524.74,办公用品,Crate-A-Files™,7月
2021-03-13,SO004883,华南,顺丰,159.71,8.04,-114.4135,办公用品,3M Organizer Strips,3月
2021-01-18,SO004884,华南,顺丰,117.062,20.99,-63.70099999999999,数码电子,Accessory25,1月
2021-06-04,SO004885,华南,顺丰,623.35,37.94,235.51,办公用品,Xerox 217,6月
2021-05-28,SO004886,华南,顺丰,250.6,6.48,-107.06,办公用品,Xerox 1894,5月
2021-01-25,SO004887,华南,顺丰,15468.216,400.98,-969.0483660000001,家具产品,KI Conference Tables,1月
2021-02-28,SO004888,华南,顺丰,453.99,30.98,14.61,办公用品,Newell 340,2月
2021-11-09,SO004889,华南,顺丰,30.47,5.98,-10.7,办公用品,Xerox 193,11月
2021-05-07,SO004890,华南,顺丰,284.58,7.59,33.81,家具产品,Document Clip Frames,5月
2021-05-07,SO004891,华东,顺丰,1010.26,104.85,271.5,办公用品,Xerox 217,5月
2021-11-05,SO004892,华东,顺丰,1158.45,41.71,267.16,办公用品,Holmes Odor Grabber,11月
2021-11-05,SO004893,华北,顺丰,2568.71,60.98,590.77,办公用品,Grip Seal Envelopes,11月
2021-07-10,SO004894,华北,顺丰,990.5,43.98,323.73,数码电子,TDK 4.7GB DVD-R,7月
2021-10-12,SO004895,华北,顺丰,11.76,4.13,-2.83,办公用品,Avery 506,10月
2021-10-12,SO004896,西北,顺丰,100.13,4.73,19.77,办公用品,Xerox 217,10月
2021-10-12,SO004897,西北,顺丰,1192.93,419.19,-434.81,办公用品,Crate-A-Files™,10月
2021-09-05,SO004898,西北,顺丰,53.93,2.08,-10.948,办公用品,Round Ring Binders,9月
2021-09-29,SO004899,西北,顺丰,651.9,13.73,-74.51,家具产品,Document Clip Frames,9月
2021-09-16,SO004900,西北,顺丰,284.38,6.48,-62.43,办公用品,Xerox 1995,9月
2021-02-07,SO004901,西北,顺丰,187.37,4.98,-85.008,办公用品,3M Organizer Strips,2月
2021-07-24,SO004902,华东,顺丰,84.61,1.88,-15.0995,办公用品,3M Organizer Strips,7月
2021-11-04,SO004903,华东,顺丰,906.015,35.99,248.67,数码电子,Accessory41,11月
2021-11-22,SO004904,华东,顺丰,107.63,6.81,-29.888499999999997,办公用品,3M Organizer Strips,11月
2021-08-09,SO004905,华东,顺丰,24.36,4.82,10.04,家具产品,Document Clip Frames,8月
2021-10-23,SO004906,华东,顺丰,2230.97,180.98,273.27,家具产品,Phone 918,10月
2021-10-23,SO004907,华东,顺丰,200.77,7.28,-60.61,家具产品,Document Clip Frames,10月
2021-01-12,SO004908,华东,顺丰,1057.06,68.81,-403.74,办公用品,Holmes Odor Grabber,1月
2021-11-24,SO004909,华东,顺丰,4475.0,95.95,-1523.77,家具产品,Phone 918,11月
2021-11-24,SO004910,华东,顺丰,168.2,5.98,-64.53,办公用品,Xerox 1983,11月
2021-02-04,SO004911,华东,顺丰,165.51,3.52,-269.905,办公用品,3M Organizer Strips,2月
2021-09-28,SO004912,华东,顺丰,609.97,39.48,62.93,数码电子,TDK 4.7GB DVD-R,9月
2021-08-02,SO004913,华东,顺丰,140.77,18.65,100.77,家具产品,Document Clip Frames,8月
2021-08-02,SO004914,华南,顺丰,848.19,34.76,120.02,办公用品,Crate-A-Files™,8月
2021-08-02,SO004915,华南,顺丰,562.15,46.89,148.34,办公用品,Holmes Odor Grabber,8月
2021-12-10,SO004916,华东,顺丰,154.45,10.98,-2.31,办公用品,Letter Slitter,12月
2021-06-08,SO004917,华东,顺丰,126.79,11.97,-16.38,办公用品,Holmes Odor Grabber,6月
2021-06-08,SO004918,华南,顺丰,1770.2015000000001,195.99,-165.94600000000003,数码电子,T65,6月
2021-04-18,SO004919,华南,顺丰,486.63,10.9,-146.37,办公用品,Crate-A-Files™,4月
2021-04-15,SO004920,华南,顺丰,443.73,15.16,-200.85899999999998,办公用品,3M Organizer Strips,4月
2021-12-02,SO004921,华南,顺丰,1196.86,50.98,-12.51,数码电子,TDK 4.7GB DVD-R,12月
2021-07-19,SO004922,华南,顺丰,125.21,2.62,37.99,办公用品,"Super Bands, 12/Pack",7月
2021-07-19,SO004923,华南,顺丰,924.1115,125.99,-287.991,数码电子,M3682,7月
2021-04-02,SO004924,华南,顺丰,565.01,13.48,-10.33,办公用品,Crate-A-Files™,4月
2021-07-24,SO004925,华南,顺丰,151.86,7.1,-54.671,办公用品,3M Organizer Strips,7月
2021-07-24,SO004926,华南,顺丰,3583.87,284.98,-113.08,家具产品,Phone 918,7月
2021-07-24,SO004927,华南,顺丰,4951.36,107.53,1759.72,家具产品,Document Clip Frames,7月
2021-06-09,SO004928,华南,顺丰,148.17,4.71,-7.06,办公用品,"Super Bands, 12/Pack",6月
2021-10-07,SO004929,华南,顺丰,81.1,2.94,-2.07,办公用品,Newell 343,10月
2021-08-14,SO004930,华南,顺丰,71.57,4.98,-30.6935,家具产品,Xerox 1907,8月
2021-08-14,SO004931,华南,顺丰,2062.75,60.98,559.59,家具产品,KI Conference Tables,8月
2021-04-22,SO004932,华南,顺丰,36.31,29.99,-74.45,数码电子,TDK 4.7GB DVD-R,4月
2021-04-22,SO004933,华南,顺丰,388.15,19.94,-44.21,家具产品,Document Clip Frames,4月
2021-10-18,SO004934,华南,顺丰,12805.25,896.99,5065.507,办公用品,3M Organizer Strips,10月
2021-10-18,SO004935,华南,顺丰,1435.32,29.89,485.95,数码电子,TDK 4.7GB DVD-R,10月
2021-06-05,SO004936,华南,顺丰,893.29,23.99,256.16,办公用品,Grip Seal Envelopes,6月
2021-10-08,SO004937,华南,顺丰,68.73,2.94,17.17,办公用品,Newell 340,10月
2021-07-17,SO004938,华南,顺丰,225.06,5.34,7.3015,办公用品,3M Organizer Strips,7月
2021-07-17,SO004939,华南,顺丰,1041.78,23.99,283.79,办公用品,Grip Seal Envelopes,7月
2021-01-18,SO004940,华南,顺丰,264.78,8.69,53.0485,办公用品,3M Organizer Strips,1月
2021-01-18,SO004941,华南,顺丰,10380.34,3502.14,-8389.4709,数码电子,Xerox 193,1月
2021-01-18,SO004942,华南,顺丰,854.9,34.58,76.87,办公用品,Newell 340,1月
2021-01-18,SO004943,华南,顺丰,389.98,12.21,-14.98,办公用品,Crate-A-Files™,1月
2021-09-11,SO004944,华南,顺丰,2046.81,67.28,469.27650000000006,办公用品,3M Organizer Strips,9月
2021-04-22,SO004945,华南,顺丰,231.27,20.24,89.29,家具产品,Document Clip Frames,4月
2021-03-13,SO004946,华南,顺丰,6483.26,240.98,341.98,家具产品,Xerox 1907,3月
2021-03-13,SO004947,华南,顺丰,1446.207,125.99,29.556000000000004,数码电子,StarTAC ST7762,3月
2021-02-05,SO004948,华南,顺丰,150.24,9.98,-102.93,家具产品,Document Clip Frames,2月
2021-06-04,SO004949,华北,顺丰,211.44,10.97,-75.81,数码电子,TDK 4.7GB DVD-R,6月
2021-04-28,SO004950,华北,顺丰,1403.0269999999998,65.99,153.801,数码电子,2190,4月
2021-11-12,SO004951,华北,顺丰,109.29,5.28,-77.08,办公用品,Xerox 1928,11月
2021-11-12,SO004952,东北,顺丰,2257.88,59.76,474.98,办公用品,Crate-A-Files™,11月
2021-11-29,SO004953,华北,顺丰,125.78,30.56,8.432000000000004,办公用品,3M Organizer Strips,11月
2021-11-29,SO004954,华北,顺丰,577.0,33.94,-112.88,家具产品,Phone 918,11月
2021-11-29,SO004955,华东,顺丰,24.53,9.49,-28.1445,数码电子,Xerox 193,11月
2021-01-10,SO004956,华北,顺丰,217.25,5.84,33.5,办公用品,Newell 312,1月
2021-01-10,SO004957,东北,顺丰,5993.74,218.75,-998.9370000000001,家具产品,KI Conference Tables,1月
2021-07-26,SO004958,东北,顺丰,1083.4015,65.99,64.53,数码电子,5180,7月
2021-03-21,SO004959,东北,顺丰,407.8725,65.99,-165.62699999999998,数码电子,StarTAC 7760,3月
2021-08-10,SO004960,东北,顺丰,4359.0,99.99,907.67,数码电子,TDK 4.7GB DVD-R,8月
2021-03-02,SO004961,东北,顺丰,28.81,2.89,7.15,办公用品,Avery 498,3月
2021-03-02,SO004962,华南,顺丰,1445.6,41.32,126.03,家具产品,Document Clip Frames,3月
2021-03-02,SO004963,华南,顺丰,119.03,8.95,29.62,办公用品,Xerox 217,3月
2021-06-07,SO004964,华南,顺丰,188.44,30.98,17.57,办公用品,Xerox 217,6月
2021-06-07,SO004965,华南,顺丰,1265.4969999999998,125.99,-228.184,数码电子,StarTAC 3000,6月
2021-04-18,SO004966,华北,顺丰,41.06,8.88,-16.3875,办公用品,3M Organizer Strips,4月
2021-04-06,SO004967,西北,顺丰,746.93,18.97,67.03,办公用品,Xerox 217,4月
2021-04-06,SO004968,西北,顺丰,313.4,8.34,-5.05,办公用品,Xerox 217,4月
2021-12-12,SO004969,华东,顺丰,72.08,4.28,-54.75,办公用品,Xerox 199,12月
2021-12-12,SO004970,华东,顺丰,10338.93,376.13,-871.515,家具产品,KI Conference Tables,12月
2021-12-12,SO004971,华东,顺丰,15897.01,424.21,455.02,家具产品,KI Conference Tables,12月
2021-12-12,SO004972,华南,顺丰,1265.293,195.99,-554.4440000000001,数码电子,T28 WORLD,12月
2021-07-12,SO004973,华南,顺丰,149.31,6.48,-98.42,办公用品,Xerox 209,7月
2021-02-23,SO004974,华南,顺丰,70.88,6.48,-50.2,办公用品,Xerox 1993,2月
2021-01-21,SO004975,华南,顺丰,188.38,4.91,-120.1175,办公用品,3M Organizer Strips,1月
2021-03-28,SO004976,西南,顺丰,100.34,3.58,-88.1935,办公用品,3M Organizer Strips,3月
2021-03-28,SO004977,华南,顺丰,75.68,1.81,-4.04,办公用品,"Super Bands, 12/Pack",3月
2021-10-03,SO004978,华南,顺丰,53.01,10.31,3.85,办公用品,Xerox 217,10月
2021-03-25,SO004979,华北,顺丰,1835.84,110.98,608.74,家具产品,Document Clip Frames,3月
2021-03-25,SO004980,华北,顺丰,133.43,2.84,9.5,办公用品,Newell 340,3月
2021-03-25,SO004981,华北,顺丰,1655.3664999999999,65.99,173.934,数码电子,5180,3月
2021-11-01,SO004982,华北,顺丰,46.37,1.26,-19.81,办公用品,Bagged Rubber Bands,11月
2021-12-07,SO004983,华北,顺丰,3286.27,70.97,1102.58,办公用品,Holmes Odor Grabber,12月
2021-06-01,SO004984,华北,顺丰,48.75,4.49,3.5020000000000002,办公用品,3M Organizer Strips,6月
2021-06-01,SO004985,华北,顺丰,112.6,3.68,-25.99,办公用品,Letter Slitter,6月
2021-12-07,SO004986,华北,顺丰,44.64,5.84,2.08,办公用品,Newell 312,12月
2021-12-07,SO004987,华北,顺丰,1289.62,35.99,432.522,数码电子,Accessory35,12月
2021-02-10,SO004988,华北,顺丰,455.93,12.64,83.51,家具产品,Document Clip Frames,2月
2021-02-14,SO004989,华北,顺丰,1731.1040000000003,111.96,-270.573732,家具产品,KI Conference Tables,2月
2021-10-25,SO004990,华北,顺丰,2575.01,99.99,231.46,数码电子,TDK 4.7GB DVD-R,10月
2021-09-24,SO004991,华北,顺丰,4581.54,130.98,-614.37,家具产品,Xerox 1907,9月
2021-03-04,SO004992,华北,顺丰,11266.4,243.98,1902.99,家具产品,Phone 918,3月
2021-03-04,SO004993,华北,顺丰,71.61,4.89,-70.31,数码电子,TDK 4.7GB DVD-R,3月
2021-03-04,SO004994,东北,顺丰,10.43,4.98,-4.72,办公用品,Xerox 217,3月
2021-09-15,SO004995,东北,顺丰,34.88,13.79,-22.12,家具产品,Document Clip Frames,9月
2021-05-03,SO004996,东北,顺丰,150.33,9.71,-98.23,办公用品,Crate-A-Files™,5月
2021-11-10,SO004997,东北,顺丰,208.77,4.82,-144.24,家具产品,Document Clip Frames,11月
2021-06-13,SO004998,东北,顺丰,1727.79,58.14,-694.9,家具产品,Xerox 1907,6月
2021-12-02,SO004999,东北,顺丰,423.95,99.99,-263.95,数码电子,TDK 4.7GB DVD-R,12月
2021-10-09,SO005000,东北,顺丰,43.26,4.82,3.9015,办公用品,3M Organizer Strips,10月
2021-10-09,SO005001,东北,顺丰,174.03,6.48,-42.37,办公用品,Xerox 1994,10月
2021-09-21,SO005002,东北,顺丰,2251.56,100.98,226.63,家具产品,Xerox 1907,9月
2021-08-03,SO005003,东北,顺丰,910.98,96.45,18.77,数码电子,Xerox 193,8月
2021-10-02,SO005004,东北,顺丰,313.52,6.48,-254.68,办公用品,Xerox 1996,10月
2021-11-18,SO005005,东北,顺丰,620.23,12.64,115.24,家具产品,Document Clip Frames,11月
2021-10-23,SO005006,东北,顺丰,3931.17,100.97,1174.02,数码电子,TDK 4.7GB DVD-R,10月
2021-10-23,SO005007,东北,顺丰,134.88,5.28,-122.21,办公用品,Xerox 1963,10月
2021-10-17,SO005008,东北,顺丰,1355.47,28.53,590.0445,办公用品,3M Organizer Strips,10月
2021-03-21,SO005009,西南,顺丰,2587.53,55.94,401.85,数码电子,TDK 4.7GB DVD-R,3月
2021-02-04,SO005010,西南,顺丰,118.66,12.97,32.6825,办公用品,3M Organizer Strips,2月
2021-02-04,SO005011,西南,顺丰,213.74,5.81,-32.15,办公用品,"Super Bands, 12/Pack",2月
2021-09-08,SO005012,西南,顺丰,136.72,4.13,5.91,办公用品,Newell 325,9月
2021-01-17,SO005013,华南,顺丰,28.55,4.28,-4.5,办公用品,Newell 320,1月
2021-08-05,SO005014,华南,顺丰,6427.18,165.98,2097.103,办公用品,3M Organizer Strips,8月
2021-08-05,SO005015,华南,顺丰,1330.73,105.49,-450.1,家具产品,KI Conference Tables,8月
2021-01-03,SO005016,华南,顺丰,741.57,15.57,352.41,办公用品,Grip Seal Envelopes,1月
2021-01-03,SO005017,华南,顺丰,10.39,1.76,-3.24,办公用品,Newell 310,1月
2021-01-22,SO005018,华南,顺丰,2722.85,113.98,-112.62,家具产品,Phone 918,1月
2021-01-22,SO005019,华南,顺丰,59.93,30.73,-147.81,数码电子,TDK 4.7GB DVD-R,1月
2021-01-22,SO005020,华南,顺丰,851.52,47.9,307.64,办公用品,Xerox 1938,1月
2021-04-21,SO005021,华南,顺丰,7841.57,363.25,2347.18,办公用品,Holmes Odor Grabber,4月
2021-04-21,SO005022,华南,顺丰,156.31,7.59,-9.81,家具产品,Document Clip Frames,4月
2021-03-27,SO005023,华南,顺丰,324.52,29.18,154.02,家具产品,Document Clip Frames,3月
2021-05-29,SO005024,华南,顺丰,173.08,4.91,81.63,办公用品,Avery 508,5月
2021-05-29,SO005025,华南,顺丰,3492.6585,85.99,1181.808,数码电子,Accessory34,5月
2021-05-08,SO005026,华南,顺丰,230.41,9.9,94.39,办公用品,Grip Seal Envelopes,5月
2021-05-08,SO005027,华东,顺丰,5163.0105,125.99,1448.325,数码电子,M3682,5月
2021-05-24,SO005028,华东,顺丰,53.79,2.88,11.55,办公用品,Avery 474,5月
2021-01-06,SO005029,华北,顺丰,5713.48,376.13,-712.5261,家具产品,KI Conference Tables,1月
2021-01-30,SO005030,华北,顺丰,361.65,15.98,-144.27,数码电子,TDK 4.7GB DVD-R,1月
2021-06-14,SO005031,华北,顺丰,348.92,10.98,28.47,办公用品,Letter Slitter,6月
2021-05-25,SO005032,华北,顺丰,129.71,4.28,-100.61,办公用品,Xerox 199,5月
2021-08-13,SO005033,华北,顺丰,485.46,40.99,48.88,办公用品,Xerox 1893,8月
2021-08-13,SO005034,华北,顺丰,161.67,3.6,-7.71,办公用品,Xerox 217,8月
2021-02-19,SO005035,华北,顺丰,37.4,1.68,-17.18,办公用品,Newell 323,2月
2021-12-12,SO005036,华北,顺丰,240.18,5.78,-160.21,办公用品,Xerox 217,12月
2021-12-12,SO005037,西北,顺丰,529.28,12.21,-30.27,办公用品,Crate-A-Files™,12月
2021-11-24,SO005038,西北,顺丰,881.501,35.99,334.53,数码电子,Accessory9,11月
2021-11-24,SO005039,西北,顺丰,161.72,6.48,-121.18,办公用品,Xerox 212,11月
2021-11-24,SO005040,西北,顺丰,660.059,20.99,-0.649,数码电子,Accessory29,11月
2021-01-21,SO005041,西北,顺丰,312.26,7.84,-10.3845,办公用品,3M Organizer Strips,1月
2021-01-21,SO005042,西北,顺丰,4152.55,105.34,813.33,家具产品,Document Clip Frames,1月
2021-11-17,SO005043,西北,顺丰,1770.7,280.98,-448.25,家具产品,Phone 918,11月
2021-11-17,SO005044,西北,顺丰,628.33,14.03,-226.62,办公用品,Crate-A-Files™,11月
2021-05-27,SO005045,华东,顺丰,136.63,2.88,-162.61,办公用品,Avery 498,5月
2021-03-03,SO005046,华东,顺丰,141.2,6.23,-74.43950000000001,办公用品,3M Organizer Strips,3月
2021-03-28,SO005047,华东,顺丰,1038.82,22.38,-78.361,办公用品,3M Organizer Strips,3月
2021-03-28,SO005048,华东,顺丰,564.39,12.95,51.8245,办公用品,GBC Binding covers,3月
2021-10-31,SO005049,华东,顺丰,207.42,4.91,-115.345,办公用品,3M Organizer Strips,10月
2021-10-31,SO005050,华东,顺丰,1031.18,19.98,349.82,办公用品,Xerox 217,10月
2021-09-17,SO005051,华东,顺丰,29.65,14.98,-16.54,办公用品,Crate-A-Files™,9月
2021-12-19,SO005052,华东,顺丰,83.02,4.98,-54.01,数码电子,TDK 4.7GB DVD-R,12月
2021-10-16,SO005053,华东,顺丰,19.36,1.76,-1.02,办公用品,Newell 326,10月
2021-08-16,SO005054,华东,顺丰,95.26,3.28,-89.06,办公用品,Newell 35,8月
2021-02-17,SO005055,华东,顺丰,538.3,16.98,-63.98,办公用品,Grip Seal Envelopes,2月
2021-07-04,SO005056,华东,顺丰,6176.29,165.2,1499.94,办公用品,Crate-A-Files™,7月
2021-02-05,SO005057,华东,顺丰,6133.18,279.81,1243.17,办公用品,Holmes Odor Grabber,2月
2021-12-05,SO005058,华东,顺丰,453.09,35.94,107.74,办公用品,Grip Seal Envelopes,12月
2021-12-05,SO005059,华东,顺丰,2758.22,170.98,966.81,家具产品,Document Clip Frames,12月
2021-12-05,SO005060,华东,顺丰,102.61,4.98,-92.01,办公用品,Xerox 1922,12月
2021-09-17,SO005061,华东,顺丰,85.49,2.88,5.72,办公用品,Newell 340,9月
2021-09-17,SO005062,华东,顺丰,926.3,64.65,-503.8,办公用品,Crate-A-Files™,9月
2021-08-20,SO005063,华东,顺丰,446.05,140.98,-271.26,家具产品,Xerox 1907,8月
2021-05-20,SO005064,华东,顺丰,461.4,12.07,36.39,家具产品,Document Clip Frames,5月
2021-04-29,SO005065,华南,顺丰,55.82,4.82,-28.85,家具产品,Document Clip Frames,4月
2021-04-29,SO005066,华东,顺丰,1335.316,35.99,701.658,数码电子,Accessory31,4月
2021-09-13,SO005067,华东,顺丰,394.8,17.98,-113.8,数码电子,TDK 4.7GB DVD-R,9月
2021-05-17,SO005068,华南,顺丰,354.96,8.34,151.27,办公用品,Xerox 217,5月
2021-05-17,SO005069,华南,顺丰,130.97,4.98,-83.42,办公用品,Xerox 1897,5月
2021-05-17,SO005070,华南,顺丰,493.43,19.84,120.18,办公用品,Newell 340,5月
2021-04-09,SO005071,华南,顺丰,604.576,236.97,-572.6853990000002,家具产品,KI Conference Tables,4月
2021-08-20,SO005072,华南,顺丰,128.56,19.98,-7.84,办公用品,Xerox 217,8月
2021-11-22,SO005073,华南,顺丰,826.9735,155.99,-413.325,数码电子,R280,11月
2021-05-30,SO005074,华南,顺丰,999.2259999999999,35.99,381.168,数码电子,Accessory9,5月
2021-11-22,SO005075,华南,顺丰,2218.891,205.99,79.542,数码电子,TimeportP7382,11月
2021-01-16,SO005076,华南,顺丰,29.19,4.49,0.646,办公用品,3M Organizer Strips,1月
2021-11-05,SO005077,华南,顺丰,463.0,14.45,24.6075,办公用品,3M Organizer Strips,11月
2021-08-06,SO005078,华南,顺丰,39.01,4.98,-38.44,数码电子,TDK 4.7GB DVD-R,8月
2021-08-06,SO005079,华南,顺丰,62.03,9.77,17.31,家具产品,Document Clip Frames,8月
2021-05-03,SO005080,华南,顺丰,1765.45,120.98,374.82,办公用品,Holmes Odor Grabber,5月
2021-09-21,SO005081,华南,顺丰,1465.29,120.97,373.5,数码电子,Xerox 193,9月
2021-09-21,SO005082,华南,顺丰,3590.33,146.34,-31.725,家具产品,KI Conference Tables,9月
2021-06-10,SO005083,华南,顺丰,57.03,7.28,-31.38,数码电子,TDK 4.7GB DVD-R,6月
2021-02-27,SO005084,东北,顺丰,894.51,20.89,294.21,数码电子,TDK 4.7GB DVD-R,2月
2021-07-27,SO005085,东北,顺丰,164.02,6.68,-47.64,办公用品,Xerox 1968,7月
2021-07-27,SO005086,东北,顺丰,136.81,5.68,-30.51,办公用品,Letter Slitter,7月
2021-07-27,SO005087,东北,顺丰,4701.69,205.99,1148.904,数码电子,V70,7月
2021-02-07,SO005088,西南,顺丰,109.87,4.98,-98.17,办公用品,Xerox 1961,2月
2021-02-07,SO005089,西南,顺丰,816.65,22.84,-182.8,办公用品,Xerox 1982,2月
2021-12-30,SO005090,华南,顺丰,1272.83,100.98,250.47,数码电子,TDK 4.7GB DVD-R,12月
2021-12-30,SO005091,华东,顺丰,165.36,6.48,-94.79,办公用品,Xerox 220,12月
2021-08-20,SO005092,华东,顺丰,611.16,12.95,100.215,办公用品,GBC Binding covers,8月
2021-09-04,SO005093,华东,顺丰,278.1,30.56,68.102,办公用品,3M Organizer Strips,9月
2021-10-18,SO005094,华东,顺丰,85.89,15.98,-48.88,数码电子,TDK 4.7GB DVD-R,10月
2021-06-05,SO005095,华北,顺丰,4567.36,363.25,889.31,办公用品,Holmes Odor Grabber,6月
2021-12-02,SO005096,东北,顺丰,61.43,5.4,-42.9755,办公用品,3M Organizer Strips,12月
2021-12-02,SO005097,华南,顺丰,129.5,20.28,65.49,家具产品,Document Clip Frames,12月
2021-12-02,SO005098,西北,顺丰,125.95,11.55,15.73,办公用品,Newell 309,12月
2021-12-02,SO005099,华东,顺丰,90.93,2.08,-72.5,办公用品,Letter Slitter,12月
2021-12-25,SO005100,华南,顺丰,4768.59,100.98,-593.8,家具产品,Phone 918,12月
2021-12-25,SO005101,东北,顺丰,117.77,3.75,47.98,办公用品,Avery 510,12月
2021-01-14,SO005102,华北,顺丰,17605.77,449.99,-370.04,数码电子,Canon PC940 Copier,1月
2021-05-13,SO005103,华南,顺丰,865.35,30.42,-159.25,数码电子,TDK 4.7GB DVD-R,5月
2021-05-13,SO005104,华北,顺丰,823.07,37.94,318.25,办公用品,Xerox 217,5月
2021-11-23,SO005105,华北,顺丰,68.66,30.98,-29.6,办公用品,Xerox 217,11月
2021-11-07,SO005106,华北,顺丰,616.39,20.89,148.28,数码电子,TDK 4.7GB DVD-R,11月
2021-10-12,SO005107,东北,顺丰,329.63,125.99,-541.332,数码电子,M70,10月
2021-11-30,SO005108,华南,顺丰,276.0,6.48,-98.53,办公用品,Xerox 1998,11月
2021-11-30,SO005109,西北,顺丰,132.01,2.88,6.93,办公用品,Newell 340,11月
2021-01-27,SO005110,华北,顺丰,207.92,6.23,-124.844,办公用品,3M Organizer Strips,1月
2021-09-10,SO005111,东北,顺丰,36.65,6.08,0.43,办公用品,Newell 340,9月
2021-09-10,SO005112,华南,顺丰,964.09,22.01,105.37,办公用品,Newell 340,9月
2021-09-05,SO005113,华南,顺丰,90.75,12.99,-26.39,家具产品,Document Clip Frames,9月
2021-09-05,SO005114,华南,顺丰,927.82,20.24,255.03,家具产品,Document Clip Frames,9月
2021-09-05,SO005115,西北,顺丰,123.37,4.71,-6.69,办公用品,"Super Bands, 12/Pack",9月
2021-04-05,SO005116,华东,顺丰,564.98,22.38,-107.5135,办公用品,3M Organizer Strips,4月
2021-04-05,SO005117,华东,顺丰,129.48,6.98,46.01,家具产品,Document Clip Frames,4月
2021-02-18,SO005118,华东,顺丰,69.57,7.98,-36.06,办公用品,Iris Project Case,2月
2021-02-19,SO005119,东北,顺丰,1838.19,39.48,561.43,数码电子,TDK 4.7GB DVD-R,2月
2021-08-22,SO005120,华南,顺丰,1190.8,28.53,502.486,办公用品,3M Organizer Strips,8月
2021-07-05,SO005121,华南,顺丰,55.68,5.98,-7.4,办公用品,Xerox 193,7月
2021-07-05,SO005122,华南,顺丰,14588.28,328.14,861.78,办公用品,Holmes Odor Grabber,7月
2021-07-05,SO005123,华北,顺丰,2675.08,105.34,489.58,家具产品,Document Clip Frames,7月
2021-01-28,SO005124,东北,顺丰,2380.5695,65.99,740.475,数码电子,StarTAC Series,1月
2021-03-28,SO005125,东北,顺丰,10413.67,355.98,1099.29,家具产品,Phone 918,3月
2021-03-28,SO005126,华南,顺丰,71.49,19.99,41.98,家具产品,Document Clip Frames,3月
2021-07-25,SO005127,华北,顺丰,883.37,100.98,51.3,数码电子,TDK 4.7GB DVD-R,7月
2021-03-01,SO005128,华东,顺丰,877.64,48.58,218.97,办公用品,Holmes Odor Grabber,3月
2021-03-01,SO005129,华北,顺丰,190.1,20.95,-63.78,数码电子,TDK 4.7GB DVD-R,3月
2021-10-30,SO005130,华北,顺丰,44.99,4.98,-40.43,办公用品,Xerox 1961,10月
2021-09-28,SO005131,华北,顺丰,825.8,21.98,183.48,办公用品,Newell 340,9月
2021-09-28,SO005132,华北,顺丰,4273.95,90.48,1340.07,办公用品,Grip Seal Envelopes,9月
2021-05-14,SO005133,华北,顺丰,45.73,4.98,-23.29,办公用品,Xerox 1952,5月
2021-11-18,SO005134,华北,顺丰,416.39,22.24,119.47,数码电子,TDK 4.7GB DVD-R,11月
2021-02-23,SO005135,华北,顺丰,240.87,13.79,-36.77,家具产品,Document Clip Frames,2月
2021-02-23,SO005136,华北,顺丰,1025.02,33.29,87.03,办公用品,Crate-A-Files™,2月
2021-05-13,SO005137,华北,顺丰,2298.32,99.99,218.72,数码电子,TDK 4.7GB DVD-R,5月
2021-06-08,SO005138,华北,顺丰,1168.15,48.91,-743.96,办公用品,Crate-A-Files™,6月
2021-06-30,SO005139,华北,顺丰,179.98,7.89,38.7,办公用品,"Super Bands, 12/Pack",6月
2021-06-30,SO005140,华北,顺丰,55.44,3.68,-21.91,办公用品,Letter Slitter,6月
2021-06-30,SO005141,华北,顺丰,174.62,9.71,-119.77,办公用品,Crate-A-Files™,6月
2021-09-13,SO005142,华北,顺丰,984.6315000000001,55.99,-129.14,数码电子,Accessory6,9月
2021-07-03,SO005143,华北,顺丰,113.09,2.94,29.76,办公用品,Newell 340,7月
2021-08-25,SO005144,华北,顺丰,3046.01,100.97,998.65,数码电子,Xerox 193,8月
2021-08-25,SO005145,东北,顺丰,353.52,22.84,51.53,办公用品,Xerox 1991,8月
2021-12-23,SO005146,东北,顺丰,23255.61,599.99,-734.33,数码电子,Canon PC940 Copier,12月
2021-08-30,SO005147,东北,顺丰,1491.8265,65.99,124.83,数码电子,Talkabout T8367,8月
2021-06-16,SO005148,东北,顺丰,134.33,3.14,25.02,办公用品,Xerox 217,6月
2021-06-16,SO005149,东北,顺丰,70.32,3.57,-56.07,办公用品,Barrel Sharpener,6月
2021-06-25,SO005150,东北,顺丰,1032.072,70.89,54.23085,家具产品,KI Conference Tables,6月
2021-04-11,SO005151,东北,顺丰,887.45,20.98,365.789,办公用品,3M Organizer Strips,4月
2021-04-11,SO005152,东北,顺丰,355.97,48.04,-4.459999999999994,办公用品,Xerox 217,4月
2021-11-29,SO005153,东北,顺丰,181.78,3.78,71.56,办公用品,Staples Bulldog Clip,11月
2021-09-19,SO005154,东北,顺丰,636.5,12.99,-71.9838,数码电子,Xerox 193,9月
2021-09-19,SO005155,东北,顺丰,2614.3705,125.99,384.012,数码电子,Timeport L7089,9月
2021-08-23,SO005156,东北,顺丰,2245.6915,65.99,369.08099999999996,数码电子,i270,8月
2021-03-15,SO005157,东北,顺丰,1462.1615,65.99,215.433,数码电子,i1000,3月
2021-03-15,SO005158,东北,顺丰,999.89,99.99,-119.92,数码电子,TDK 4.7GB DVD-R,3月
2021-03-15,SO005159,西南,顺丰,35.69,3.28,-31.24,办公用品,Newell 351,3月
2021-10-08,SO005160,西南,顺丰,68.04,3.98,-55.522,办公用品,3M Organizer Strips,10月
2021-10-08,SO005161,西南,顺丰,331.17,12.22,97.19,家具产品,Document Clip Frames,10月
2021-12-19,SO005162,西南,顺丰,141.4,5.68,34.48,办公用品,Xerox 217,12月
2021-12-19,SO005163,西南,顺丰,303.909,55.99,-254.364,数码电子,Accessory36,12月
2021-09-08,SO005164,华南,顺丰,26.13,7.59,-10.61,家具产品,Document Clip Frames,9月
2021-05-15,SO005165,华南,顺丰,22.85,2.88,0.88,办公用品,Avery 474,5月
2021-05-15,SO005166,华南,顺丰,12007.05,808.49,2713.95,数码电子,Xerox 193,5月
2021-05-15,SO005167,华南,顺丰,280.45,6.48,-143.65,办公用品,Xerox 200,5月
2021-09-23,SO005168,华南,顺丰,2048.78,83.98,994.68,办公用品,Grip Seal Envelopes,9月
2021-09-10,SO005169,华南,顺丰,58.44,10.89,-7.04,办公用品,Holmes Odor Grabber,9月
2021-08-04,SO005170,华南,顺丰,121.65,2.88,30.76,办公用品,Avery 514,8月
2021-08-04,SO005171,华南,顺丰,19.02,2.08,10.73,家具产品,Document Clip Frames,8月
2021-08-04,SO005172,华南,顺丰,103.105,65.99,-316.31600000000003,数码电子,V8160,8月
2021-12-14,SO005173,华南,顺丰,263.8,34.23,165.33,家具产品,Document Clip Frames,12月
2021-12-14,SO005174,华南,顺丰,1546.3964999999998,65.99,226.719,数码电子,g520,12月
2021-03-16,SO005175,华东,顺丰,211.88,15.57,78.45,办公用品,Grip Seal Envelopes,3月
2021-06-01,SO005176,华东,顺丰,532.89,12.97,210.52800000000002,办公用品,3M Organizer Strips,6月
2021-06-01,SO005177,华东,顺丰,60.69,2.12,-25.65,数码电子,TDK 4.7GB DVD-R,6月
2021-07-11,SO005178,华东,顺丰,184.32,6.68,-73.33,办公用品,Xerox 1959,7月
2021-12-24,SO005179,华北,顺丰,1935.1,170.98,-42.96,家具产品,Xerox 1907,12月
2021-10-20,SO005180,华北,顺丰,12073.06,315.98,5081.8695,办公用品,3M Organizer Strips,10月
2021-10-20,SO005181,华北,顺丰,6685.05,276.2,1653.6,家具产品,Phone 918,10月
2021-10-20,SO005182,华北,顺丰,1175.53,63.94,257.59,家具产品,Document Clip Frames,10月
2021-02-26,SO005183,华北,顺丰,16116.33,387.99,6919.867,办公用品,3M Organizer Strips,2月
2021-04-08,SO005184,华北,顺丰,32.76,6.3,11.29,办公用品,Avery 51,4月
2021-07-29,SO005185,华北,顺丰,55.49,6.08,7.23,办公用品,Newell 340,7月
2021-03-24,SO005186,华北,顺丰,6245.76,210.55,1462.42,办公用品,Crate-A-Files™,3月
2021-09-05,SO005187,华北,顺丰,5482.18,276.2,1167.38,家具产品,Phone 918,9月
2021-09-05,SO005188,华北,顺丰,45.57,2.88,2.81,办公用品,Newell 346,9月
2021-11-03,SO005189,西北,顺丰,34.01,2.61,10.58,办公用品,Avery 494,11月
2021-11-03,SO005190,西北,顺丰,1008.95,25.38,69.31,家具产品,Document Clip Frames,11月
2021-11-03,SO005191,西北,顺丰,3508.33,167.27,-546.98,办公用品,Crate-A-Files™,11月
2021-09-13,SO005192,西北,顺丰,201.09,6.68,-56.22,办公用品,Xerox 1923,9月
2021-05-25,SO005193,西北,顺丰,3638.27,80.98,1123.79,办公用品,Holmes Odor Grabber,5月
2021-05-25,SO005194,西北,顺丰,1326.69,33.29,185.37,办公用品,Crate-A-Files™,5月
2021-09-28,SO005195,西北,顺丰,2632.4755,85.99,1325.817,数码电子,Accessory20,9月
2021-01-19,SO005196,西北,顺丰,180.56,4.28,-15.79,办公用品,Newell 320,1月
2021-07-07,SO005197,华东,顺丰,668.8,33.89,92.34,办公用品,Crate-A-Files™,7月
2021-07-12,SO005198,华东,顺丰,115.81,3.69,47.56,办公用品,Avery 501,7月
2021-12-22,SO005199,华东,顺丰,1120.86,150.98,17.4,数码电子,Xerox 193,12月
2021-12-22,SO005200,华东,顺丰,11.51,5.43,-5.16,办公用品,Xerox 217,12月
2021-12-22,SO005201,华东,顺丰,6668.856,179.29,871.97,家具产品,KI Conference Tables,12月
2021-12-07,SO005202,华东,顺丰,459.08,12.98,61.57,办公用品,Letter Slitter,12月
2021-06-17,SO005203,华东,顺丰,5264.48,130.98,-284.06,家具产品,Phone 918,6月
2021-12-05,SO005204,华东,顺丰,104.33,2.61,39.91,办公用品,Avery 494,12月
2021-09-29,SO005205,华东,顺丰,481.23,9.98,-409.24,家具产品,Document Clip Frames,9月
2021-09-29,SO005206,华东,顺丰,265.39,6.48,-237.01,办公用品,Xerox 1905,9月
2021-09-29,SO005207,华东,顺丰,56.5,6.48,-17.16,办公用品,Xerox 1995,9月
2021-12-12,SO005208,华东,顺丰,14475.74,549.99,4963.89,数码电子,Canon PC940 Copier,12月
2021-12-12,SO005209,华东,顺丰,306.6205,115.99,-479.08299999999997,数码电子,2160,12月
2021-11-10,SO005210,华东,顺丰,641.89,17.48,207.3,数码电子,TDK 4.7GB DVD-R,11月
2021-12-09,SO005211,华东,顺丰,919.0,17.67,89.6,家具产品,Document Clip Frames,12月
2021-03-10,SO005212,华东,顺丰,18888.0,6783.02,-14140.7016,数码电子,Xerox 193,3月
2021-03-15,SO005213,华东,顺丰,9499.3,216.6,618.36,家具产品,Phone 918,3月
2021-02-18,SO005214,华东,顺丰,794.58,15.23,11.650950000000002,家具产品,KI Conference Tables,2月
2021-03-30,SO005215,华东,顺丰,21205.5,699.99,241.3,数码电子,Canon PC940 Copier,3月
2021-01-14,SO005216,华南,顺丰,72.18,1.48,11.83,办公用品,Binder Clips by OIC,1月
2021-10-02,SO005217,华南,顺丰,178.44,9.11,50.13,办公用品,Xerox 217,10月
2021-05-22,SO005218,华南,顺丰,4647.69,113.98,182.53,家具产品,Phone 918,5月
2021-05-22,SO005219,华南,顺丰,2503.3265,65.99,447.12,数码电子,6120,5月
2021-02-20,SO005220,华东,顺丰,213.0,5.28,-71.09,办公用品,Xerox 217,2月
2021-09-22,SO005221,华东,顺丰,172.04,6.48,-85.11,办公用品,Xerox 210,9月
2021-10-31,SO005222,华南,顺丰,23.19,2.6,-13.27,办公用品,Newell 340,10月
2021-03-04,SO005223,华南,顺丰,132.02,4.98,-123.28,办公用品,Xerox 198,3月
2021-11-30,SO005224,华南,顺丰,527.25,20.98,74.00949999999999,办公用品,3M Organizer Strips,11月
2021-12-19,SO005225,华南,顺丰,1768.13,60.97,525.54,办公用品,Holmes Odor Grabber,12月
2021-12-19,SO005226,华南,顺丰,147.05,6.48,-54.91,办公用品,Xerox 1998,12月
2021-11-10,SO005227,华南,顺丰,2731.73,155.99,310.59,数码电子,LX 788,11月
2021-11-10,SO005228,华南,顺丰,679.52,17.7,-152.4,办公用品,Crate-A-Files™,11月
2021-11-10,SO005229,华南,顺丰,5176.27,135.31,-743.45,办公用品,Crate-A-Files™,11月
2021-01-14,SO005230,华南,顺丰,473.46,35.94,128.11,办公用品,Grip Seal Envelopes,1月
2021-11-19,SO005231,华南,顺丰,1503.49,70.97,408.73,办公用品,Holmes Odor Grabber,11月
2021-11-19,SO005232,华南,顺丰,10.62,8.32,-31.2,数码电子,TDK 4.7GB DVD-R,11月
2021-11-19,SO005233,华南,顺丰,2337.03,49.99,-37.19,数码电子,TDK 4.7GB DVD-R,11月
2021-11-19,SO005234,华南,顺丰,29345.27,880.98,7497.55,家具产品,Xerox 1907,11月
2021-09-01,SO005235,华南,顺丰,1184.32,26.31,-99.55,数码电子,TDK 4.7GB DVD-R,9月
2021-09-18,SO005236,华南,顺丰,739.94,26.17,370.23,办公用品,Grip Seal Envelopes,9月
2021-08-28,SO005237,华南,顺丰,453.2455,20.99,3.3120000000000003,数码电子,CF 688,8月
2021-11-01,SO005238,华南,顺丰,122.41,6.64,2.37,家具产品,Document Clip Frames,11月
2021-11-01,SO005239,华南,顺丰,2052.2655,110.99,371.403,数码电子,T18,11月
2021-11-01,SO005240,华南,顺丰,130.25,2.98,0.89,办公用品,"Super Bands, 12/Pack",11月
2021-07-02,SO005241,华南,顺丰,3304.38,70.71,-634.49,家具产品,Document Clip Frames,7月
2021-07-02,SO005242,华南,顺丰,908.412,65.99,-71.192,数码电子,V 3600 Series,7月
2021-05-04,SO005243,华南,顺丰,210.86,9.77,5.5,家具产品,Document Clip Frames,5月
2021-06-05,SO005244,华南,顺丰,170.81,4.28,-133.68,办公用品,Xerox 1971,6月
2021-06-05,SO005245,华南,顺丰,4726.594999999999,175.99,1176.48,数码电子,5165,6月
2021-04-15,SO005246,华南,顺丰,1031.23,33.98,-138.54,家具产品,Document Clip Frames,4月
2021-08-04,SO005247,东北,顺丰,388.9,10.89,-37.11,办公用品,Holmes Odor Grabber,8月
2021-06-13,SO005248,华东,顺丰,551.67,17.15,25.44,办公用品,Crate-A-Files™,6月
2021-02-15,SO005249,华北,顺丰,631.73,78.69,122.43,家具产品,Document Clip Frames,2月
2021-05-20,SO005250,东北,顺丰,163.14,22.99,-37.5,办公用品,Newell 340,5月
2021-04-01,SO005251,华南,顺丰,737.38,26.64,90.04,家具产品,Phone 918,4月
2021-04-01,SO005252,华北,顺丰,507.18,9.99,74.73,办公用品,Xerox 1896,4月
2021-04-01,SO005253,华东,顺丰,151.19,3.55,27.37,办公用品,"Super Bands, 12/Pack",4月
2021-10-12,SO005254,华南,顺丰,18775.76,400.97,8504.47,数码电子,Xerox 193,10月
2021-08-03,SO005255,华北,顺丰,191.67,10.98,6.02,办公用品,Letter Slitter,8月
2021-09-09,SO005256,华北,顺丰,20596.58,550.98,-1331.553366,家具产品,KI Conference Tables,9月
2021-06-23,SO005257,华北,顺丰,295.45,9.38,-4.36,家具产品,Document Clip Frames,6月
2021-06-23,SO005258,华北,顺丰,8407.08,208.16,629.4,办公用品,Holmes Odor Grabber,6月
2021-02-24,SO005259,东北,顺丰,14740.51,300.98,3407.73,家具产品,Phone 918,2月
2021-02-24,SO005260,西南,顺丰,3.77,2.94,-1.84,办公用品,Newell 343,2月
2021-04-15,SO005261,西南,顺丰,2869.44,59.98,840.55,办公用品,Holmes Odor Grabber,4月
2021-04-15,SO005262,华南,顺丰,2172.7019999999998,115.99,481.743,数码电子,6160,4月
2021-02-18,SO005263,华南,顺丰,2180.23,60.22,660.25,办公用品,Holmes Odor Grabber,2月
2021-07-08,SO005264,华东,顺丰,139.45,5.81,-137.494,办公用品,3M Organizer Strips,7月
2021-10-01,SO005265,西北,顺丰,88.23,2.18,-195.93,办公用品,Letter Slitter,10月
2021-10-01,SO005266,华东,顺丰,43.72,5.18,2.12,办公用品,Array® Memo Cubes,10月
2021-06-03,SO005267,华东,顺丰,29.19,16.98,-23.1,办公用品,Grip Seal Envelopes,6月
2021-06-03,SO005268,华南,顺丰,2007.24,225.04,600.4,办公用品,Holmes Odor Grabber,6月
2021-06-03,SO005269,华南,顺丰,384.41,9.49,-44.3004,数码电子,Xerox 193,6月
2021-03-08,SO005270,华南,顺丰,2466.02,161.55,243.73,办公用品,Crate-A-Files™,3月
2021-01-02,SO005271,华南,顺丰,1239.06,291.73,-193.08,家具产品,Phone 918,1月
2021-01-02,SO005272,华南,顺丰,4083.19,100.98,-1049.85,家具产品,Phone 918,1月
2021-01-02,SO005273,东北,顺丰,4902.38,155.06,1438.49,办公用品,Crate-A-Files™,1月
2021-02-26,SO005274,东北,顺丰,71.94,20.95,-70.68,数码电子,TDK 4.7GB DVD-R,2月
2021-02-26,SO005275,华南,顺丰,550.61,55.98,98.32,办公用品,Xerox 1882,2月
2021-02-26,SO005276,华南,顺丰,1373.11,80.98,-599.54,办公用品,Crate-A-Files™,2月
2021-07-20,SO005277,华南,顺丰,2546.5235,125.99,209.997,数码电子,StarTAC 3000,7月
2021-12-31,SO005278,华东,顺丰,241.85,36.55,-4.5,办公用品,Newell 340,12月
2021-08-03,SO005279,华南,顺丰,123.95,5.34,2.4225,办公用品,3M Organizer Strips,8月
2021-11-24,SO005280,华南,顺丰,2440.26,45.19,917.28,数码电子,TDK 4.7GB DVD-R,11月
2021-11-24,SO005281,华南,顺丰,1008.19,45.19,210.01,数码电子,TDK 4.7GB DVD-R,11月
2021-02-22,SO005282,华北,顺丰,19.96,4.98,3.25,办公用品,Xerox 190,2月
2021-02-22,SO005283,华北,顺丰,148.99,3.57,-115.48,办公用品,Barrel Sharpener,2月
2021-02-22,SO005284,华北,顺丰,70.66,3.28,-57.84,办公用品,Newell 342,2月
2021-05-21,SO005285,华北,顺丰,368.18,12.21,-36.78,办公用品,Crate-A-Files™,5月
2021-01-21,SO005286,华北,顺丰,139.98,4.13,-140.54,办公用品,Avery 498,1月
2021-12-02,SO005287,华北,顺丰,472.35,14.48,61.676,办公用品,3M Organizer Strips,12月
2021-01-08,SO005288,华北,顺丰,478.27,13.99,-4.8459,数码电子,Xerox 193,1月
2021-10-29,SO005289,华北,顺丰,9081.98,232.58,2485.54,办公用品,Holmes Odor Grabber,10月
2021-10-29,SO005290,东北,顺丰,806.08,26.17,402.37,办公用品,Grip Seal Envelopes,10月
2021-10-29,SO005291,东北,顺丰,70.02,15.31,-30.63,办公用品,Crate-A-Files™,10月
2021-07-09,SO005292,东北,顺丰,24.09,3.81,-20.2285,办公用品,3M Organizer Strips,7月
2021-07-09,SO005293,东北,顺丰,173.27,4.0,51.29,办公用品,Xerox 217,7月
2021-12-08,SO005294,东北,顺丰,3390.51,122.99,1169.7105000000001,办公用品,3M Organizer Strips,12月
2021-06-10,SO005295,东北,顺丰,601.78,13.48,26.44,办公用品,Crate-A-Files™,6月
2021-01-15,SO005296,东北,顺丰,447.89,8.6,-26.7835,办公用品,3M Organizer Strips,1月
2021-11-04,SO005297,东北,顺丰,752.63,30.98,172.94,办公用品,Xerox 1951,11月
2021-11-04,SO005298,东北,顺丰,88.37,3.75,33.68,办公用品,Avery 496,11月
2021-12-26,SO005299,西南,顺丰,1393.39,100.97,84.15,数码电子,TDK 4.7GB DVD-R,12月
2021-12-26,SO005300,华南,顺丰,601.52,13.4,171.98,家具产品,Document Clip Frames,12月
2021-08-14,SO005301,华南,顺丰,157.85,8.33,10.74,数码电子,TDK 4.7GB DVD-R,8月
2021-08-14,SO005302,华南,顺丰,2773.0314999999996,85.99,897.867,数码电子,Accessory34,8月
2021-06-06,SO005303,华南,顺丰,135.02,6.48,-60.69,办公用品,Xerox 215,6月
2021-02-08,SO005304,华南,顺丰,169.61,5.94,-211.0595,办公用品,3M Organizer Strips,2月
2021-02-08,SO005305,华南,顺丰,1247.9275,65.99,186.417,数码电子,6190,2月
2021-11-24,SO005306,华南,顺丰,42.66,4.06,-30.74,办公用品,Holmes Odor Grabber,11月
2021-11-24,SO005307,华南,顺丰,655.58,35.44,250.67,办公用品,Xerox 1932,11月
2021-11-24,SO005308,华南,顺丰,1465.33,113.98,-66.38,家具产品,Phone 918,11月
2021-12-29,SO005309,华南,顺丰,36.74,2.78,-5.36,办公用品,Newell 339,12月
2021-12-29,SO005310,华南,顺丰,183.08,3.69,82.49,办公用品,Avery 501,12月
2021-11-08,SO005311,华南,顺丰,224.47,13.9,-49.31,办公用品,Letter Slitter,11月
2021-03-24,SO005312,华南,顺丰,60.67,9.48,10.29,家具产品,Document Clip Frames,3月
2021-03-24,SO005313,华南,顺丰,6195.87,193.17,781.03,办公用品,Crate-A-Files™,3月
2021-11-04,SO005314,华南,顺丰,6276.83,291.73,813.49,家具产品,Phone 918,11月
2021-07-22,SO005315,华南,顺丰,505.01,11.97,-43.52,办公用品,Holmes Odor Grabber,7月
2021-07-22,SO005316,华北,顺丰,286.75,6.98,98.44,办公用品,Xerox 217,7月
2021-04-23,SO005317,华北,顺丰,325.8,6.78,-84.85,办公用品,Xerox 217,4月
2021-04-20,SO005318,华北,顺丰,490.17,20.97,-57.09,数码电子,TDK 4.7GB DVD-R,4月
2021-04-20,SO005319,华北,顺丰,206.2,4.91,101.14,办公用品,Avery 508,4月
2021-09-29,SO005320,华北,顺丰,257.9,8.74,-84.69,办公用品,Grip Seal Envelopes,9月
2021-08-16,SO005321,西北,顺丰,977.92,25.99,148.89,办公用品,Newell 340,8月
2021-07-26,SO005322,西北,顺丰,453.87,15.98,76.59,数码电子,TDK 4.7GB DVD-R,7月
2021-03-30,SO005323,西北,顺丰,29.03,11.34,-11.83,办公用品,Xerox 188,3月
2021-08-27,SO005324,西北,顺丰,104.85,55.5,-98.31,家具产品,Document Clip Frames,8月
2021-12-28,SO005325,西北,顺丰,980.07,30.98,337.25,办公用品,Xerox 217,12月
2021-01-12,SO005326,西北,顺丰,1603.27,59.98,452.49,办公用品,Holmes Odor Grabber,1月
2021-02-24,SO005327,西北,顺丰,305.05,10.98,23.12,办公用品,Letter Slitter,2月
2021-12-22,SO005328,西北,顺丰,639.19,20.98,274.8985,办公用品,3M Organizer Strips,12月
2021-10-20,SO005329,西北,顺丰,163.36,6.48,-65.54,办公用品,Xerox 21,10月
2021-10-20,SO005330,西北,顺丰,44.08,1.98,-9.09,办公用品,"Super Bands, 12/Pack",10月
2021-10-20,SO005331,华东,顺丰,1135.64,259.71,-627.641157,家具产品,KI Conference Tables,10月
2021-10-20,SO005332,华东,顺丰,5154.009,179.99,1184.6789999999999,数码电子,CF 688,10月
2021-11-24,SO005333,华东,顺丰,436.78,29.99,25.69,数码电子,TDK 4.7GB DVD-R,11月
2021-03-30,SO005334,华东,顺丰,304.65,21.98,24.2,办公用品,Xerox 217,3月
2021-07-14,SO005335,华东,顺丰,414.42,8.46,-380.2,数码电子,TDK 4.7GB DVD-R,7月
2021-03-27,SO005336,华东,顺丰,198.43,6.48,-79.67,办公用品,Xerox 1930,3月
2021-11-29,SO005337,华东,顺丰,8094.55,165.2,2008.71,办公用品,Crate-A-Files™,11月
2021-11-29,SO005338,华东,顺丰,352.44,17.99,-80.53,办公用品,Newell 340,11月
2021-09-26,SO005339,华东,顺丰,3780.16,90.97,1265.82,数码电子,Xerox 193,9月
2021-09-26,SO005340,华东,顺丰,1784.048,65.99,394.452,数码电子,StarTAC 7760,9月
2021-09-08,SO005341,华东,顺丰,353.25,11.55,60.06,办公用品,Newell 309,9月
2021-11-05,SO005342,华东,顺丰,229.26,6.81,-37.2025,办公用品,3M Organizer Strips,11月
2021-07-03,SO005343,华东,顺丰,299.07,12.53,137.47,办公用品,Avery 498,7月
2021-07-03,SO005344,华东,顺丰,708.87,146.34,-270.85,家具产品,KI Conference Tables,7月
2021-04-05,SO005345,华东,顺丰,189.19,16.06,-56.71,办公用品,Crate-A-Files™,4月
2021-07-20,SO005346,华东,顺丰,122.51,4.98,45.14,办公用品,Xerox 217,7月
2021-07-20,SO005347,华东,顺丰,2846.361,125.99,453.654,数码电子,StarTAC 3000,7月
2021-01-21,SO005348,华南,顺丰,4407.03,279.81,834.96,办公用品,Holmes Odor Grabber,1月
2021-01-21,SO005349,华南,顺丰,173.22,4.91,81.77,办公用品,Avery 508,1月
2021-01-21,SO005350,华南,顺丰,1482.01,30.44,709.325,办公用品,3M Organizer Strips,1月
2021-01-24,SO005351,华南,顺丰,2252.2619999999997,65.99,478.107,数码电子,2190,1月
2021-01-24,SO005352,华南,顺丰,279.01,5.77,-136.84,家具产品,Document Clip Frames,1月
2021-10-26,SO005353,华南,顺丰,187.18,5.98,28.91,办公用品,Newell 340,10月
2021-10-26,SO005354,华南,顺丰,104.21,2.88,15.19,办公用品,Newell 340,10月
2021-10-26,SO005355,华南,顺丰,1331.2240000000002,111.96,-401.42,家具产品,KI Conference Tables,10月
2021-02-15,SO005356,华南,顺丰,542.6,40.98,118.4,数码电子,TDK 4.7GB DVD-R,2月
2021-09-14,SO005357,华南,顺丰,125.01,4.98,-56.35,办公用品,Xerox 217,9月
2021-03-20,SO005358,华南,顺丰,100.36,9.11,18.41,办公用品,Xerox 217,3月
2021-03-20,SO005359,华南,顺丰,404.91,12.64,65.63,家具产品,Document Clip Frames,3月
2021-02-21,SO005360,华南,顺丰,901.81,49.99,-76.89,数码电子,TDK 4.7GB DVD-R,2月
2021-04-20,SO005361,华南,顺丰,481.27,15.7,-128.89,办公用品,Crate-A-Files™,4月
2021-04-18,SO005362,华南,顺丰,138.91,19.98,-64.11,数码电子,TDK 4.7GB DVD-R,4月
2021-09-12,SO005363,华南,顺丰,60.92,1.88,-17.204,办公用品,3M Organizer Strips,9月
2021-09-12,SO005364,华南,顺丰,387.17,45.98,190.6,家具产品,Document Clip Frames,9月
2021-12-07,SO005365,华南,顺丰,782.05,19.94,-253.74,家具产品,Document Clip Frames,12月
2021-12-07,SO005366,华南,顺丰,341.39,7.68,-82.9495,办公用品,3M Organizer Strips,12月
2021-08-15,SO005367,华南,顺丰,231.08,5.28,-79.08,办公用品,Xerox 1981,8月
2021-08-15,SO005368,华南,顺丰,428.36,9.11,74.75,办公用品,Newell 340,8月
2021-08-29,SO005369,华南,顺丰,153.98,4.91,71.6,办公用品,Avery 493,8月
2021-05-22,SO005370,华南,顺丰,2848.83,64.65,-1182.87,办公用品,Crate-A-Files™,5月
2021-12-12,SO005371,华南,顺丰,52.76,4.98,-49.53,办公用品,Xerox 1922,12月
2021-04-04,SO005372,华南,顺丰,123.75,4.98,55.42,办公用品,Avery 498,4月
2021-04-04,SO005373,华北,顺丰,3533.97,80.98,-1329.81,办公用品,Crate-A-Files™,4月
2021-04-04,SO005374,华北,顺丰,3821.4045,115.99,1256.967,数码电子,StarTAC 7797,4月
2021-01-02,SO005375,华北,顺丰,756.7294999999999,20.99,64.78200000000001,数码电子,CF 688,1月
2021-01-02,SO005376,东北,顺丰,3676.96,104.85,1233.45,办公用品,Xerox 217,1月
2021-12-19,SO005377,华南,顺丰,1651.07,40.98,-100.49,数码电子,TDK 4.7GB DVD-R,12月
2021-12-19,SO005378,华南,顺丰,41.53,8.6,-15.525,办公用品,3M Organizer Strips,12月
2021-11-15,SO005379,华南,顺丰,71.04,1.88,-20.654,办公用品,3M Organizer Strips,11月
2021-06-10,SO005380,华北,顺丰,1225.37,140.81,0.9800000000000182,家具产品,Phone 918,6月
2021-06-10,SO005381,华北,顺丰,1199.57,43.57,23.7,办公用品,Crate-A-Files™,6月
2021-06-10,SO005382,西北,顺丰,484.2194999999999,55.99,-33.792,数码电子,Accessory2,6月
2021-04-29,SO005383,西北,顺丰,11.64,7.59,-10.73,家具产品,Document Clip Frames,4月
2021-03-22,SO005384,西北,顺丰,30.1,3.58,-28.313000000000002,办公用品,3M Organizer Strips,3月
2021-04-30,SO005385,华东,顺丰,2561.6705,155.99,88.767,数码电子,300 Series Non-Flip,4月
2021-04-14,SO005386,华东,顺丰,62.45,3.48,-141.76,办公用品,Holmes Odor Grabber,4月
2021-04-23,SO005387,华东,顺丰,1201.51,140.85,-185.48,办公用品,Crate-A-Files™,4月
2021-10-05,SO005388,华南,顺丰,91.75,6.75,2.822,办公用品,3M Organizer Strips,10月
2021-10-05,SO005389,华南,顺丰,346.57,10.97,-116.45,数码电子,TDK 4.7GB DVD-R,10月
2021-10-31,SO005390,西南,顺丰,130.9,2.88,18.75,办公用品,Newell 340,10月
2021-01-20,SO005391,华南,顺丰,2167.05,60.22,684.9,办公用品,Holmes Odor Grabber,1月
2021-05-18,SO005392,东北,顺丰,623.1265,20.99,122.292,数码电子,Accessory25,5月
2021-05-18,SO005393,华北,顺丰,62.62,3.36,-67.0565,办公用品,3M Organizer Strips,5月
2021-05-18,SO005394,西南,顺丰,64.25,12.28,-7.94,办公用品,Xerox 1933,5月
2021-01-12,SO005395,华北,顺丰,224.74400000000003,71.37,54.59805000000001,家具产品,KI Conference Tables,1月
2021-04-03,SO005396,西南,顺丰,169.13,3.14,43.05,办公用品,Xerox 217,4月
2021-11-08,SO005397,西北,顺丰,2004.4,83.1,544.3,数码电子,TDK 4.7GB DVD-R,11月
2021-05-15,SO005398,西北,顺丰,1053.84,20.98,-632.16,家具产品,Document Clip Frames,5月
2021-05-15,SO005399,华东,顺丰,310.99,9.68,106.45,办公用品,Xerox 217,5月
2021-12-14,SO005400,华南,顺丰,114.73,13.73,28.08,家具产品,Document Clip Frames,12月
2021-05-21,SO005401,华北,顺丰,142.1,2.88,37.03,办公用品,Avery 474,5月
2021-07-15,SO005402,东北,顺丰,208.04,7.59,14.77,家具产品,Document Clip Frames,7月
2021-12-02,SO005403,东北,顺丰,754.94,58.14,-226.24,家具产品,Xerox 1907,12月
2021-05-08,SO005404,西南,顺丰,4201.47,212.6,199.25,家具产品,KI Conference Tables,5月
2021-05-08,SO005405,华南,顺丰,55.66,3.28,-21.4,办公用品,Newell 321,5月
2021-05-31,SO005406,华南,顺丰,621.93,39.98,-49.77,数码电子,TDK 4.7GB DVD-R,5月
2021-05-31,SO005407,华南,顺丰,121.09,6.68,-30.51,办公用品,Xerox 1923,5月
2021-08-17,SO005408,华南,顺丰,136.18,5.98,-43.26,办公用品,Xerox 1983,8月
2021-08-17,SO005409,华南,顺丰,111.37,2.89,46.46,办公用品,Avery 498,8月
2021-08-17,SO005410,西北,顺丰,105.48,6.48,-53.99,办公用品,Xerox 210,8月
2021-02-20,SO005411,华东,顺丰,116.57,4.98,-43.18,办公用品,Xerox 1949,2月
2021-04-27,SO005412,华东,顺丰,3295.15,115.79,1070.18,数码电子,TDK 4.7GB DVD-R,4月
2021-04-27,SO005413,华东,顺丰,43.9,37.44,-15.03,办公用品,Newell 340,4月
2021-04-28,SO005414,华东,顺丰,78.68,6.48,-29.07,办公用品,Xerox 1894,4月
2021-05-05,SO005415,华东,顺丰,5567.79,120.98,1726.66,办公用品,Holmes Odor Grabber,5月
2021-05-05,SO005416,华北,顺丰,503.2935,55.99,-222.816,数码电子,Accessory36,5月
2021-05-05,SO005417,华东,顺丰,796.03,23.99,-133.71,家具产品,Document Clip Frames,5月
2021-12-20,SO005418,华南,顺丰,70.02,7.31,22.62,办公用品,Avery 516,12月
2021-12-20,SO005419,华南,顺丰,2544.985,85.99,-113.058,数码电子,Accessory4,12月
2021-02-02,SO005420,华南,顺丰,44.85,1.14,-0.49,办公用品,OIC Thumb-Tacks,2月
2021-04-17,SO005421,华南,顺丰,1980.37,40.98,904.825,办公用品,3M Organizer Strips,4月
2021-04-17,SO005422,华南,顺丰,642.66,49.43,-82.35,办公用品,Holmes Odor Grabber,4月
2021-12-05,SO005423,东北,顺丰,118.43,4.2,11.96,办公用品,Xerox 217,12月
2021-07-17,SO005424,华南,顺丰,128.22,2.94,16.51,办公用品,Newell 338,7月
2021-08-30,SO005425,华南,顺丰,169.4,9.48,-59.64,家具产品,Document Clip Frames,8月
2021-11-02,SO005426,华北,顺丰,9517.6,280.98,-1262.44,家具产品,Phone 918,11月
2021-11-02,SO005427,华南,顺丰,904.93,30.97,-53.4,数码电子,TDK 4.7GB DVD-R,11月
2021-11-02,SO005428,华北,顺丰,98.51,4.13,45.93,办公用品,Avery 506,11月
2021-03-25,SO005429,华北,顺丰,234.09,10.64,-11.69,家具产品,Document Clip Frames,3月
2021-12-01,SO005430,华北,顺丰,1011.9,39.48,247.94,数码电子,TDK 4.7GB DVD-R,12月
2021-04-02,SO005431,华北,顺丰,193.7,9.85,-14.99,办公用品,Lumber Crayons,4月
2021-08-15,SO005432,华北,顺丰,14665.15,880.98,2860.31,家具产品,Xerox 1907,8月
2021-08-15,SO005433,华北,顺丰,324.97,13.4,113.98,家具产品,Document Clip Frames,8月
2021-08-15,SO005434,华北,顺丰,451.52,15.99,-70.5222,数码电子,Xerox 193,8月
2021-10-26,SO005435,华北,顺丰,2651.23,101.41,-741.81,办公用品,Crate-A-Files™,10月
2021-11-17,SO005436,华北,顺丰,2752.0,99.99,336.47,数码电子,TDK 4.7GB DVD-R,11月
2021-11-17,SO005437,华北,顺丰,72.82,5.98,5.03,办公用品,Grip Seal Envelopes,11月
2021-10-29,SO005438,华北,顺丰,667.9979999999999,35.99,251.262,数码电子,Accessory23,10月
2021-04-17,SO005439,华北,顺丰,2175.218,195.99,44.55,数码电子,R380,4月
2021-08-10,SO005440,华北,顺丰,162.51,4.13,-148.396,办公用品,3M Organizer Strips,8月
2021-08-10,SO005441,华北,顺丰,561.43,180.98,-199.46,家具产品,Phone 918,8月
2021-08-10,SO005442,华北,顺丰,64.46,4.91,25.16,办公用品,Avery 478,8月
2021-05-28,SO005443,华北,顺丰,1279.25,31.78,569.3,数码电子,TDK 4.7GB DVD-R,5月
2021-03-30,SO005444,东北,顺丰,3982.42,83.1,1560.82,数码电子,TDK 4.7GB DVD-R,3月
2021-03-30,SO005445,东北,顺丰,4025.66,124.49,-395.12,家具产品,KI Conference Tables,3月
2021-02-12,SO005446,东北,顺丰,326.1,6.48,-118.74,办公用品,Xerox 21,2月
2021-02-12,SO005447,东北,顺丰,170.374,35.99,-67.133,数码电子,Accessory31,2月
2021-01-20,SO005448,东北,顺丰,697.5,23.99,169.89,数码电子,Xerox 193,1月
2021-06-14,SO005449,东北,顺丰,2222.61,699.99,196.08,数码电子,Canon PC940 Copier,6月
2021-03-24,SO005450,东北,顺丰,107.56,6.64,-25.0,家具产品,Document Clip Frames,3月
2021-03-24,SO005451,东北,顺丰,1386.69,90.48,363.0,办公用品,Grip Seal Envelopes,3月
2021-09-20,SO005452,东北,顺丰,2617.13,64.98,368.87,办公用品,Crate-A-Files™,9月
2021-09-20,SO005453,东北,顺丰,169.27,19.98,-68.93,数码电子,TDK 4.7GB DVD-R,9月
2021-05-21,SO005454,东北,顺丰,92.86,2.08,-11.281500000000001,办公用品,Economy Binders,5月
2021-05-07,SO005455,西南,顺丰,2251.4970000000003,65.99,308.93399999999997,数码电子,Talkabout T8367,5月
2021-09-24,SO005456,西南,顺丰,497.2,60.98,-219.61,办公用品,Holmes Odor Grabber,9月
2021-02-03,SO005457,华南,顺丰,298.12,6.3,137.67,办公用品,Avery 51,2月
2021-06-18,SO005458,华南,顺丰,236.17,23.99,-21.39,家具产品,Document Clip Frames,6月
2021-08-05,SO005459,华南,顺丰,79.04,3.28,-77.93,办公用品,Newell 35,8月
2021-11-14,SO005460,华南,顺丰,96.52,10.64,16.78,家具产品,Document Clip Frames,11月
2021-11-14,SO005461,华南,顺丰,115.17,23.99,40.93,家具产品,Document Clip Frames,11月
2021-03-14,SO005462,华南,顺丰,1457.7120000000002,70.89,-1565.89,家具产品,KI Conference Tables,3月
2021-05-20,SO005463,华南,顺丰,9.7,4.98,-18.03,数码电子,TDK 4.7GB DVD-R,5月
2021-12-16,SO005464,华南,顺丰,259.52,43.41,45.203,办公用品,3M Organizer Strips,12月
2021-04-29,SO005465,华南,顺丰,12570.74,348.21,-4560.43,家具产品,KI Conference Tables,4月
2021-06-10,SO005466,华南,顺丰,8.49,3.74,-5.7385,办公用品,3M Organizer Strips,6月
2021-11-01,SO005467,华南,顺丰,152.31,5.98,38.08,办公用品,3M Organizer Strips,11月
2021-03-23,SO005468,华南,顺丰,728.025,65.99,19.997999999999998,数码电子,6000,3月
2021-12-14,SO005469,华南,顺丰,2169.49,55.48,1043.43,办公用品,Xerox 1888,12月
2021-12-14,SO005470,华南,顺丰,4411.5,122.99,-1799.35,家具产品,Phone 918,12月
2021-08-17,SO005471,华南,顺丰,256.0,5.28,-119.84,办公用品,Xerox 217,8月
2021-08-17,SO005472,华南,顺丰,6067.76,296.18,-98.046,家具产品,KI Conference Tables,8月
2021-08-07,SO005473,华南,顺丰,172.01,6.7,27.47,办公用品,Newell 340,8月
2021-10-24,SO005474,华南,顺丰,378.9,14.45,28.458,办公用品,3M Organizer Strips,10月
2021-10-24,SO005475,华南,顺丰,264.05,5.58,25.05,办公用品,Newell 340,10月
2021-10-28,SO005476,华南,顺丰,6943.94,152.48,608.9,数码电子,TDK 4.7GB DVD-R,10月
2021-10-28,SO005477,华南,顺丰,1514.9634999999998,65.99,310.185,数码电子,T193,10月
2021-09-06,SO005478,华南,顺丰,230.29,31.74,-4.300999999999994,办公用品,3M Organizer Strips,9月
2021-05-30,SO005479,华南,顺丰,447.12,10.64,-14.27,家具产品,Document Clip Frames,5月
2021-09-17,SO005480,华南,顺丰,96.73,7.77,-83.65,办公用品,Holmes Odor Grabber,9月
2021-09-17,SO005481,华南,顺丰,253.6,7.59,24.39,家具产品,Document Clip Frames,9月
2021-11-21,SO005482,华南,顺丰,618.1964999999999,65.99,-132.52800000000002,数码电子,6120,11月
2021-04-20,SO005483,华南,顺丰,1873.349,125.99,194.21099999999998,数码电子,M3682,4月
2021-04-20,SO005484,华北,顺丰,24639.8,500.98,8614.79,家具产品,Phone 918,4月
2021-04-20,SO005485,华北,顺丰,921.3,29.14,353.16,办公用品,Xerox 217,4月
2021-11-29,SO005486,华北,顺丰,307.46,14.58,4.91,家具产品,Document Clip Frames,11月
2021-06-05,SO005487,华北,顺丰,1394.28,155.06,197.16,办公用品,Crate-A-Files™,6月
2021-06-05,SO005488,华北,顺丰,6862.237,179.99,1839.204,数码电子,CF 688,6月
2021-07-02,SO005489,华北,顺丰,109.23,4.38,-100.579,办公用品,Acco 3-Hole Punch,7月
2021-07-02,SO005490,华北,顺丰,74.0,1.89,-20.6,办公用品,"Super Bands, 12/Pack",7月
2021-07-02,SO005491,华北,顺丰,288.45,9.31,-5.98,办公用品,Letter Slitter,7月
2021-12-25,SO005492,华北,顺丰,944.76,19.98,165.46,办公用品,Xerox 217,12月
2021-12-25,SO005493,西北,顺丰,6813.93,449.99,358.19,数码电子,Canon PC940 Copier,12月
2021-08-03,SO005494,西北,顺丰,4547.26,180.98,468.27,家具产品,Phone 918,8月
2021-02-26,SO005495,西北,顺丰,3355.1,70.98,-1701.96,家具产品,Phone 918,2月
2021-02-26,SO005496,西北,顺丰,2864.55,82.99,1021.07,数码电子,TDK 4.7GB DVD-R,2月
2021-02-26,SO005497,西北,顺丰,65.61,1.95,-16.63,办公用品,Newell 340,2月
2021-07-17,SO005498,西北,顺丰,1114.42,28.48,425.07,数码电子,TDK 4.7GB DVD-R,7月
2021-04-28,SO005499,华南,顺丰,3582.79,122.99,-1177.14,家具产品,Phone 918,4月
2021-12-06,SO005500,华东,顺丰,5236.14,399.98,567.59,数码电子,Xerox 193,12月
2021-12-06,SO005501,华东,顺丰,74.02,6.48,-28.45,办公用品,Xerox 1994,12月
2021-05-21,SO005502,华东,顺丰,1204.5095,55.99,-221.254,数码电子,Accessory36,5月
2021-05-21,SO005503,华东,顺丰,19.36,1.98,-1.0,办公用品,"Super Bands, 12/Pack",5月
2021-10-26,SO005504,华东,顺丰,418.03,8.09,-158.58,家具产品,Document Clip Frames,10月
2021-10-26,SO005505,华东,顺丰,336.86,14.2,36.32,家具产品,Document Clip Frames,10月
2021-12-22,SO005506,华东,顺丰,50.8,3.69,16.79,办公用品,Avery 501,12月
2021-12-22,SO005507,华东,顺丰,750.89,20.34,-1176.28,办公用品,Crate-A-Files™,12月
2021-02-22,SO005508,华东,顺丰,1633.37,34.99,144.69,办公用品,Newell 340,2月
2021-02-19,SO005509,华东,顺丰,512.33,10.35,250.66,办公用品,Avery 503,2月
2021-12-11,SO005510,华东,顺丰,222.65,5.28,-131.16,办公用品,Xerox 1928,12月
2021-06-23,SO005511,华东,顺丰,36.91,3.28,-27.72,办公用品,Newell 337,6月
2021-06-23,SO005512,华东,顺丰,2155.84,256.99,-267.63,数码电子,TDK 4.7GB DVD-R,6月
2021-06-23,SO005513,华东,顺丰,175.27,6.48,-33.67,办公用品,Xerox 23,6月
2021-09-07,SO005514,华东,顺丰,75.6,1.68,-225.2505,办公用品,3M Organizer Strips,9月
2021-02-05,SO005515,华东,顺丰,2595.07,194.3,1217.19,家具产品,Document Clip Frames,2月
2021-07-25,SO005516,华东,顺丰,182.4,178.47,-114.22,办公用品,Crate-A-Files™,7月
2021-07-25,SO005517,华东,顺丰,6004.35,300.97,1767.56,数码电子,TDK 4.7GB DVD-R,7月
2021-06-24,SO005518,华东,顺丰,2693.514,65.99,662.049,数码电子,StarTAC 7760,6月
2021-11-13,SO005519,华南,顺丰,627.453,125.99,-408.25399999999996,数码电子,M3682,11月
2021-11-13,SO005520,华南,顺丰,3000.88,58.14,-719.17,家具产品,Xerox 1907,11月
2021-11-13,SO005521,华南,顺丰,6118.38,209.84,2042.58,家具产品,Document Clip Frames,11月
2021-09-27,SO005522,华南,顺丰,2268.91,81.94,-624.29,家具产品,Xerox 1907,9月
2021-05-03,SO005523,华南,顺丰,1400.91,30.98,-163.53,办公用品,Grip Seal Envelopes,5月
2021-05-03,SO005524,华南,顺丰,2259.66,49.34,554.77,家具产品,Document Clip Frames,5月
2021-04-06,SO005525,华南,顺丰,6730.07,150.98,-1134.61,家具产品,Xerox 1907,4月
2021-05-17,SO005526,华南,顺丰,809.91,37.7,321.674,办公用品,3M Organizer Strips,5月
2021-05-17,SO005527,华南,顺丰,1027.66,19.98,184.07,办公用品,Xerox 217,5月
2021-05-17,SO005528,华南,顺丰,301.38,10.48,5.08,办公用品,Newell 340,5月
2021-08-26,SO005529,华南,顺丰,24.91,4.84,-0.9,办公用品,Newell 340,8月
2021-06-25,SO005530,华南,顺丰,9013.58,232.58,2574.36,办公用品,Holmes Odor Grabber,6月
2021-06-25,SO005531,华南,顺丰,175.42,5.98,-93.73,办公用品,Xerox 1920,6月
2021-01-16,SO005532,华南,顺丰,76.48,2.18,3.23,办公用品,Stockwell Push Pins,1月
2021-01-16,SO005533,东北,顺丰,373.27,179.29,-433.2901430000001,家具产品,KI Conference Tables,1月
2021-07-12,SO005534,华南,顺丰,391.9,35.44,-47.01,办公用品,Xerox 1880,7月
2021-07-12,SO005535,华北,顺丰,1451.59,55.48,435.11,办公用品,Xerox 194,7月
2021-07-14,SO005536,华北,顺丰,801.98,21.66,-99.95,办公用品,Holmes Odor Grabber,7月
2021-09-26,SO005537,东北,顺丰,373.48,40.98,112.05550000000001,办公用品,3M Organizer Strips,9月
2021-05-07,SO005538,华南,顺丰,198.08,4.28,32.69,办公用品,Newell 336,5月
2021-08-27,SO005539,华南,顺丰,64.09,15.57,3.72,办公用品,Grip Seal Envelopes,8月
2021-08-27,SO005540,华南,顺丰,36.41,2.61,9.94,办公用品,Avery 494,8月
2021-08-27,SO005541,华北,顺丰,981.26,60.98,-500.35,办公用品,Holmes Odor Grabber,8月
2021-01-18,SO005542,华北,顺丰,430.33,17.78,85.48,家具产品,Document Clip Frames,1月
2021-01-18,SO005543,西北,顺丰,1221.47,28.28,-233.14,办公用品,Crate-A-Files™,1月
2021-04-22,SO005544,华东,顺丰,324.2,7.1,-89.74600000000001,办公用品,3M Organizer Strips,4月
2021-04-22,SO005545,华东,顺丰,156.95,3.74,-32.52,办公用品,Rubber Band Ball,4月
2021-10-26,SO005546,华南,顺丰,464.695,35.99,107.505,数码电子,Accessory1,10月
2021-02-06,SO005547,华南,顺丰,65.78,5.81,-17.42,办公用品,"Super Bands, 12/Pack",2月
2021-04-22,SO005548,华南,顺丰,44.51,4.06,-43.48,办公用品,Holmes Odor Grabber,4月
2021-03-22,SO005549,华南,顺丰,33.54,6.84,-29.49,办公用品,Letter Slitter,3月
2021-03-22,SO005550,华南,顺丰,2232.66,152.48,-521.09,数码电子,TDK 4.7GB DVD-R,3月
2021-07-17,SO005551,华南,顺丰,184.77,5.74,-71.96,办公用品,Letter Slitter,7月
2021-09-13,SO005552,华东,顺丰,149.4,5.81,-126.0515,办公用品,3M Organizer Strips,9月
2021-10-09,SO005553,华北,顺丰,198.72,40.97,-34.43,家具产品,Document Clip Frames,10月
2021-02-17,SO005554,华北,顺丰,8955.34,320.98,2081.48,家具产品,Phone 918,2月
2021-02-17,SO005555,华北,顺丰,95.22,4.98,-33.4,办公用品,Xerox 217,2月
2021-05-25,SO005556,华北,顺丰,113.23,4.77,-45.64,数码电子,TDK 4.7GB DVD-R,5月
2021-05-25,SO005557,华北,顺丰,889.84,27.18,204.49,办公用品,Grip Seal Envelopes,5月
2021-11-09,SO005558,华北,顺丰,2754.93,92.23,-1.329999999999984,家具产品,Document Clip Frames,11月
2021-11-09,SO005559,华北,顺丰,19417.55,1270.99,8417.567000000001,办公用品,3M Organizer Strips,11月
2021-05-14,SO005560,东北,顺丰,931.08,29.89,269.6,数码电子,TDK 4.7GB DVD-R,5月
2021-08-06,SO005561,东北,顺丰,177.88,4.13,-146.97,办公用品,3M Organizer Strips,8月
2021-08-06,SO005562,东北,顺丰,139.59,4.48,5.9,办公用品,Grip Seal Envelopes,8月
2021-11-17,SO005563,东北,顺丰,218.29,9.49,-32.4336,数码电子,Xerox 193,11月
2021-12-17,SO005564,东北,顺丰,303.97,10.98,23.2985,办公用品,3M Organizer Strips,12月
2021-08-16,SO005565,东北,顺丰,1267.4605000000001,65.99,128.79,数码电子,i1000,8月
2021-05-26,SO005566,东北,顺丰,56.21,2.62,12.71,办公用品,"Super Bands, 12/Pack",5月
2021-06-13,SO005567,东北,顺丰,877.97,30.98,-144.2,数码电子,TDK 4.7GB DVD-R,6月
2021-06-02,SO005568,东北,顺丰,4842.21,122.99,-1975.26,家具产品,Phone 918,6月
2021-05-02,SO005569,东北,顺丰,172.42,7.1,-71.59899999999999,办公用品,3M Organizer Strips,5月
2021-05-02,SO005570,东北,顺丰,2033.9225,125.99,251.199,数码电子,i2000,5月
2021-06-22,SO005571,西南,顺丰,92.4,4.48,8.6,办公用品,Grip Seal Envelopes,6月
2021-08-12,SO005572,西南,顺丰,456.03,11.97,-61.61,办公用品,Newell 340,8月
2021-08-12,SO005573,华南,顺丰,2844.64,159.31,16.47,家具产品,KI Conference Tables,8月
2021-04-17,SO005574,华南,顺丰,1541.92,40.48,-564.06,数码电子,TDK 4.7GB DVD-R,4月
2021-04-17,SO005575,华南,顺丰,169.48,4.28,-134.76,办公用品,Xerox 199,4月
2021-04-17,SO005576,华南,顺丰,5347.9875,200.99,1332.441,数码电子,2160i,4月
2021-08-09,SO005577,华南,顺丰,112.35,4.13,31.27,办公用品,Avery 491,8月
2021-04-17,SO005578,华南,顺丰,213.35,6.88,63.78,办公用品,Xerox 217,4月
2021-09-04,SO005579,华南,顺丰,1112.54,27.18,352.96,办公用品,Grip Seal Envelopes,9月
2021-12-29,SO005580,华南,顺丰,166.17,5.08,-22.74,家具产品,Document Clip Frames,12月
2021-05-19,SO005581,华南,顺丰,10.48,3.52,-5.439500000000001,办公用品,3M Organizer Strips,5月
2021-08-02,SO005582,华南,顺丰,577.42,12.97,253.50400000000002,办公用品,3M Organizer Strips,8月
2021-08-02,SO005583,华南,顺丰,95.08,4.91,39.91,办公用品,Avery 508,8月
2021-05-14,SO005584,华南,顺丰,79.25,7.64,-13.25,办公用品,Xerox 217,5月
2021-12-17,SO005585,华南,顺丰,1283.68,39.98,202.47,家具产品,Document Clip Frames,12月
2021-12-17,SO005586,华南,顺丰,169.46,5.84,34.24,办公用品,Newell 312,12月
2021-01-04,SO005587,华南,顺丰,742.8,49.34,265.87,家具产品,Document Clip Frames,1月
2021-10-19,SO005588,华南,顺丰,1351.653,155.99,-202.851,数码电子,CF 688,10月
2021-10-19,SO005589,华南,顺丰,63.0,5.98,-17.48,办公用品,Xerox 1983,10月
2021-07-30,SO005590,华东,顺丰,1004.89,89.99,-189.02,家具产品,Phone 918,7月
2021-07-30,SO005591,华东,顺丰,329.06,7.28,-175.15,家具产品,Document Clip Frames,7月
2021-05-04,SO005592,华北,顺丰,14.61,2.88,1.17,办公用品,Avery 504,5月
2021-05-04,SO005593,华北,顺丰,665.7625,195.99,-773.3439999999999,数码电子,T28 WORLD,5月
2021-09-30,SO005594,华北,顺丰,856.15,21.38,330.0295,办公用品,3M Organizer Strips,9月
2021-03-23,SO005595,华北,顺丰,253.15,7.28,-72.43,数码电子,TDK 4.7GB DVD-R,3月
2021-11-09,SO005596,华北,顺丰,2337.89,55.48,729.34,办公用品,Xerox 194,11月
2021-08-10,SO005597,西北,顺丰,615.58,18.99,168.0025,办公用品,3M Organizer Strips,8月
2021-08-10,SO005598,西北,顺丰,8387.1,218.08,2113.95,家具产品,Phone 918,8月
2021-08-10,SO005599,西北,顺丰,126.02,20.24,66.97,家具产品,Document Clip Frames,8月
2021-08-10,SO005600,西北,顺丰,68.14,2.18,6.37,办公用品,Stockwell Push Pins,8月
2021-06-08,SO005601,西北,顺丰,738.8,328.14,-473.66,办公用品,Holmes Odor Grabber,6月
2021-06-08,SO005602,西北,顺丰,2750.7105,65.99,791.901,数码电子,8860,6月
2021-11-28,SO005603,西北,顺丰,835.48,43.57,-58.13,办公用品,Crate-A-Files™,11月
2021-07-06,SO005604,西北,顺丰,63.61,10.06,7.59,办公用品,Xerox 217,7月
2021-07-06,SO005605,西北,顺丰,519.9535,65.99,-107.987,数码电子,252,7月
2021-07-06,SO005606,西北,顺丰,5636.3075,155.99,1595.673,数码电子,CF 688,7月
2021-05-04,SO005607,西北,顺丰,955.29,115.99,-286.1952,数码电子,Xerox 193,5月
2021-06-27,SO005608,华东,顺丰,125.31,7.96,26.24,家具产品,Document Clip Frames,6月
2021-06-27,SO005609,华东,顺丰,11277.05,264.98,3497.45,数码电子,Xerox 193,6月
2021-06-27,SO005610,华东,顺丰,110.64,2.6,-62.6,办公用品,Newell 340,6月
2021-03-27,SO005611,华东,顺丰,140.59,17.98,-35.8788,数码电子,Xerox 193,3月
2021-06-07,SO005612,华东,顺丰,1683.69,48.04,809.97,办公用品,Xerox 1937,6月
2021-06-07,SO005613,华东,顺丰,2208.31,45.98,569.08,家具产品,Document Clip Frames,6月
2021-09-20,SO005614,华东,顺丰,82.43,4.06,-94.76,办公用品,Holmes Odor Grabber,9月
2021-09-20,SO005615,华东,顺丰,295.97,8.85,5.015,办公用品,3M Organizer Strips,9月
2021-09-20,SO005616,华东,顺丰,94.5,3.15,39.9,办公用品,Avery 520,9月
2021-09-02,SO005617,华东,顺丰,2026.42,39.98,655.36,办公用品,Grip Seal Envelopes,9月
2021-09-02,SO005618,华东,顺丰,3413.4555,125.99,868.473,数码电子,i2000,9月
2021-06-20,SO005619,华东,顺丰,323.63,8.04,-205.49349999999998,办公用品,3M Organizer Strips,6月
2021-02-02,SO005620,华东,顺丰,314.34,6.48,-130.5,办公用品,Xerox 21,2月
2021-04-09,SO005621,华东,顺丰,4075.376,115.99,841.725,数码电子,5185,4月
2021-01-01,SO005622,华东,顺丰,294.13,6.68,-123.07,办公用品,Xerox 1898,1月
2021-12-19,SO005623,华南,顺丰,1554.21,41.32,114.45,家具产品,Document Clip Frames,12月
2021-12-19,SO005624,华东,顺丰,1295.502,65.99,224.856,数码电子,StarTAC 7760,12月
2021-12-01,SO005625,华东,顺丰,4387.24,95.43,-286.47,办公用品,Crate-A-Files™,12月
2021-09-06,SO005626,华南,顺丰,447.42,9.99,41.3,办公用品,Xerox 1896,9月
2021-02-27,SO005627,华南,顺丰,71.47,4.98,-62.73,数码电子,TDK 4.7GB DVD-R,2月
2021-02-27,SO005628,华南,顺丰,1372.14,130.98,-340.98,家具产品,Xerox 1907,2月
2021-04-04,SO005629,华南,顺丰,125.41,4.38,-127.006,办公用品,Acco 3-Hole Punch,4月
2021-04-04,SO005630,华南,顺丰,3170.52,64.98,379.11,办公用品,Crate-A-Files™,4月
2021-04-04,SO005631,华南,顺丰,2488.477,155.99,142.551,数码电子,CF 688,4月
2021-02-22,SO005632,华南,顺丰,16.24,2.88,0.35000000000000053,办公用品,Avery 514,2月
2021-04-13,SO005633,华南,顺丰,16269.82,387.99,7050.333500000001,办公用品,3M Organizer Strips,4月
2021-04-13,SO005634,华南,顺丰,876.59,18.99,233.59699999999998,办公用品,3M Organizer Strips,4月
2021-04-13,SO005635,华南,顺丰,5000.87,124.49,-593.23,家具产品,KI Conference Tables,4月
2021-08-16,SO005636,华南,顺丰,90.88,2.18,8.06,办公用品,Stockwell Push Pins,8月
2021-03-05,SO005637,华南,顺丰,7663.74,150.98,-375.3321000000001,家具产品,KI Conference Tables,3月
2021-02-02,SO005638,华南,顺丰,363.92,8.09,-144.56,家具产品,Document Clip Frames,2月
2021-03-17,SO005639,华南,顺丰,82.21,3.38,15.25,办公用品,Xerox 217,3月
2021-08-29,SO005640,华南,顺丰,378.84,30.73,-99.38,数码电子,TDK 4.7GB DVD-R,8月
2021-05-10,SO005641,华南,顺丰,753.75,34.99,31.17,办公用品,Newell 340,5月
2021-02-24,SO005642,华南,顺丰,7778.758,175.99,2547.297,数码电子,5165,2月
2021-05-23,SO005643,华南,顺丰,113.33,2.78,-0.4025,办公用品,3M Organizer Strips,5月
2021-06-10,SO005644,华南,顺丰,169.27,34.58,-41.66,办公用品,Newell 340,6月
2021-06-07,SO005645,华南,顺丰,28.65,1.7,-23.86,数码电子,TDK 4.7GB DVD-R,6月
2021-06-07,SO005646,华南,顺丰,201.535,20.99,-122.617,数码电子,Accessory39,6月
2021-09-25,SO005647,华南,顺丰,224.58,6.3,108.49,办公用品,Avery 48,9月
2021-09-25,SO005648,华南,顺丰,138.59,3.69,62.73,办公用品,Avery 501,9月
2021-09-25,SO005649,华南,顺丰,97.06,5.06,-7.36,办公用品,3M Organizer Strips,9月
2021-02-24,SO005650,华南,顺丰,1736.53,39.48,457.03,办公用品,Holmes Odor Grabber,2月
2021-07-25,SO005651,华南,顺丰,873.82,45.98,244.45,家具产品,Document Clip Frames,7月
2021-07-25,SO005652,华南,顺丰,130.43,13.48,-8.7,办公用品,Crate-A-Files™,7月
2021-06-15,SO005653,华南,顺丰,157.99,4.24,-105.547,办公用品,3M Organizer Strips,6月
2021-06-15,SO005654,华南,顺丰,141.59,2.94,20.26,办公用品,Newell 338,6月
2021-08-30,SO005655,华北,顺丰,188.77,4.13,21.93,办公用品,Newell 31,8月
2021-11-30,SO005656,华南,顺丰,23300.12,2550.14,-217.46519999999845,数码电子,Xerox 193,11月
2021-03-10,SO005657,华东,顺丰,603.69,12.28,131.39,办公用品,Xerox 1933,3月
2021-06-07,SO005658,华北,顺丰,568.3355,65.99,-147.356,数码电子,8260,6月
2021-02-17,SO005659,东北,顺丰,21141.07,449.99,6225.36,数码电子,Canon PC940 Copier,2月
2021-02-17,SO005660,东北,顺丰,76.8655,20.99,-54.505,数码电子,Accessory21,2月
2021-02-17,SO005661,东北,顺丰,2157.3085,65.99,519.2460000000001,数码电子,3390,2月
2021-04-20,SO005662,华南,顺丰,200.38,160.98,-90.41,家具产品,Phone 918,4月
2021-04-20,SO005663,华北,顺丰,128.52,64.98,-110.07,办公用品,Crate-A-Files™,4月
2021-04-20,SO005664,华东,顺丰,6717.784,348.21,1903.1,家具产品,KI Conference Tables,4月
2021-01-09,SO005665,华东,顺丰,117.88,2.6,-71.0,办公用品,Newell 340,1月
2021-02-05,SO005666,华东,顺丰,557.35,11.5,-9.1885,办公用品,3M Organizer Strips,2月
2021-02-05,SO005667,华东,顺丰,490.87,9.68,190.93,办公用品,Xerox 217,2月
2021-02-04,SO005668,华南,顺丰,1001.17,19.98,333.18,办公用品,Xerox 217,2月
2021-01-31,SO005669,华北,顺丰,2188.06,49.99,33.77,数码电子,TDK 4.7GB DVD-R,1月
2021-02-03,SO005670,东北,顺丰,412.37,8.67,2.71,办公用品,Holmes Odor Grabber,2月
2021-09-24,SO005671,华北,顺丰,353.02,46.89,72.55,办公用品,Holmes Odor Grabber,9月
2021-02-09,SO005672,东北,顺丰,10318.72,240.98,1445.36,家具产品,Xerox 1907,2月
2021-05-02,SO005673,华南,顺丰,222.43,9.06,-119.31,办公用品,Xerox 217,5月
2021-02-23,SO005674,华东,顺丰,1363.0,50.98,149.83,家具产品,Phone 918,2月
2021-02-23,SO005675,华东,顺丰,4698.5,124.49,-219.375,家具产品,KI Conference Tables,2月
2021-02-23,SO005676,华东,顺丰,347.47,22.38,-86.204,办公用品,3M Organizer Strips,2月
2021-10-09,SO005677,华东,顺丰,109.37,10.89,-21.66,办公用品,Holmes Odor Grabber,10月
2021-10-09,SO005678,华北,顺丰,1461.1,31.78,674.46,数码电子,TDK 4.7GB DVD-R,10月
2021-10-09,SO005679,东北,顺丰,9.75,4.98,-6.72,办公用品,Xerox 1949,10月
2021-10-15,SO005680,东北,顺丰,1404.22,63.94,202.87,家具产品,Document Clip Frames,10月
2021-01-24,SO005681,西南,顺丰,1581.23,55.98,760.79,办公用品,Xerox 1934,1月
2021-04-10,SO005682,华南,顺丰,184.07,22.98,75.63,家具产品,Document Clip Frames,4月
2021-03-02,SO005683,华南,顺丰,421.36,8.62,-75.17,办公用品,Holmes Odor Grabber,3月
2021-09-02,SO005684,华南,顺丰,3130.2015,115.99,692.775,数码电子,6162m,9月
2021-10-06,SO005685,华北,顺丰,4506.85,160.98,290.66,家具产品,Phone 918,10月
2021-10-06,SO005686,华北,顺丰,2110.37,119.99,-14.4159,数码电子,Xerox 193,10月
2021-10-06,SO005687,华北,顺丰,1094.9105,35.99,-112.123,数码电子,Accessory27,10月
2021-06-30,SO005688,华北,顺丰,890.9,63.94,404.29,家具产品,Document Clip Frames,6月
2021-01-09,SO005689,东北,顺丰,839.07,16.74,212.7295,办公用品,3M Organizer Strips,1月
2021-01-09,SO005690,东北,顺丰,5643.49,122.99,-1857.06,家具产品,Phone 918,1月
2021-08-21,SO005691,东北,顺丰,3201.16,140.81,405.5,家具产品,Phone 918,8月
2021-04-09,SO005692,东北,顺丰,449.47,14.81,-190.49,办公用品,Holmes Odor Grabber,4月
2021-04-09,SO005693,西南,顺丰,80.61,2.78,-8.77,办公用品,Newell 318,4月
2021-10-12,SO005694,华南,顺丰,29.05,4.98,-20.9,数码电子,TDK 4.7GB DVD-R,10月
2021-11-04,SO005695,华南,顺丰,331.37,9.06,-172.17,办公用品,Xerox 217,11月
2021-11-04,SO005696,华北,顺丰,78.03,2.94,0.51,办公用品,Newell 332,11月
2021-11-26,SO005697,西北,顺丰,78.09,2.88,19.63,办公用品,Avery 474,11月
2021-11-26,SO005698,华东,顺丰,42.77,10.14,-1.19,办公用品,Xerox 217,11月
2021-06-23,SO005699,华东,顺丰,1484.49,67.28,230.50300000000001,办公用品,3M Organizer Strips,6月
2021-06-23,SO005700,华东,顺丰,740.49,42.76,88.9,办公用品,Crate-A-Files™,6月
2021-05-13,SO005701,华东,顺丰,152.55,3.69,-20.27,办公用品,Colored Envelopes,5月
2021-05-13,SO005702,华南,顺丰,152.96,4.28,-123.87,办公用品,Xerox 1953,5月
2021-01-03,SO005703,华南,顺丰,172.51,5.58,12.554499999999999,办公用品,3M Organizer Strips,1月
2021-01-03,SO005704,华南,顺丰,698.0,212.6,-93.16,家具产品,KI Conference Tables,1月
2021-12-19,SO005705,华南,顺丰,201.98,4.06,-245.67,办公用品,Holmes Odor Grabber,12月
2021-07-21,SO005706,华南,顺丰,240.49,56.96,-53.9,办公用品,Holmes Odor Grabber,7月
2021-02-18,SO005707,华南,顺丰,2905.3,98.31,1704.0,办公用品,Avery 498,2月
2021-07-24,SO005708,华北,顺丰,67.73,4.28,2.44,办公用品,Newell 336,7月
2021-01-10,SO005709,华北,顺丰,59.08,2.88,-2.6105,办公用品,3M Organizer Strips,1月
2021-01-10,SO005710,华北,顺丰,886.3629999999999,20.99,450.018,数码电子,Accessory21,1月
2021-07-18,SO005711,西北,顺丰,2192.439,65.99,517.815,数码电子,StarTAC 7760,7月
2021-04-21,SO005712,华东,顺丰,1243.88,30.98,22.71,办公用品,Newell 340,4月
2021-12-07,SO005713,华东,顺丰,7608.88,420.98,3049.4515,办公用品,3M Organizer Strips,12月
2021-12-07,SO005714,华南,顺丰,1270.03,26.48,221.81,家具产品,Document Clip Frames,12月
2021-12-27,SO005715,华北,顺丰,222.25,5.98,-63.77,办公用品,Xerox 1983,12月
2021-12-27,SO005716,华北,顺丰,388.7135,65.99,-190.42100000000002,数码电子,StarTAC 7760,12月
2021-09-17,SO005717,华北,顺丰,405.83,9.9,178.86,办公用品,Grip Seal Envelopes,9月
2021-03-13,SO005718,华北,顺丰,17.52,4.13,-12.1555,办公用品,3M Organizer Strips,3月
2021-12-21,SO005719,华北,顺丰,82.93,2.18,-10.32,办公用品,Advantus Push Pins,12月
2021-04-06,SO005720,华北,顺丰,2413.53,60.65,544.04,家具产品,Document Clip Frames,4月
2021-07-09,SO005721,华北,顺丰,6944.092000000001,179.99,1820.952,数码电子,CF 688,7月
2021-08-19,SO005722,华北,顺丰,573.97,18.97,55.82,办公用品,Xerox 1939,8月
2021-08-19,SO005723,华北,顺丰,223.79,5.28,-89.88,办公用品,Xerox 217,8月
2021-03-28,SO005724,华北,顺丰,66.83,4.28,-24.31,办公用品,Xerox 1971,3月
2021-03-28,SO005725,华北,顺丰,1407.515,35.99,657.45,数码电子,Accessory9,3月
2021-02-28,SO005726,华北,顺丰,19.2,2.21,-6.84,办公用品,Newell 327,2月
2021-04-05,SO005727,华北,顺丰,258.74,11.58,10.8,办公用品,Grip Seal Envelopes,4月
2021-08-17,SO005728,华北,顺丰,1982.16,40.99,267.1,办公用品,Xerox 217,8月
2021-10-29,SO005729,华北,顺丰,1617.91,100.98,-159.21,家具产品,Xerox 1907,10月
2021-02-17,SO005730,东北,顺丰,157.49,10.94,62.54,办公用品,Grip Seal Envelopes,2月
2021-04-28,SO005731,东北,顺丰,2753.07,67.28,551.3355,办公用品,3M Organizer Strips,4月
2021-01-07,SO005732,东北,顺丰,11.57,1.76,-2.06,办公用品,Newell 310,1月
2021-01-21,SO005733,东北,顺丰,111.04,2.61,45.1,办公用品,Avery 494,1月
2021-06-11,SO005734,东北,顺丰,1495.184,65.99,211.08599999999998,数码电子,5180,6月
2021-10-12,SO005735,东北,顺丰,103.55,6.68,19.59,办公用品,Newell 340,10月
2021-04-16,SO005736,东北,顺丰,217.69,11.33,-11.66,办公用品,Holmes Odor Grabber,4月
2021-02-13,SO005737,东北,顺丰,128.27,7.89,22.85,办公用品,"Super Bands, 12/Pack",2月
2021-11-17,SO005738,东北,顺丰,279.63,12.58,61.69,家具产品,Document Clip Frames,11月
2021-12-04,SO005739,东北,顺丰,260.31,6.48,-175.26,办公用品,Xerox 216,12月
2021-12-04,SO005740,东北,顺丰,101.34,5.68,26.11,办公用品,Grip Seal Envelopes,12月
2021-07-01,SO005741,东北,顺丰,129.16,6.48,-56.15,办公用品,Xerox 1894,7月
2021-09-03,SO005742,东北,顺丰,3361.02,115.99,26.05,数码电子,Xerox 193,9月
2021-04-13,SO005743,东北,顺丰,83.02,3.8,9.2395,办公用品,3M Organizer Strips,4月
2021-04-13,SO005744,东北,顺丰,10278.79,300.98,1512.07,家具产品,Phone 918,4月
2021-03-12,SO005745,西南,顺丰,4273.8,122.99,-1775.83,家具产品,Phone 918,3月
2021-09-06,SO005746,西南,顺丰,53.14,5.4,-41.262,办公用品,3M Organizer Strips,9月
2021-03-29,SO005747,西南,顺丰,447.23,20.24,122.78,家具产品,Document Clip Frames,3月
2021-07-15,SO005748,西南,顺丰,2688.0825,65.99,844.821,数码电子,V8160,7月
2021-11-24,SO005749,西南,顺丰,393.59,15.01,-8.0845,办公用品,3M Organizer Strips,11月
2021-11-24,SO005750,西南,顺丰,551.18,40.48,-326.97,数码电子,TDK 4.7GB DVD-R,11月
2021-11-24,SO005751,西南,顺丰,18.73,12.28,-6.68,办公用品,Crate-A-Files™,11月
2021-11-26,SO005752,西南,顺丰,323.96,8.09,-136.82,家具产品,Document Clip Frames,11月
2021-11-26,SO005753,华南,顺丰,175.85649999999998,20.99,-93.258,数码电子,Accessory29,11月
2021-03-31,SO005754,华南,顺丰,2732.01,119.99,-100.4676,数码电子,Xerox 193,3月
2021-05-23,SO005755,华南,顺丰,907.18,300.65,-236.6,办公用品,Holmes Odor Grabber,5月
2021-12-11,SO005756,华南,顺丰,12858.88,300.97,4833.27,数码电子,TDK 4.7GB DVD-R,12月
2021-12-11,SO005757,华南,顺丰,146.69,4.95,-64.05,家具产品,Document Clip Frames,12月
2021-09-13,SO005758,华南,顺丰,294.04,8.85,-5.531499999999999,办公用品,3M Organizer Strips,9月
2021-09-13,SO005759,华南,顺丰,2022.65,110.98,-157.63,家具产品,Phone 918,9月
2021-09-02,SO005760,华南,顺丰,155.73,7.4,42.86,办公用品,Xerox 217,9月
2021-07-29,SO005761,华南,顺丰,273.14,6.6,-96.9,数码电子,TDK 4.7GB DVD-R,7月
2021-07-29,SO005762,华南,顺丰,3100.1115,155.99,567.3689999999999,数码电子,300 Series Non-Flip,7月
2021-07-07,SO005763,华南,顺丰,192.18,7.1,-48.875,办公用品,3M Organizer Strips,7月
2021-09-12,SO005764,华南,顺丰,292.3405,85.99,-420.585,数码电子,Accessory4,9月
2021-05-27,SO005765,华南,顺丰,95.43,2.52,-103.96,办公用品,Newell 340,5月
2021-11-13,SO005766,华南,顺丰,49.49,1.76,-1.23,办公用品,Newell 326,11月
2021-11-13,SO005767,华南,顺丰,404.1495,45.99,-107.503,数码电子,600 Series Non-Flip,11月
2021-03-30,SO005768,华南,顺丰,23.84,3.15,5.88,办公用品,Avery 520,3月
2021-02-20,SO005769,华南,顺丰,1553.66,54.48,547.48,办公用品,Holmes Odor Grabber,2月
2021-02-20,SO005770,华南,顺丰,3276.9964999999997,125.99,653.058,数码电子,M70,2月
2021-05-23,SO005771,华南,顺丰,301.12,6.84,-206.05,办公用品,Letter Slitter,5月
2021-11-20,SO005772,华北,顺丰,7227.42,159.31,-385.00447700000007,家具产品,KI Conference Tables,11月
2021-11-20,SO005773,华北,顺丰,1836.1869999999997,55.99,-139.843,数码电子,Accessory36,11月
2021-11-20,SO005774,华北,顺丰,843.55,30.98,168.76,办公用品,Xerox 1979,11月
2021-10-09,SO005775,西北,顺丰,793.04,20.98,323.0765,办公用品,3M Organizer Strips,10月
2021-04-21,SO005776,西北,顺丰,382.29,30.98,61.47,办公用品,Xerox 1951,4月
2021-04-21,SO005777,西北,顺丰,881.74,22.99,18.27,办公用品,Newell 340,4月
2021-04-21,SO005778,西北,顺丰,22.61,14.97,-8.4,办公用品,Crate-A-Files™,4月
2021-04-21,SO005779,西北,顺丰,7384.18,212.6,-513.79042,家具产品,KI Conference Tables,4月
2021-05-02,SO005780,西北,顺丰,1233.22,29.89,385.46,数码电子,TDK 4.7GB DVD-R,5月
2021-05-02,SO005781,西北,顺丰,144.82,4.0,28.4,办公用品,Xerox 217,5月
2021-04-19,SO005782,西北,顺丰,709.37,89.99,-281.76,家具产品,Phone 918,4月
2021-04-19,SO005783,华东,顺丰,59.76,3.14,-33.11,办公用品,Letter Slitter,4月
2021-03-26,SO005784,华东,顺丰,137.54,34.98,-138.84,数码电子,TDK 4.7GB DVD-R,3月
2021-09-14,SO005785,华东,顺丰,363.16,14.27,3.9185000000000003,办公用品,3M Organizer Strips,9月
2021-09-14,SO005786,华东,顺丰,12571.63,300.98,5455.96,数码电子,Xerox 193,9月
2021-09-14,SO005787,华东,顺丰,128.86,5.84,24.53,办公用品,Newell 312,9月
2021-09-14,SO005788,华东,顺丰,17884.53,400.98,2357.86,家具产品,KI Conference Tables,9月
2021-11-21,SO005789,华东,顺丰,483.96,21.38,-34.09,办公用品,Newell 340,11月
2021-11-21,SO005790,华东,顺丰,308.36299999999994,35.99,42.27299999999995,数码电子,Accessory31,11月
2021-11-21,SO005791,华东,顺丰,1911.4035,85.99,822.888,数码电子,Accessory8,11月
2021-05-24,SO005792,华南,顺丰,6310.69,218.08,1318.83,家具产品,Phone 918,5月
2021-01-06,SO005793,东北,顺丰,298.97,6.48,-225.86,办公用品,Xerox 227,1月
2021-01-06,SO005794,华南,顺丰,159.05,20.34,-153.46,办公用品,Crate-A-Files™,1月
2021-07-07,SO005795,华南,顺丰,870.75,26.64,100.5,家具产品,Phone 918,7月
2021-07-07,SO005796,华南,顺丰,43.37,3.08,9.53,家具产品,Document Clip Frames,7月
2021-02-21,SO005797,华南,顺丰,61.22,1.74,-76.88,家具产品,Document Clip Frames,2月
2021-12-06,SO005798,华南,顺丰,322.46,11.34,54.29,办公用品,Xerox 188,12月
2021-09-03,SO005799,华南,顺丰,3702.92,76.72,541.92,办公用品,Holmes Odor Grabber,9月
2021-09-03,SO005800,华南,顺丰,53.99,1.88,-15.1225,办公用品,3M Organizer Strips,9月
2021-03-02,SO005801,华南,顺丰,862.2,30.73,-45.1,数码电子,TDK 4.7GB DVD-R,3月
2021-04-30,SO005802,华南,顺丰,938.37,21.98,251.17,办公用品,Newell 340,4月
2021-04-16,SO005803,华南,顺丰,3854.4,107.53,1116.98,家具产品,Document Clip Frames,4月
2021-09-22,SO005804,华南,顺丰,120.03,15.7,-56.06,办公用品,Crate-A-Files™,9月
2021-12-06,SO005805,华南,顺丰,18.81,5.78,-12.83,办公用品,Xerox 196,12月
2021-11-22,SO005806,华南,顺丰,553.3415,20.99,-67.705,数码电子,Accessory15,11月
2021-11-22,SO005807,华南,顺丰,142.12,9.78,54.91,办公用品,Grip Seal Envelopes,11月
2021-09-30,SO005808,华南,顺丰,52.93,5.58,5.34,办公用品,Newell 314,9月
2021-09-30,SO005809,华东,顺丰,145.13,5.78,-42.45,办公用品,Xerox 1899,9月
2021-07-14,SO005810,华北,顺丰,189.04,6.45,66.28,办公用品,Xerox 217,7月
2021-07-01,SO005811,东北,顺丰,253.26,29.17,49.657000000000004,办公用品,3M Organizer Strips,7月
2021-07-01,SO005812,东北,顺丰,6865.072,179.29,1117.24,家具产品,KI Conference Tables,7月
2021-07-13,SO005813,东北,顺丰,1314.64,55.48,575.38,办公用品,Xerox 217,7月
2021-09-12,SO005814,华北,顺丰,345.57,80.98,-218.77,办公用品,Crate-A-Files™,9月
2021-05-07,SO005815,华东,顺丰,1455.49,300.97,-807.59,数码电子,TDK 4.7GB DVD-R,5月
2021-01-10,SO005816,东北,顺丰,1782.68,107.53,280.64,家具产品,Document Clip Frames,1月
2021-10-18,SO005817,东北,顺丰,1333.19,60.65,331.48,家具产品,Document Clip Frames,10月
2021-07-04,SO005818,华南,顺丰,916.05,24.92,-21.896,办公用品,3M Organizer Strips,7月
2021-09-16,SO005819,华南,顺丰,260.96,6.48,-96.7,办公用品,Xerox 1894,9月
2021-01-31,SO005820,华南,顺丰,787.63,39.48,140.22,数码电子,TDK 4.7GB DVD-R,1月
2021-07-21,SO005821,华北,顺丰,121.74,14.28,21.003500000000003,办公用品,3M Organizer Strips,7月
2021-07-21,SO005822,华北,顺丰,700.366,205.99,-787.6990000000001,数码电子,3285,7月
2021-10-09,SO005823,华北,顺丰,1223.11,56.96,161.72,办公用品,Holmes Odor Grabber,10月
2021-02-02,SO005824,西北,顺丰,66.41,1.88,0.37,办公用品,Staples Pushpins,2月
2021-12-17,SO005825,西北,顺丰,346.2,7.38,-335.685,办公用品,3M Organizer Strips,12月
2021-12-17,SO005826,华东,顺丰,85.96,20.24,-7.48,家具产品,Document Clip Frames,12月
2021-12-17,SO005827,华东,顺丰,475.52,12.44,-70.43,办公用品,Crate-A-Files™,12月
2021-05-08,SO005828,华东,顺丰,423.3,419.19,-259.01,办公用品,Crate-A-Files™,5月
2021-09-23,SO005829,华东,顺丰,8273.2795,205.99,2461.311,数码电子,TimeportP7382,9月
2021-10-29,SO005830,华南,顺丰,5454.51,180.98,446.26,家具产品,Phone 918,10月
2021-10-29,SO005831,华南,顺丰,1264.17,29.89,433.34,数码电子,TDK 4.7GB DVD-R,10月
2021-05-12,SO005832,华南,顺丰,1449.45,41.94,620.0665,办公用品,3M Organizer Strips,5月
2021-05-12,SO005833,华南,顺丰,2702.3,70.98,-1330.78,家具产品,Phone 918,5月
2021-07-21,SO005834,华北,顺丰,18.92,11.5,-18.2505,办公用品,3M Organizer Strips,7月
2021-09-17,SO005835,东北,顺丰,263.81,5.4,-237.544,办公用品,3M Organizer Strips,9月
2021-11-16,SO005836,华南,顺丰,10134.55,599.99,-597.21,数码电子,Canon PC940 Copier,11月
2021-11-16,SO005837,华南,顺丰,1765.64,40.97,108.65,家具产品,Document Clip Frames,11月
2021-11-16,SO005838,华北,顺丰,156.5,6.48,-49.6,办公用品,Xerox 2,11月
2021-11-10,SO005839,华东,顺丰,80.92,7.64,-20.16,办公用品,Xerox 217,11月
2021-09-22,SO005840,华南,顺丰,92.94,4.91,37.77,办公用品,Avery 493,9月
2021-09-22,SO005841,华北,顺丰,6070.96,296.18,173.48,家具产品,KI Conference Tables,9月
2021-01-23,SO005842,华北,顺丰,221.08,4.91,-108.2035,办公用品,3M Organizer Strips,1月
2021-01-23,SO005843,华北,顺丰,280.87,5.38,-214.153,办公用品,3M Organizer Strips,1月
2021-04-20,SO005844,华北,顺丰,3640.83,100.98,-6.800000000000011,家具产品,Xerox 1907,4月
2021-04-20,SO005845,华北,顺丰,225.94,4.77,-89.13,数码电子,TDK 4.7GB DVD-R,4月
2021-05-31,SO005846,华北,顺丰,92.25,1.86,-104.8,办公用品,"Super Bands, 12/Pack",5月
2021-10-28,SO005847,华北,顺丰,302.94,15.51,-30.2,办公用品,Crate-A-Files™,10月
2021-09-24,SO005848,华北,顺丰,18561.31,500.98,4822.42,家具产品,Phone 918,9月
2021-05-03,SO005849,华北,顺丰,41.85,1.6,-8.44,办公用品,Newell 340,5月
2021-05-03,SO005850,华北,顺丰,2303.7125,65.99,398.223,数码电子,V 3600 Series,5月
2021-09-26,SO005851,华北,顺丰,6181.48,124.49,-194.83,家具产品,KI Conference Tables,9月
2021-02-06,SO005852,华北,顺丰,7548.65,160.98,1385.35,家具产品,Phone 918,2月
2021-02-06,SO005853,华北,顺丰,1318.8684999999998,65.99,172.332,数码电子,StarTAC 7760,2月
2021-07-21,SO005854,华北,顺丰,617.34,12.28,47.1,办公用品,Xerox 1881,7月
2021-07-21,SO005855,东北,顺丰,60.76,3.7,5.25,家具产品,Document Clip Frames,7月
2021-12-03,SO005856,东北,顺丰,2289.92,104.85,1037.55,办公用品,Xerox 1941,12月
2021-06-06,SO005857,东北,顺丰,906.07,20.15,-2.66,办公用品,Newell 340,6月
2021-09-20,SO005858,东北,顺丰,283.82,11.97,-38.94,办公用品,Newell 340,9月
2021-02-10,SO005859,东北,顺丰,138.24,6.37,-48.2195,办公用品,3M Organizer Strips,2月
2021-12-25,SO005860,东北,顺丰,114.57,24.92,-29.9805,办公用品,3M Organizer Strips,12月
2021-06-23,SO005861,东北,顺丰,4514.86,200.98,-641.09,家具产品,Xerox 1907,6月
2021-06-23,SO005862,东北,顺丰,79.14,2.78,-4.73,办公用品,Newell 333,6月
2021-12-19,SO005863,东北,顺丰,4115.74,120.98,1719.4735,办公用品,3M Organizer Strips,12月
2021-12-01,SO005864,东北,顺丰,1541.458,55.99,-238.161,数码电子,Accessory36,12月
2021-11-09,SO005865,东北,顺丰,3636.91,122.99,-1284.24,家具产品,Phone 918,11月
2021-12-08,SO005866,东北,顺丰,57.35,8.33,-28.55,数码电子,TDK 4.7GB DVD-R,12月
2021-12-08,SO005867,东北,顺丰,371.45,34.99,17.73,办公用品,Newell 340,12月
2021-08-14,SO005868,西南,顺丰,5294.48,107.53,1521.31,家具产品,Document Clip Frames,8月
2021-08-14,SO005869,华南,顺丰,423.15,16.98,-47.28,办公用品,Newell 340,8月
2021-08-14,SO005870,华南,顺丰,2762.857,115.99,722.241,数码电子,282,8月
2021-12-04,SO005871,华南,顺丰,54.8,9.78,-15.3,数码电子,TDK 4.7GB DVD-R,12月
2021-12-04,SO005872,华南,顺丰,1038.19,25.98,230.69,办公用品,Newell 340,12月
2021-03-03,SO005873,华南,顺丰,596.156,28.99,-97.922,数码电子,CF 688,3月
2021-06-20,SO005874,华南,顺丰,1062.2195,65.99,132.372,数码电子,3390,6月
2021-12-03,SO005875,华南,顺丰,638.91,12.98,77.48,办公用品,Letter Slitter,12月
2021-07-13,SO005876,华南,顺丰,237.28,4.48,-2088.68,办公用品,Holmes Odor Grabber,7月
2021-12-22,SO005877,华南,顺丰,3323.44,152.48,99.87999999999994,数码电子,TDK 4.7GB DVD-R,12月
2021-12-22,SO005878,华南,顺丰,27.9,4.28,-22.82,办公用品,Xerox 1927,12月
2021-09-30,SO005879,华南,顺丰,23106.46,896.99,9527.471500000001,办公用品,3M Organizer Strips,9月
2021-09-30,SO005880,华南,顺丰,2549.58,243.98,41.53,家具产品,Phone 918,9月
2021-01-27,SO005881,华南,顺丰,6688.66,315.98,2648.0815,办公用品,3M Organizer Strips,1月
2021-01-27,SO005882,华南,顺丰,247.45,9.98,-133.18,家具产品,Document Clip Frames,1月
2021-01-27,SO005883,华南,顺丰,685.7205,115.99,-278.872,数码电子,6160,1月
2021-01-27,SO005884,华南,顺丰,3232.1335,95.99,696.951,数码电子,600 Series Flip,1月
2021-10-05,SO005885,华南,顺丰,5105.06,320.64,467.12430000000006,家具产品,KI Conference Tables,10月
2021-12-09,SO005886,华南,顺丰,204.99,4.98,-95.9905,办公用品,3M Organizer Strips,12月
2021-09-11,SO005887,华南,顺丰,273.42,34.54,10.064,办公用品,3M Organizer Strips,9月
2021-09-11,SO005888,华南,顺丰,5158.09,500.98,969.05,数码电子,Xerox 193,9月
2021-05-27,SO005889,华北,顺丰,836.59,17.99,-106.8,办公用品,Newell 340,5月
2021-05-27,SO005890,华北,顺丰,58.14,2.78,-2.23,办公用品,Newell 340,5月
2021-05-27,SO005891,华北,顺丰,891.6075,20.99,100.59299999999999,数码电子,Newell 333,5月
2021-06-23,SO005892,华北,顺丰,1130.8059999999998,65.99,95.148,数码电子,CF 688,6月
2021-07-04,SO005893,西北,顺丰,157.51,18.94,46.478,办公用品,T193,7月
2021-07-04,SO005894,西北,顺丰,97.78,2.98,-31.22,办公用品,Newell 340,7月
2021-08-22,SO005895,西北,顺丰,3277.39,73.98,286.01,数码电子,TDK 4.7GB DVD-R,8月
2021-08-22,SO005896,西北,顺丰,7817.45,150.89,-1303.6,家具产品,Phone 918,8月
2021-10-16,SO005897,西北,顺丰,63.93,9.77,40.63,家具产品,Document Clip Frames,10月
2021-10-16,SO005898,华东,顺丰,570.98,258.98,-340.48,家具产品,Phone 918,10月
2021-02-17,SO005899,华东,顺丰,5361.08,120.97,1841.92,数码电子,Xerox 193,2月
2021-07-21,SO005900,华东,顺丰,3441.09,80.97,431.95,数码电子,Xerox 193,7月
2021-07-21,SO005901,华东,顺丰,209.61,5.28,-96.29,办公用品,Xerox 217,7月
2021-05-06,SO005902,华东,顺丰,461.05,9.65,-38.39,家具产品,Document Clip Frames,5月
2021-11-26,SO005903,华东,顺丰,475.9,19.98,110.44,办公用品,Xerox 217,11月
2021-02-28,SO005904,华东,顺丰,1979.47,120.98,690.268,办公用品,Xerox 1936,2月
2021-02-28,SO005905,华南,顺丰,187.8,8.32,-41.83,数码电子,TDK 4.7GB DVD-R,2月
2021-02-28,SO005906,华东,顺丰,2823.037,125.99,372.402,数码电子,CF 688,2月
2021-05-22,SO005907,华东,顺丰,846.59,40.89,-1.9499999999999886,家具产品,V3682,5月
2021-01-10,SO005908,华南,顺丰,27663.92,3499.99,-391.92,数码电子,Canon PC940 Copier,1月
2021-02-23,SO005909,华南,顺丰,16313.51,500.98,4860.73,家具产品,Phone 918,2月
2021-02-23,SO005910,华南,顺丰,337.38,11.58,-5.45,办公用品,Grip Seal Envelopes,2月
2021-02-05,SO005911,华南,顺丰,112.57,6.48,-28.53,办公用品,Xerox 217,2月
2021-02-05,SO005912,华南,顺丰,1562.69,34.76,287.74,办公用品,Xerox 23,2月
2021-07-13,SO005913,华南,顺丰,2332.23,48.04,1085.93,办公用品,Xerox 217,7月
2021-12-12,SO005914,华南,顺丰,364.69,16.91,-22.4,办公用品,Xerox 1885,12月
2021-12-12,SO005915,华南,顺丰,86.3,4.89,-68.67,数码电子,TDK 4.7GB DVD-R,12月
2021-10-21,SO005916,华南,顺丰,6481.048000000001,320.64,1760.11,家具产品,KI Conference Tables,10月
2021-02-04,SO005917,华南,顺丰,4610.35,145.45,751.58,数码电子,Xerox 193,2月
2021-02-04,SO005918,华南,顺丰,610.07,33.94,-157.56,家具产品,Phone 918,2月
2021-02-04,SO005919,华南,顺丰,181.49,13.43,-29.54,办公用品,Crate-A-Files™,2月
2021-12-18,SO005920,华南,顺丰,1773.86,50.98,133.3,家具产品,Phone 918,12月
2021-12-18,SO005921,华南,顺丰,543.22,14.58,68.44,家具产品,Document Clip Frames,12月
2021-12-18,SO005922,华南,顺丰,813.9,45.98,256.66,家具产品,Document Clip Frames,12月
2021-09-24,SO005923,东北,顺丰,338.85,7.3,-170.177,办公用品,3M Organizer Strips,9月
2021-09-24,SO005924,东北,顺丰,43.25,3.95,-9.68,办公用品,"Super Bands, 12/Pack",9月
2021-09-14,SO005925,华北,顺丰,94.55,2.88,6.7405,办公用品,3M Organizer Strips,9月
2021-01-10,SO005926,华南,顺丰,188.34,5.18,-110.1585,办公用品,3M Organizer Strips,1月
2021-01-10,SO005927,华南,顺丰,32.49,10.94,-5.05,办公用品,Grip Seal Envelopes,1月
2021-01-10,SO005928,华北,顺丰,1493.858,65.99,183.24,数码电子,CF 688,1月
2021-12-18,SO005929,华东,顺丰,76.42,4.76,-3.95,办公用品,6120,12月
2021-12-11,SO005930,华东,顺丰,5526.16,140.81,1263.98,家具产品,Phone 918,12月
2021-12-11,SO005931,华北,顺丰,236.89,6.48,-86.3,办公用品,Xerox 217,12月
2021-12-11,SO005932,华南,顺丰,68.42,2.08,-57.97,办公用品,Xerox 1894,12月
2021-07-22,SO005933,华南,顺丰,50.15,2.78,-2.39,办公用品,Newell 340,7月
2021-12-24,SO005934,华北,顺丰,2744.361,195.99,201.03300000000002,数码电子,Newell 339,12月
2021-02-18,SO005935,华北,顺丰,673.92,31.78,224.71,数码电子,T28 WORLD,2月
2021-02-18,SO005936,华南,顺丰,540.56,28.28,-93.46,办公用品,Crate-A-Files™,2月
2021-11-12,SO005937,华东,顺丰,670.03,64.65,-326.47,办公用品,Crate-A-Files™,11月
2021-10-20,SO005938,华南,顺丰,45.31,3.98,-10.64,办公用品,Xerox 217,10月
2021-12-15,SO005939,华东,顺丰,4408.6695,155.99,1140.669,数码电子,Unpadded Memo Slips,12月
2021-05-30,SO005940,华北,顺丰,1201.934,28.99,47.421,数码电子,T39m,5月
2021-05-30,SO005941,华北,顺丰,395.84,9.77,8.42,家具产品,Document Clip Frames,5月
2021-03-29,SO005942,华北,顺丰,324.55,67.84,-12.82,办公用品,Holmes Odor Grabber,3月
2021-03-29,SO005943,华北,顺丰,8901.78,276.2,2795.36,家具产品,Phone 918,3月
2021-03-21,SO005944,华东,顺丰,110.96,2.61,35.92,办公用品,Avery 498,3月
2021-05-24,SO005945,华东,顺丰,569.92,12.22,154.09,家具产品,Avery 494,5月
2021-05-24,SO005946,华北,顺丰,183.65,6.48,-59.96,办公用品,Xerox 217,5月
2021-04-01,SO005947,华北,顺丰,265.31,11.5,-33.189,办公用品,Xerox 226,4月
2021-04-01,SO005948,华北,顺丰,1444.88,100.97,236.61,数码电子,TDK 4.7GB DVD-R,4月
2021-04-01,SO005949,华北,顺丰,2287.1,99.99,231.49,数码电子,Xerox 193,4月
2021-03-11,SO005950,华北,顺丰,1876.09,43.41,809.7355,办公用品,3M Organizer Strips,3月
2021-03-11,SO005951,东北,顺丰,145.26,7.35,-35.75,办公用品,Xerox 217,3月
2021-04-26,SO005952,西南,顺丰,3060.37,77.51,234.03,数码电子,TDK 4.7GB DVD-R,4月
2021-04-26,SO005953,华南,顺丰,25.31,4.84,-0.5,办公用品,Newell 340,4月
2021-09-03,SO005954,华南,顺丰,2296.76,99.99,241.15,数码电子,TDK 4.7GB DVD-R,9月
2021-09-03,SO005955,华南,顺丰,508.49,12.07,-28.81,家具产品,Document Clip Frames,9月
2021-06-30,SO005956,华南,顺丰,1431.0,30.98,-55.78,数码电子,TDK 4.7GB DVD-R,6月
2021-09-14,SO005957,华北,顺丰,36.46,8.69,-7.406000000000001,办公用品,3M Organizer Strips,9月
2021-09-14,SO005958,华北,顺丰,773.83,40.98,146.79,办公用品,Holmes Odor Grabber,9月
2021-09-14,SO005959,华北,顺丰,47.4,2.28,-63.03,办公用品,Newell 340,9月
2021-06-12,SO005960,西北,顺丰,79.98,4.86,-56.56,家具产品,Document Clip Frames,6月
2021-08-06,SO005961,西北,顺丰,854.23,20.48,67.14,办公用品,Holmes Odor Grabber,8月
2021-08-06,SO005962,东北,顺丰,47.91,1.86,-58.83,办公用品,"Super Bands, 12/Pack",8月
2021-08-06,SO005963,华东,顺丰,6427.258,205.99,1636.407,数码电子,"Super Bands, 12/Pack",8月
2021-07-21,SO005964,华东,顺丰,3361.7585,205.99,394.353,数码电子,V70,7月
2021-11-02,SO005965,华东,顺丰,63.91,4.14,-44.47,家具产品,TimeportP7382,11月
2021-11-02,SO005966,华东,顺丰,1909.0064999999997,65.99,344.133,数码电子,CF 688,11月
2021-02-12,SO005967,华南,顺丰,206.54,6.48,-178.82,办公用品,SC-3160,2月
2021-09-04,SO005968,华南,顺丰,9501.624000000002,286.85,-686.45,家具产品,Xerox 1993,9月
2021-09-04,SO005969,华南,顺丰,318.14,12.28,49.67,办公用品,Xerox 217,9月
2021-08-14,SO005970,华南,顺丰,3412.08,70.98,239.23,家具产品,Xerox 1907,8月
2021-08-14,SO005971,东北,顺丰,1311.68,40.99,230.37,办公用品,Xerox 217,8月
2021-08-05,SO005972,东北,顺丰,786.26,17.48,274.98,数码电子,Xerox 1893,8月
2021-11-21,SO005973,华南,顺丰,125.27,3.81,-105.8345,办公用品,3M Organizer Strips,11月
2021-08-17,SO005974,华北,顺丰,127.32,10.91,22.9585,办公用品,3M Organizer Strips,8月
2021-07-17,SO005975,华北,顺丰,205.32,10.01,37.3,数码电子,TDK 4.7GB DVD-R,7月
2021-07-17,SO005976,华北,顺丰,807.6,16.74,214.30200000000002,办公用品,TDK 4.7GB DVD-R,7月
2021-07-17,SO005977,华北,顺丰,694.17,59.78,174.216,办公用品,3M Organizer Strips,7月
2021-10-01,SO005978,华北,顺丰,138.45,2.94,24.34,办公用品,Newell 340,10月
2021-08-09,SO005979,华北,顺丰,865.27,19.98,11.55,数码电子,Newell 338,8月
2021-08-09,SO005980,华北,顺丰,429.28,10.97,-168.95,数码电子,TDK 4.7GB DVD-R,8月
2021-06-20,SO005981,华北,顺丰,117.84,3.08,30.76,办公用品,Avery 498,6月
2021-06-20,SO005982,华北,顺丰,121.2,2.78,-20.2,办公用品,Avery 481,6月
2021-01-21,SO005983,华北,顺丰,81.68,5.98,-25.22,办公用品,Newell 318,1月
2021-08-09,SO005984,华北,顺丰,10994.74,400.97,3612.58,数码电子,Xerox 193,8月
2021-03-05,SO005985,华北,顺丰,19461.8,449.99,7752.01,数码电子,Canon PC940 Copier,3月
2021-03-05,SO005986,华北,顺丰,313.85,21.38,-31.37,办公用品,Canon PC940 Copier,3月
2021-06-19,SO005987,华北,顺丰,164.5,5.84,62.68,办公用品,Newell 340,6月
2021-12-21,SO005988,华北,顺丰,102.32,6.48,-32.7,办公用品,Xerox 217,12月
2021-10-14,SO005989,华北,顺丰,238.88,22.38,-48.208,办公用品,Xerox 1994,10月
2021-10-14,SO005990,华北,顺丰,1235.29,30.98,53.63,数码电子,TDK 4.7GB DVD-R,10月
2021-10-14,SO005991,华北,顺丰,1928.3269999999998,195.99,-253.374,数码电子,CF 688,10月
2021-11-08,SO005992,华北,顺丰,934.87,31.74,98.6935,办公用品,T28 WORLD,11月
2021-11-08,SO005993,东北,顺丰,2130.82,120.98,818.9155,办公用品,3M Organizer Strips,11月
2021-03-09,SO005994,东北,顺丰,44.89,1.95,-17.13,办公用品,Newell 340,3月
2021-02-05,SO005995,东北,顺丰,1836.06,48.92,437.07,办公用品,Holmes Odor Grabber,2月
2021-02-05,SO005996,东北,顺丰,21.03,8.69,-10.4765,办公用品,3M Organizer Strips,2月
2021-02-23,SO005997,东北,顺丰,1356.45,35.44,47.65,办公用品,Xerox 217,2月
2021-02-23,SO005998,东北,顺丰,250.75,17.7,-43.52,办公用品,Xerox 1880,2月
2021-02-23,SO005999,东北,顺丰,313.05,9.78,81.87,数码电子,TDK 4.7GB DVD-R,2月
2021-02-23,SO006000,东北,顺丰,161.28,3.49,56.73,办公用品,"Super Bands, 12/Pack",2月
2021-02-23,SO006001,东北,顺丰,200.7,6.48,-147.72,办公用品,Xerox 217,2月
2021-10-10,SO006002,东北,顺丰,6.34,2.78,-4.44,办公用品,Xerox 1996,10月
2021-10-10,SO006003,东北,顺丰,57.15,5.98,-33.95,办公用品,Newell 339,10月
2021-10-10,SO006004,东北,顺丰,2996.93,60.22,1060.87,办公用品,Xerox 1920,10月
2021-02-06,SO006005,东北,顺丰,1062.9589999999998,85.99,298.476,数码电子,CF 688,2月
2021-08-12,SO006006,东北,顺丰,44.25,4.24,-14.3635,办公用品,Accessory12,8月
2021-09-12,SO006007,东北,顺丰,7468.86,200.98,2155.41,家具产品,Phone 918,9月
2021-09-22,SO006008,东北,顺丰,283.8,8.69,47.5235,办公用品,3M Organizer Strips,9月
2021-01-11,SO006009,西南,顺丰,1940.32,146.34,-18.81,家具产品,KI Conference Tables,1月
2021-08-14,SO006010,华南,顺丰,51.75,5.58,4.16,办公用品,Newell 340,8月
2021-03-25,SO006011,华南,顺丰,29.66,4.98,-32.78,数码电子,Newell 314,3月
2021-04-06,SO006012,华南,顺丰,9459.94,300.98,2023.75,家具产品,Xerox 1907,4月
2021-05-05,SO006013,华南,顺丰,1199.336,349.45,224.8,家具产品,KI Conference Tables,5月
2021-05-09,SO006014,华南,顺丰,257.66,6.48,-69.23,数码电子,TDK 4.7GB DVD-R,5月
2021-05-09,SO006015,华南,顺丰,211.4,12.53,91.63,办公用品,Avery 498,5月
2021-05-09,SO006016,华南,顺丰,287.22,6.68,-72.93,办公用品,Avery 485,5月
2021-05-09,SO006017,华南,顺丰,1148.0355,65.99,21.978,数码电子,Xerox 195,5月
2021-10-03,SO006018,华南,顺丰,945.54,19.98,254.58,办公用品,i270,10月
2021-06-15,SO006019,华南,顺丰,146.68,5.28,-8.326,办公用品,Xerox 1936,6月
2021-09-28,SO006020,华南,顺丰,18697.24,420.98,8918.735499999999,办公用品,3M Organizer Strips,9月
2021-09-28,SO006021,华南,顺丰,786.13,16.74,-236.12,办公用品,Crate-A-Files™,9月
2021-05-24,SO006022,华南,顺丰,2447.65,46.94,1170.35,家具产品,Document Clip Frames,5月
2021-05-24,SO006023,华南,顺丰,1069.64,161.55,-139.75,办公用品,Crate-A-Files™,5月
2021-12-20,SO006024,华南,顺丰,248.86,5.98,-168.67,办公用品,Xerox 217,12月
2021-12-20,SO006025,华南,顺丰,278.01,6.48,-202.31,办公用品,Xerox 1920,12月
2021-12-22,SO006026,华南,顺丰,710.328,65.99,-10.295999999999992,数码电子,Xerox 227,12月
2021-10-07,SO006027,华南,顺丰,1152.16,48.92,286.98,办公用品,Holmes Odor Grabber,10月
2021-10-07,SO006028,华南,顺丰,19.9,7.38,15.97,家具产品,3390,10月
2021-05-02,SO006029,华南,顺丰,231.06,12.28,-29.83,办公用品,Crate-A-Files™,5月
2021-04-29,SO006030,华东,顺丰,5510.23,500.98,915.8,家具产品,Phone 918,4月
2021-04-29,SO006031,华东,顺丰,177.06,8.45,-100.61,办公用品,Letter Slitter,4月
2021-01-18,SO006032,华北,顺丰,4072.8175,115.99,897.363,数码电子,CF 688,1月
2021-08-24,SO006033,华北,顺丰,341.71,10.98,32.189499999999995,办公用品,"Elite 5"" Scissors",8月
2021-11-10,SO006034,华北,顺丰,1769.74,152.48,-333.69,数码电子,V66,11月
2021-11-10,SO006035,华北,顺丰,638.07,15.04,278.89,办公用品,Xerox 217,11月
2021-10-13,SO006036,西北,顺丰,241.92,10.14,67.71,办公用品,Xerox 217,10月
2021-02-16,SO006037,西北,顺丰,141.56,5.28,-2.852,办公用品,3M Organizer Strips,2月
2021-06-25,SO006038,华东,顺丰,49.14,4.28,-22.56,办公用品,Xerox 217,6月
2021-10-06,SO006039,华东,顺丰,387.79,7.64,-56.51,办公用品,Xerox 217,10月
2021-06-01,SO006040,华东,顺丰,24.32,4.71,-2.97,办公用品,Xerox 1980,6月
2021-06-01,SO006041,华东,顺丰,344.301,55.99,-22.902,数码电子,CF 688,6月
2021-12-20,SO006042,华东,顺丰,129.9,9.06,-63.51,办公用品,Xerox 217,12月
2021-07-08,SO006043,华东,顺丰,135.38,7.98,-71.12,办公用品,Crate-A-Files™,7月
2021-10-27,SO006044,华东,顺丰,204.07,11.97,-22.55,办公用品,Accessory32,10月
2021-03-12,SO006045,华东,顺丰,12098.87,400.98,-969.0483660000001,家具产品,KI Conference Tables,3月
2021-01-08,SO006046,华东,顺丰,162.57,3.75,75.8,办公用品,Iris Project Case,1月
2021-06-10,SO006047,华东,顺丰,35.68,9.78,-11.43,办公用品,Grip Seal Envelopes,6月
2021-06-10,SO006048,华东,顺丰,234.76,21.38,-45.65,办公用品,Newell 340,6月
2021-06-10,SO006049,华东,顺丰,498.49,145.98,-251.41,家具产品,Avery 510,6月
2021-05-04,SO006050,华东,顺丰,52.59,11.35,-30.39,办公用品,Crate-A-Files™,5月
2021-05-22,SO006051,华东,顺丰,648.26,14.27,30.481,办公用品,3M Organizer Strips,5月
2021-05-22,SO006052,华东,顺丰,410.43,9.49,-54.583800000000004,数码电子,Xerox 193,5月
2021-05-22,SO006053,华东,顺丰,468.95,11.5,-2.3804999999999996,办公用品,3M Organizer Strips,5月
2021-10-06,SO006054,华东,顺丰,1143.4285,195.99,-475.66200000000003,数码电子,CF 688,10月
2021-11-18,SO006055,华南,顺丰,9750.55,216.6,1061.61,家具产品,Phone 918,11月
2021-12-29,SO006056,华南,顺丰,178.7,3.95,-164.92,办公用品,Holmes Odor Grabber,12月
2021-09-16,SO006057,华南,顺丰,2104.991,125.99,165.447,数码电子,T65,9月
2021-05-01,SO006058,华东,顺丰,2770.79,90.98,109.39,家具产品,Phone 918,5月
2021-05-30,SO006059,华东,顺丰,3510.82,896.99,232.44099999999997,办公用品,3M Organizer Strips,5月
2021-07-27,SO006060,华南,顺丰,1318.34,105.34,464.05,家具产品,Document Clip Frames,7月
2021-07-27,SO006061,华南,顺丰,1587.59,39.89,651.74,家具产品,Document Clip Frames,7月
2021-10-09,SO006062,华南,顺丰,233.2,5.68,74.83,办公用品,Xerox 217,10月
2021-10-09,SO006063,华南,顺丰,245.53,10.14,83.16,办公用品,Accessory13,10月
2021-04-22,SO006064,华南,顺丰,2437.67,50.98,25.68,家具产品,StarTAC 6500,4月
2021-04-22,SO006065,华南,顺丰,1438.33,34.76,163.38,办公用品,Crate-A-Files™,4月
2021-04-14,SO006066,华南,顺丰,904.12,225.04,28.81,办公用品,Holmes Odor Grabber,4月
2021-06-14,SO006067,华南,顺丰,5301.2,105.29,1126.72,家具产品,Document Clip Frames,6月
2021-06-14,SO006068,华南,顺丰,418.44,31.76,-407.17,家具产品,KI Conference Tables,6月
2021-06-16,SO006069,华南,顺丰,3636.37,113.98,-176.91,家具产品,Phone 918,6月
2021-07-21,SO006070,华南,顺丰,1184.03,30.73,-20.79,数码电子,TDK 4.7GB DVD-R,7月
2021-10-28,SO006071,华南,顺丰,4648.52,100.97,1676.7,数码电子,Xerox 193,10月
2021-12-21,SO006072,华南,顺丰,281.84,15.01,-21.85,办公用品,3M Organizer Strips,12月
2021-12-21,SO006073,华南,顺丰,509.52,20.97,-145.78,数码电子,TDK 4.7GB DVD-R,12月
2021-12-21,SO006074,华北,顺丰,97.02,10.01,-3.96,数码电子,TDK 4.7GB DVD-R,12月
2021-02-06,SO006075,华东,顺丰,21.01,4.98,-9.69,办公用品,Xerox 217,2月
2021-02-06,SO006076,华东,顺丰,3457.99,3499.99,-11861.46,数码电子,Canon PC940 Copier,2月
2021-09-12,SO006077,华北,顺丰,4722.83,165.98,1749.7759999999998,办公用品,3M Organizer Strips,9月
2021-02-26,SO006078,华北,顺丰,6069.05,155.06,1816.71,办公用品,Crate-A-Files™,2月
2021-03-14,SO006079,西北,顺丰,1334.05,30.56,581.7655,办公用品,3M Organizer Strips,3月
2021-03-14,SO006080,华东,顺丰,6552.86,137.48,-692.82,家具产品,Xerox 1907,3月
2021-03-18,SO006081,华东,顺丰,130.16,5.98,-49.53,办公用品,Xerox 217,3月
2021-05-13,SO006082,华南,顺丰,7667.78,306.14,1494.01,数码电子,Xerox 193,5月
2021-05-13,SO006083,华北,顺丰,1305.85,30.98,65.01,办公用品,TDK 4.7GB DVD-R,5月
2021-07-03,SO006084,华北,顺丰,28.34,1.48,1.68,办公用品,Xerox 1989,7月
2021-07-31,SO006085,东北,顺丰,554.32,172.99,-62.1345,办公用品,3M Organizer Strips,7月
2021-07-31,SO006086,东北,顺丰,1073.567,85.99,-305.965,数码电子,CF 688,7月
2021-02-14,SO006087,东北,顺丰,225.16,6.68,-33.69,办公用品,Xerox 217,2月
2021-08-23,SO006088,东北,顺丰,587.88,35.41,135.37,数码电子,TDK 4.7GB DVD-R,8月
2021-06-09,SO006089,华南,顺丰,2207.9,49.34,579.76,家具产品,Document Clip Frames,6月
2021-06-09,SO006090,华南,顺丰,139.93,3.28,-3.06,办公用品,Xerox 1974,6月
2021-06-09,SO006091,华北,顺丰,15.45,1.81,-7.75,办公用品,"Super Bands, 12/Pack",6月
2021-06-19,SO006092,华东,顺丰,203.48,6.48,-71.91,办公用品,Xerox 197,6月
2021-07-03,SO006093,华东,顺丰,205.33,9.77,10.68,家具产品,Binder Clips by OIC,7月
2021-03-16,SO006094,华东,顺丰,270.25,18.94,100.895,办公用品,3M Organizer Strips,3月
2021-05-16,SO006095,华东,顺丰,1368.14,76.72,171.26,办公用品,Accessory4,5月
2021-04-10,SO006096,华东,顺丰,843.15,48.91,355.0,办公用品,Xerox 1977,4月
2021-04-10,SO006097,华南,顺丰,3978.02,165.98,1336.9565,办公用品,3M Organizer Strips,4月
2021-09-01,SO006098,华南,顺丰,343.92,10.35,154.54,办公用品,Avery 498,9月
2021-03-03,SO006099,华南,顺丰,7.75,2.6,-5.27,办公用品,Newell 340,3月
2021-03-03,SO006100,东北,顺丰,1665.81,40.98,557.5235,办公用品,Colored Push Pins,3月
2021-07-10,SO006101,东北,顺丰,5964.19,199.99,988.1990000000001,数码电子,Xerox 200,7月
2021-07-10,SO006102,东北,顺丰,109.2,6.48,-50.27,办公用品,Xerox 217,7月
2021-08-21,SO006103,华北,顺丰,3537.84,100.89,-80.86,家具产品,Phone 918,8月
2021-08-21,SO006104,西北,顺丰,2221.2,48.91,-1127.22,办公用品,Crate-A-Files™,8月
2021-08-23,SO006105,华南,顺丰,6888.663500000001,205.99,1925.5770000000002,数码电子,Xerox 1891,8月
2021-08-23,SO006106,华东,顺丰,8.87,1.95,-5.14,办公用品,Newell 340,8月
2021-08-23,SO006107,华南,顺丰,720.6129999999999,20.99,329.679,数码电子,Avery 503,8月
2021-03-07,SO006108,华北,顺丰,2475.83,59.98,752.37,办公用品,Holmes Odor Grabber,3月
2021-04-27,SO006109,华北,顺丰,2205.7585,65.99,337.041,数码电子,CF 688,4月
2021-09-10,SO006110,华北,顺丰,1750.0,55.48,559.38,办公用品,Xerox 217,9月
2021-10-13,SO006111,华北,顺丰,112.16,2.08,-178.29,家具产品,Xerox 210,10月
2021-01-12,SO006112,华北,顺丰,15963.09,350.98,4276.73,家具产品,Phone 918,1月
2021-01-12,SO006113,华北,顺丰,58.48,1.68,2.72,办公用品,Newell 340,1月
2021-09-05,SO006114,华北,顺丰,12908.4,350.99,4084.86,家具产品,Phone 918,9月
2021-04-07,SO006115,华北,顺丰,524.2,23.99,158.98,办公用品,Grip Seal Envelopes,4月
2021-03-09,SO006116,华北,顺丰,23.38,6.48,-12.19,办公用品,Accessory21,3月
2021-03-09,SO006117,华北,顺丰,139.37,8.34,1.72,办公用品,Letter Slitter,3月
2021-03-09,SO006118,华北,顺丰,1221.62,64.65,-468.64,办公用品,8260,3月
2021-12-31,SO006119,华北,顺丰,6553.45,162.93,2969.81,办公用品,Xerox 194,12月
2021-05-12,SO006120,华北,顺丰,2130.31,60.89,-319.26,家具产品,Phone 918,5月
2021-04-24,SO006121,华北,顺丰,1600.85,159.31,-193.97,家具产品,KI Conference Tables,4月
2021-07-30,SO006122,华北,顺丰,59.66,1.68,-33.34,办公用品,Newell 340,7月
2021-07-30,SO006123,东北,顺丰,377.016,218.75,-201.27599999999998,家具产品,KI Conference Tables,7月
2021-07-30,SO006124,东北,顺丰,124.7,15.04,31.94,办公用品,Xerox 217,7月
2021-08-18,SO006125,东北,顺丰,772.56,22.98,143.87,办公用品,Xerox 23,8月
2021-11-07,SO006126,东北,顺丰,13905.88,574.74,6441.18,数码电子,Xerox 193,11月
2021-06-11,SO006127,东北,顺丰,25.09,8.04,-17.595,办公用品,3M Organizer Strips,6月
2021-06-18,SO006128,东北,顺丰,2116.2,48.92,483.67,办公用品,Multimedia Mailers,6月
2021-06-18,SO006129,东北,顺丰,766.36,15.57,399.12,办公用品,Grip Seal Envelopes,6月
2021-06-18,SO006130,东北,顺丰,547.32,20.24,42.39,家具产品,Document Clip Frames,6月
2021-06-18,SO006131,东北,顺丰,192.44,14.48,6.7745,办公用品,Newell 323,6月
2021-06-18,SO006132,东北,顺丰,1294.35,449.99,-1569.06,数码电子,Canon PC940 Copier,6月
2021-05-10,SO006133,东北,顺丰,152.52,6.48,-43.87,办公用品,Xerox 217,5月
2021-05-10,SO006134,东北,顺丰,71.6,4.98,-30.65,办公用品,Xerox 217,5月
2021-05-10,SO006135,东北,顺丰,1699.983,55.99,-202.862,数码电子,CF 688,5月
2021-01-03,SO006136,东北,顺丰,3668.28,1938.02,-4858.671600000001,数码电子,Xerox 193,1月
2021-05-23,SO006137,东北,顺丰,295.37,5.98,-97.23,办公用品,Xerox 217,5月
2021-05-26,SO006138,西南,顺丰,561.06,11.58,-2.23,办公用品,Grip Seal Envelopes,5月
2021-05-26,SO006139,西南,顺丰,320.03,15.31,-43.22,办公用品,Crate-A-Files™,5月
2021-05-14,SO006140,西南,顺丰,143.29,4.98,-55.54,办公用品,Xerox 217,5月
2021-10-30,SO006141,西南,顺丰,34.18,3.6,-5.46,办公用品,Xerox 217,10月
2021-07-03,SO006142,西南,顺丰,43.54,1.26,-17.48,办公用品,"Super Bands, 12/Pack",7月
2021-07-22,SO006143,西南,顺丰,477.16,15.04,204.18,办公用品,Xerox 217,7月
2021-11-10,SO006144,华南,顺丰,1004.18,55.48,374.19,办公用品,Accessory36,11月
2021-09-01,SO006145,华南,顺丰,3075.7520000000004,236.97,-572.6853990000002,家具产品,KI Conference Tables,9月
2021-09-10,SO006146,华南,顺丰,3118.6,128.24,804.2,家具产品,Xerox 1983,9月
2021-01-17,SO006147,华南,顺丰,196.22,14.81,-89.35,办公用品,Holmes Odor Grabber,1月
2021-01-17,SO006148,华南,顺丰,49.76,4.2,-0.13000000000000078,办公用品,Xerox 217,1月
2021-03-23,SO006149,华南,顺丰,1759.65,599.99,-2213.75,数码电子,Xerox 1949,3月
2021-03-23,SO006150,华南,顺丰,88.59,11.97,-26.29,办公用品,Newell 340,3月
2021-10-30,SO006151,华南,顺丰,10.62,3.29,-3.96,办公用品,Bagged Rubber Bands,10月
2021-10-30,SO006152,华南,顺丰,666.4,15.73,2.02,办公用品,Letter Slitter,10月
2021-10-30,SO006153,华南,顺丰,351.3,34.76,1.45,办公用品,Crate-A-Files™,10月
2021-08-27,SO006154,华南,顺丰,1849.6,155.99,62.163,数码电子,CF 688,8月
2021-05-07,SO006155,华南,顺丰,1313.64,83.1,284.84,数码电子,TDK 4.7GB DVD-R,5月
2021-09-07,SO006156,华南,顺丰,34.41,2.6,-17.69,办公用品,Newell 340,9月
2021-11-01,SO006157,华南,顺丰,2433.53,54.48,946.7,办公用品,Holmes Odor Grabber,11月
2021-11-01,SO006158,华南,顺丰,1368.03,50.98,27.51,数码电子,TDK 4.7GB DVD-R,11月
2021-11-01,SO006159,华南,顺丰,260.64,6.68,-106.21,办公用品,Xerox 217,11月
2021-11-01,SO006160,华南,顺丰,1250.4264999999998,45.99,303.3,数码电子,CF 688,11月
2021-11-01,SO006161,华南,顺丰,128.59,25.98,-15.17,办公用品,Holmes Odor Grabber,11月
2021-11-01,SO006162,华南,顺丰,4.97,3.55,-4.91,办公用品,"Super Bands, 12/Pack",11月
2021-06-27,SO006163,华南,顺丰,621.44,15.14,-130.96,办公用品,Crate-A-Files™,6月
2021-08-21,SO006164,华南,顺丰,3878.49,209.84,1397.86,家具产品,R280,8月
2021-02-02,SO006165,华东,顺丰,497.14,10.94,240.41,办公用品,Grip Seal Envelopes,2月
2021-02-02,SO006166,华东,顺丰,917.39,40.98,393.40549999999996,办公用品,3M Organizer Strips,2月
2021-11-13,SO006167,华东,顺丰,194.35,6.75,30.880499999999998,办公用品,3M Organizer Strips,11月
2021-01-06,SO006168,华北,顺丰,108.73,6.24,-22.21,家具产品,Document Clip Frames,1月
2021-07-21,SO006169,华北,顺丰,384.21,15.51,-266.22,办公用品,Xerox 1968,7月
2021-01-09,SO006170,华北,顺丰,197.1,5.28,-12.88,办公用品,T61,1月
2021-01-09,SO006171,华北,顺丰,199.48,4.2,13.8,办公用品,Xerox 217,1月
2021-06-13,SO006172,华北,顺丰,635.59,16.51,202.827,办公用品,3M Organizer Strips,6月
2021-06-13,SO006173,华北,顺丰,1251.4,55.48,539.45,办公用品,Xerox 217,6月
2021-06-13,SO006174,华北,顺丰,3577.81,78.8,-1097.97,办公用品,Crate-A-Files™,6月
2021-10-31,SO006175,西北,顺丰,1009.8679999999999,45.99,170.568,数码电子,CF 688,10月
2021-02-26,SO006176,西北,顺丰,31.36,3.6,-8.28,办公用品,Xerox 217,2月
2021-06-10,SO006177,西北,顺丰,153.28,3.28,-161.21,办公用品,Newell 340,6月
2021-12-07,SO006178,西北,顺丰,382.19,14.42,11.39,办公用品,Holmes Odor Grabber,12月
2021-12-07,SO006179,西北,顺丰,2573.92,150.98,117.23,家具产品,Phone 918,12月
2021-12-07,SO006180,西北,顺丰,727.64,17.98,27.64,数码电子,Xerox 193,12月
2021-12-07,SO006181,西北,顺丰,2795.004,195.99,311.09400000000005,数码电子,CF 688,12月
2021-12-07,SO006182,西北,顺丰,2564.5775,125.99,331.29,数码电子,JM Magazine Binder,12月
2021-03-15,SO006183,西北,顺丰,580.04,16.91,-31.86,办公用品,Crate-A-Files™,3月
2021-05-01,SO006184,西北,顺丰,413.83,10.01,111.74,数码电子,TDK 4.7GB DVD-R,5月
2021-05-01,SO006185,西北,顺丰,3339.65,125.99,788.508,数码电子,KF 788,5月
2021-02-08,SO006186,西北,顺丰,3601.07,73.98,174.8,数码电子,TDK 4.7GB DVD-R,2月
2021-07-18,SO006187,东北,顺丰,1392.77,31.76,-1981.5510000000002,家具产品,Newell 35,7月
2021-01-07,SO006188,华东,顺丰,737.25,15.99,-199.134,办公用品,Holmes Odor Grabber,1月
2021-01-14,SO006189,华东,顺丰,577.89,19.99,-53.89,家具产品,Document Clip Frames,1月
2021-01-14,SO006190,华东,顺丰,9920.85,264.98,2685.19,数码电子,Xerox 193,1月
2021-01-14,SO006191,华东,顺丰,7484.31,320.98,1278.45,家具产品,A1228,1月
2021-03-13,SO006192,华东,顺丰,670.65,15.94,41.66,办公用品,Timeport L7089,3月
2021-02-21,SO006193,华东,顺丰,1940.21,200.99,-215.33599999999998,数码电子,CF 688,2月
2021-02-21,SO006194,华东,顺丰,1717.21,40.97,176.13,办公用品,TDK 4.7GB DVD-R,2月
2021-03-16,SO006195,华东,顺丰,714.391,65.99,-62.32599999999999,数码电子,Timeport L7089,3月
2021-09-16,SO006196,华东,顺丰,64.23,7.64,15.83,办公用品,Grip Seal Envelopes,9月
2021-10-04,SO006197,华东,顺丰,85.03,4.28,-75.31,办公用品,Xerox 217,10月
2021-10-04,SO006198,华南,顺丰,119.51,7.1,-51.3015,办公用品,3M Organizer Strips,10月
2021-10-04,SO006199,华南,顺丰,332.38,17.78,89.95,家具产品,Document Clip Frames,10月
2021-10-04,SO006200,华南,顺丰,502.8,30.98,-19.1,办公用品,Grip Seal Envelopes,10月
2021-02-07,SO006201,华南,顺丰,320.93,6.68,-66.48,办公用品,Xerox 217,2月
2021-02-07,SO006202,华南,顺丰,261.85,17.7,-52.33,办公用品,Crate-A-Files™,2月
2021-11-17,SO006203,华南,顺丰,202.42,5.34,0.8585,办公用品,2160i,11月
2021-09-03,SO006204,华南,顺丰,733.36,99.99,-270.48,数码电子,TDK 4.7GB DVD-R,9月
2021-05-30,SO006205,华南,顺丰,281.81,5.98,42.45,办公用品,8260,5月
2021-01-10,SO006206,华南,顺丰,5811.97,124.49,-434.1480000000001,家具产品,KI Conference Tables,1月
2021-01-11,SO006207,华南,顺丰,250.13,5.84,61.97,办公用品,Xerox 1927,1月
2021-06-28,SO006208,华南,顺丰,835.55,22.23,326.43,家具产品,Document Clip Frames,6月
2021-06-28,SO006209,华南,顺丰,1799.6115,55.99,557.595,数码电子,CF 688,6月
2021-03-03,SO006210,华南,顺丰,468.48,11.34,-213.49,办公用品,Xerox 217,3月
2021-03-03,SO006211,华南,顺丰,284.14,11.66,-104.18,办公用品,Xerox 1923,3月
2021-07-03,SO006212,华南,顺丰,1914.16,80.97,128.43,数码电子,Xerox 193,7月
2021-01-02,SO006213,华南,顺丰,137.63,9.11,26.71,办公用品,Xerox 217,1月
2021-01-02,SO006214,华南,顺丰,614.8,15.04,247.79,办公用品,Xerox 217,1月
2021-04-15,SO006215,华南,顺丰,110.67,5.99,-43.745999999999995,办公用品,Newell 315,4月
2021-04-15,SO006216,华南,顺丰,1163.123,65.99,83.835,数码电子,CF 688,4月
2021-01-27,SO006217,华南,顺丰,5.06,3.14,-2.64,办公用品,Newell 312,1月
2021-03-12,SO006218,华南,顺丰,11823.52,367.99,4592.737,办公用品,3M Organizer Strips,3月
2021-03-12,SO006219,华南,顺丰,80.81,4.24,-67.459,办公用品,Accessory2,3月
2021-01-06,SO006220,东北,顺丰,181.15,5.28,-46.68,家具产品,Document Clip Frames,1月
2021-10-30,SO006221,东北,顺丰,620.02,17.67,50.04,家具产品,Document Clip Frames,10月
2021-03-19,SO006222,西南,顺丰,507.64,10.98,42.76,办公用品,Letter Slitter,3月
2021-01-30,SO006223,华南,顺丰,3194.05,142.86,608.52,办公用品,Crate-A-Files™,1月
2021-08-22,SO006224,华东,顺丰,653.786,65.99,-83.46799999999999,数码电子,CF 688,8月
2021-08-22,SO006225,华东,顺丰,56.91,5.18,7.5,办公用品,Xerox 217,8月
2021-01-20,SO006226,华东,顺丰,3970.33,140.98,-229.79,家具产品,8260,1月
2021-01-04,SO006227,华南,顺丰,625.9485,20.99,-87.021,数码电子,CF 688,1月
2021-03-04,SO006228,华北,顺丰,50.69,3.95,-6.33,办公用品,"Super Bands, 12/Pack",3月
2021-08-09,SO006229,东北,顺丰,198.7,6.48,-62.13,数码电子,TDK 4.7GB DVD-R,8月
2021-04-03,SO006230,东北,顺丰,1958.32,62.18,632.29,家具产品,Document Clip Frames,4月
2021-05-14,SO006231,西南,顺丰,185.69,4.84,50.16,办公用品,Newell 340,5月
2021-11-03,SO006232,华南,顺丰,1865.94,160.98,116.1,家具产品,Phone 918,11月
2021-11-03,SO006233,华北,顺丰,784.72,17.98,-87.96,数码电子,Letter Size Cart,11月
2021-11-03,SO006234,东北,顺丰,2343.076,115.99,311.643,数码电子,3390,11月
2021-11-19,SO006235,华南,顺丰,301.36,8.01,48.45,办公用品,Array® Memo Cubes,11月
2021-11-19,SO006236,华南,顺丰,114.28,6.48,-38.72,办公用品,Xerox 217,11月
2021-11-19,SO006237,华南,顺丰,1889.04,40.97,182.15,办公用品,Accessory39,11月
2021-03-23,SO006238,华南,顺丰,13064.06,420.98,5979.563,办公用品,3M Organizer Strips,3月
2021-03-23,SO006239,华南,顺丰,4771.89,140.98,-427.99,家具产品,Xerox 1907,3月
2021-03-23,SO006240,华南,顺丰,3360.3,3502.14,-7961.430899999999,数码电子,Xerox 193,3月
2021-03-23,SO006241,华北,顺丰,306.66299999999995,35.99,-17.413,数码电子,CF 688,3月
2021-03-21,SO006242,华南,顺丰,508.38,10.4,4.68,家具产品,Document Clip Frames,3月
2021-03-21,SO006243,华东,顺丰,281.09,9.06,-114.58,办公用品,Xerox 217,3月
2021-03-21,SO006244,华东,顺丰,276.65,6.48,-75.28,办公用品,5185,3月
2021-06-14,SO006245,华南,顺丰,10.48,5.18,-3.78,办公用品,Xerox 217,6月
2021-06-03,SO006246,华南,顺丰,107.86,6.48,-85.29,办公用品,Xerox 226,6月
2021-06-03,SO006247,华北,顺丰,305.6,20.98,-445.77,办公用品,Crate-A-Files™,6月
2021-06-03,SO006248,华北,顺丰,447.04049999999995,65.99,-206.151,数码电子,CF 688,6月
2021-01-23,SO006249,东北,顺丰,4524.907,115.99,1464.8670000000002,数码电子,CF 688,1月
2021-04-29,SO006250,西南,顺丰,7002.08,154.13,-1640.511,家具产品,KI Conference Tables,4月
2021-10-12,SO006251,华南,顺丰,600.8,42.76,43.55,办公用品,Accessory41,10月
2021-08-07,SO006252,华东,顺丰,21320.58,810.98,5381.02,数码电子,Xerox 193,8月
2021-02-10,SO006253,华东,顺丰,951.33,20.28,-60.66,家具产品,Document Clip Frames,2月
2021-09-15,SO006254,华南,顺丰,81.76,3.29,8.53,办公用品,Xerox 229,9月
2021-04-01,SO006255,华南,顺丰,5288.89,227.55,547.0362,家具产品,Array® Memo Cubes,4月
2021-11-29,SO006256,华北,EMS,113.2,6.08,24.83,办公用品,Xerox 1993,11月
2021-04-09,SO006257,东北,EMS,129.06,4.91,-75.1295,办公用品,3M Organizer Strips,4月
2021-04-09,SO006258,华南,EMS,1236.64,28.48,518.81,数码电子,SC-3160,4月
2021-02-04,SO006259,华东,EMS,1441.57,29.89,475.26,数码电子,StarTAC 7797,2月
2021-02-04,SO006260,华东,EMS,173.09,8.34,-6.71,办公用品,Xerox 217,2月
2021-12-03,SO006261,华东,EMS,3234.1,99.23,2033.5,家具产品,Document Clip Frames,12月
2021-01-10,SO006262,华北,EMS,112.81,6.48,-85.23,办公用品,Xerox 217,1月
2021-04-13,SO006263,华北,EMS,15.72,10.89,-6.1,办公用品,Holmes Odor Grabber,4月
2021-04-13,SO006264,华北,EMS,313.83,8.69,56.78,办公用品,3M Organizer Strips,4月
2021-04-13,SO006265,华北,EMS,201.59449999999998,20.99,32.31,数码电子,CF 688,4月
2021-07-29,SO006266,华北,EMS,248.64,6.28,-69.27,家具产品,Document Clip Frames,7月
2021-04-13,SO006267,华北,EMS,951.06,33.98,331.27,数码电子,TDK 4.7GB DVD-R,4月
2021-10-09,SO006268,华北,EMS,243.23,17.48,35.33,数码电子,TDK 4.7GB DVD-R,10月
2021-10-09,SO006269,华北,EMS,1326.51,65.99,58.166999999999994,数码电子,CF 688,10月
2021-09-11,SO006270,华北,EMS,12.49,1.98,-13.501,办公用品,3M Organizer Strips,9月
2021-09-11,SO006271,华北,EMS,103.9,22.98,-19.26,家具产品,Document Clip Frames,9月
2021-12-09,SO006272,华北,EMS,330.27,6.48,-195.57,办公用品,Xerox 1996,12月
2021-05-12,SO006273,华北,EMS,1321.55,54.96,448.24,办公用品,Xerox 217,5月
2021-07-09,SO006274,华北,EMS,198.1,5.78,-66.93,办公用品,Xerox 217,7月
2021-09-11,SO006275,华北,EMS,28.15,6.28,-10.09,家具产品,Accessory21,9月
2021-09-11,SO006276,华北,EMS,558.77,15.14,-92.87,办公用品,Crate-A-Files™,9月
2021-06-29,SO006277,华北,EMS,57.96,3.28,-47.32,办公用品,Newell 340,6月
2021-04-23,SO006278,西北,EMS,32.5,5.28,-16.67,办公用品,Xerox 217,4月
2021-05-19,SO006279,东北,EMS,224.58,4.57,-144.762,办公用品,StarTAC Analog,5月
2021-05-19,SO006280,东北,EMS,365.77,10.67,155.69,办公用品,Grip Seal Envelopes,5月
2021-05-19,SO006281,东北,EMS,16073.03,442.14,5386.32,数码电子,Xerox 193,5月
2021-03-24,SO006282,东北,EMS,55.2,3.58,4.26,办公用品,Xerox 213,3月
2021-01-22,SO006283,东北,EMS,11.25,2.08,-4.956499999999999,办公用品,Xerox 1940,1月
2021-12-25,SO006284,东北,EMS,5016.25,124.49,-189.34929,家具产品,Xerox 1899,12月
2021-12-25,SO006285,东北,EMS,1653.607,65.99,294.966,数码电子,CF 688,12月
2021-06-03,SO006286,东北,EMS,3896.39,218.08,755.28,家具产品,Phone 918,6月
2021-10-04,SO006287,东北,EMS,17.59,2.22,-19.74,办公用品,Newell 342,10月
2021-10-04,SO006288,东北,EMS,315.07,14.2,95.0,家具产品,Xerox 1954,10月
2021-06-18,SO006289,东北,EMS,525.4,19.84,126.49,办公用品,Newell 340,6月
2021-06-18,SO006290,东北,EMS,61.77,1.48,12.65,办公用品,"Super Bands, 12/Pack",6月
2021-03-10,SO006291,东北,EMS,127.9,4.13,54.21,办公用品,Avery 498,3月
2021-03-13,SO006292,东北,EMS,428.723,85.99,-147.719,数码电子,CF 688,3月
2021-08-30,SO006293,东北,EMS,1911.69,55.98,939.43,办公用品,Round Ring Binders,8月
2021-08-30,SO006294,东北,EMS,120.751,7.99,-71.39,数码电子,CF 688,8月
2021-08-30,SO006295,东北,EMS,245.55,5.28,-227.25,办公用品,3390,8月
2021-06-14,SO006296,东北,EMS,55.35,2.22,-56.63,办公用品,Holmes Odor Grabber,6月
2021-06-14,SO006297,西南,EMS,700.35,26.31,-123.01,数码电子,TDK 4.7GB DVD-R,6月
2021-05-09,SO006298,西南,EMS,36.37,1.88,-10.258,办公用品,3M Organizer Strips,5月
2021-01-04,SO006299,西南,EMS,12723.95,279.48,11.54,办公用品,Crate-A-Files™,1月
2021-01-24,SO006300,西南,EMS,23239.96,500.98,6888.36,家具产品,Binder Clips by OIC,1月
2021-01-24,SO006301,华南,EMS,302.91,12.28,-36.76,办公用品,Avery 506,1月
2021-10-13,SO006302,华南,EMS,1152.63,32.48,389.4,家具产品,Accessory8,10月
2021-10-13,SO006303,华南,EMS,7.56,1.89,-5.53,办公用品,Xerox 1934,10月
2021-06-03,SO006304,华南,EMS,127.51,5.98,26.741,办公用品,3M Organizer Strips,6月
2021-06-03,SO006305,华南,EMS,2004.22,60.65,338.91,家具产品,Xerox 1963,6月
2021-03-30,SO006306,华南,EMS,7556.61,424.21,-352.242,家具产品,KI Conference Tables,3月
2021-03-30,SO006307,华南,EMS,47.48,1.48,3.35,办公用品,"Super Bands, 12/Pack",3月
2021-07-27,SO006308,华南,EMS,30.68,1.74,-37.39,家具产品,Document Clip Frames,7月
2021-11-19,SO006309,华南,EMS,773.74,64.65,-309.48,办公用品,Crate-A-Files™,11月
2021-11-19,SO006310,华南,EMS,302.1325,20.99,38.907,数码电子,CF 688,11月
2021-12-05,SO006311,华南,EMS,75.57,2.1,6.87,办公用品,Newell 340,12月
2021-05-26,SO006312,华南,EMS,16699.56,355.98,3083.98,家具产品,Phone 918,5月
2021-03-31,SO006313,华南,EMS,54.077,55.99,-232.991,数码电子,CF 688,3月
2021-09-29,SO006314,华南,EMS,209.3,7.08,30.49,办公用品,Newell 340,9月
2021-09-14,SO006315,华南,EMS,1710.65,41.94,782.0085,办公用品,3M Organizer Strips,9月
2021-04-20,SO006316,华南,EMS,248.76,19.98,35.09,办公用品,Xerox 217,4月
2021-04-20,SO006317,华南,EMS,10984.05,259.71,785.63,家具产品,Binder Clips by OIC,4月
2021-09-11,SO006318,华南,EMS,125.79,5.98,28.526000000000003,办公用品,3M Organizer Strips,9月
2021-06-11,SO006319,华南,EMS,899.97,33.98,-246.3,家具产品,Document Clip Frames,6月
2021-06-17,SO006320,华南,EMS,187.55,7.77,-171.41,办公用品,Accessory25,6月
2021-07-26,SO006321,华南,EMS,21425.91,500.98,7360.43,家具产品,Phone 918,7月
2021-08-22,SO006322,华南,EMS,283.18,6.48,-154.95,办公用品,Xerox 217,8月
2021-05-03,SO006323,华南,EMS,94.46,3.28,-75.09,办公用品,Accessory36,5月
2021-03-09,SO006324,华南,EMS,85.62,7.28,-81.22,办公用品,Xerox 217,3月
2021-02-09,SO006325,华南,EMS,47.03,11.19,-12.03,办公用品,Xerox 217,2月
2021-11-17,SO006326,华南,EMS,9362.73,232.58,2766.29,办公用品,Holmes Odor Grabber,11月
2021-11-17,SO006327,华南,EMS,125.33,3.08,58.5,办公用品,Avery 498,11月
2021-11-17,SO006328,华南,EMS,99.65,2.62,27.0,办公用品,"Super Bands, 12/Pack",11月
2021-05-03,SO006329,华北,EMS,112.91,6.48,-72.81,办公用品,Xerox 217,5月
2021-05-03,SO006330,华北,EMS,180.92,8.57,-82.54,办公用品,Letter Slitter,5月
2021-05-03,SO006331,华北,EMS,31.68,1.7,-23.69,数码电子,TDK 4.7GB DVD-R,5月
2021-12-28,SO006332,华北,EMS,575.74,22.24,152.6,数码电子,Xerox 220,12月
2021-10-02,SO006333,华北,EMS,28.82,1.48,2.16,办公用品,Newell 351,10月
2021-10-02,SO006334,华北,EMS,75.39,1.68,-4.83,办公用品,Newell 340,10月
2021-12-24,SO006335,华北,EMS,1673.53,51.98,524.73,数码电子,Xerox 193,12月
2021-12-24,SO006336,华北,EMS,7110.24,218.75,-536.166,家具产品,KI Conference Tables,12月
2021-08-06,SO006337,华北,EMS,1219.2485000000001,28.99,132.786,数码电子,Avery 497,8月
2021-09-28,SO006338,华北,EMS,88.1,1.76,-161.61,家具产品,Document Clip Frames,9月
2021-01-22,SO006339,华北,EMS,110.74,6.48,-70.31,办公用品,Xerox 212,1月
2021-04-11,SO006340,西北,EMS,73.82,2.88,2.006,办公用品,3M Organizer Strips,4月
2021-07-03,SO006341,西北,EMS,5304.42,262.11,-633.4412370000002,家具产品,KI Conference Tables,7月
2021-07-24,SO006342,西北,EMS,18.16,12.28,-7.25,办公用品,Crate-A-Files™,7月
2021-02-03,SO006343,西北,EMS,1327.59,37.74,371.28,办公用品,Binder Clips by OIC,2月
2021-02-03,SO006344,西北,EMS,3401.8,95.43,-508.87,办公用品,Newell 308,2月
2021-02-03,SO006345,西北,EMS,130.14,30.42,-116.18,数码电子,TDK 4.7GB DVD-R,2月
2021-11-22,SO006346,西北,EMS,1418.956,195.99,-447.414,数码电子,CF 688,11月
2021-04-09,SO006347,西北,EMS,14591.44,400.97,5475.8,数码电子,Xerox 193,4月
2021-05-28,SO006348,西北,EMS,975.5,160.98,-252.01,家具产品,Xerox 1907,5月
2021-05-28,SO006349,华东,EMS,4834.8,175.99,1193.112,数码电子,Xerox 220,5月
2021-12-30,SO006350,华东,EMS,14.15,1.48,-1.29,办公用品,"Super Bands, 12/Pack",12月
2021-02-15,SO006351,华东,EMS,181.61,4.13,-150.259,办公用品,3M Organizer Strips,2月
2021-02-15,SO006352,华东,EMS,111.55,3.14,-54.25,办公用品,Letter Slitter,2月
2021-02-12,SO006353,华东,EMS,663.24,20.48,76.33,办公用品,Holmes Odor Grabber,2月
2021-02-12,SO006354,华东,EMS,238.08,6.75,31.654000000000003,办公用品,3M Organizer Strips,2月
2021-02-12,SO006355,华东,EMS,174.3,12.53,75.58,办公用品,Avery 498,2月
2021-04-10,SO006356,华东,EMS,375.52,9.68,131.7,办公用品,688,4月
2021-04-10,SO006357,华东,EMS,63.84,3.78,23.52,办公用品,"Super Bands, 12/Pack",4月
2021-06-17,SO006358,华东,EMS,14647.26,599.99,5485.15,数码电子,Canon PC940 Copier,6月
2021-06-17,SO006359,华东,EMS,26.11,2.62,2.65,办公用品,5165,6月
2021-11-19,SO006360,华东,EMS,2084.96,150.98,135.26,家具产品,Binder Clips by OIC,11月
2021-09-01,SO006361,华东,顺丰,6789.9275,200.99,1864.6560000000002,数码电子,CF 688,9月
2021-05-10,SO006362,华东,顺丰,309.46,6.48,-82.64,数码电子,TDK 4.7GB DVD-R,5月
2021-04-16,SO006363,华东,顺丰,154.85,3.95,-136.55,办公用品,Holmes Odor Grabber,4月
2021-04-16,SO006364,华东,顺丰,4941.7725,195.99,704.889,数码电子,CF 688,4月
2021-11-27,SO006365,华东,顺丰,1155.5835,55.99,-126.995,数码电子,Avery 485,11月
2021-07-26,SO006366,华东,顺丰,3327.84,70.89,-3033.57,家具产品,KI Conference Tables,7月
2021-01-07,SO006367,华东,顺丰,91.43,11.66,-42.98,办公用品,Staples Bulldog Clip,1月
2021-04-20,SO006368,华南,顺丰,1141.9,34.76,175.32,办公用品,Crate-A-Files™,4月
2021-03-01,SO006369,华南,顺丰,1435.95,39.24,486.9,数码电子,TDK 4.7GB DVD-R,3月
2021-03-01,SO006370,华南,顺丰,961.06,34.23,361.82,家具产品,Document Clip Frames,3月
2021-11-15,SO006371,华南,顺丰,692.15,19.98,150.38,办公用品,2160i,11月
2021-09-29,SO006372,华南,顺丰,8704.08,880.98,1034.54,家具产品,Xerox 1907,9月
2021-09-29,SO006373,华南,顺丰,24051.49,599.99,9791.041000000001,数码电子,Canon PC940 Copier,9月
2021-12-02,SO006374,华南,顺丰,6648.58,370.98,-555.98,办公用品,T28 WORLD,12月
2021-04-03,SO006375,华南,顺丰,91.43,2.08,-22.8965,办公用品,Accessory6,4月
2021-04-30,SO006376,华南,顺丰,1912.9845,65.99,288.09,数码电子,KI Conference Tables,4月
2021-04-30,SO006377,华南,顺丰,4170.865,195.99,1030.509,数码电子,CF 688,4月
2021-08-21,SO006378,华南,顺丰,164.1,5.74,-41.216,办公用品,3M Organizer Strips,8月
2021-08-21,SO006379,华南,顺丰,1316.87,53.98,204.7,数码电子,TDK 4.7GB DVD-R,8月
2021-08-21,SO006380,华南,顺丰,11.81,5.89,-7.95,家具产品,Document Clip Frames,8月
2021-12-26,SO006381,华南,顺丰,716.99,29.89,174.06,数码电子,Xerox 1936,12月
2021-04-12,SO006382,华南,顺丰,3427.31,320.98,124.36,家具产品,Phone 918,4月
2021-04-12,SO006383,华东,顺丰,36.26,3.28,-28.37,办公用品,Newell 340,4月
2021-04-12,SO006384,华北,顺丰,893.1375,20.99,10.998000000000001,数码电子,CF 688,4月
2021-08-19,SO006385,西南,顺丰,991.36,54.1,-103.11,办公用品,Round Ring Binders,8月
2021-04-22,SO006386,华东,顺丰,586.619,35.99,83.07,数码电子,6120,4月
2021-06-08,SO006387,华东,顺丰,85.74,4.38,-73.5655,办公用品,KH 688,6月
2021-06-08,SO006388,华北,顺丰,2031.98,120.98,778.6,办公用品,Binder Posts,6月
2021-06-08,SO006389,华北,顺丰,131.94,5.28,2.3205,办公用品,3M Organizer Strips,6月
2021-02-11,SO006390,东北,顺丰,1002.73,60.98,-563.86,办公用品,Holmes Odor Grabber,2月
2021-08-09,SO006391,华南,顺丰,748.29,135.99,-183.6,家具产品,Phone 918,8月
2021-04-18,SO006392,华南,顺丰,1055.98,21.78,204.58,办公用品,Holmes Odor Grabber,4月
2021-12-26,SO006393,华南,顺丰,448.3665,175.99,-748.407,数码电子,Newell 337,12月
2021-08-21,SO006394,华南,顺丰,951.31,31.76,-1099.46,家具产品,Accessory29,8月
2021-08-02,SO006395,华南,顺丰,269.2,16.48,69.61,数码电子,TDK 4.7GB DVD-R,8月
2021-08-02,SO006396,西北,顺丰,87.33,3.38,13.82,办公用品,Accessory35,8月
2021-02-07,SO006397,西北,顺丰,281.79,7.64,-50.96,办公用品,Acco 3-Hole Punch,2月
2021-02-07,SO006398,华南,顺丰,4064.2720000000004,124.49,-300.854983,家具产品,KI Conference Tables,2月
2021-02-02,SO006399,华东,顺丰,1223.43,70.89,-1615.5854000000002,家具产品,KI Conference Tables,2月
2021-08-09,SO006400,华东,顺丰,77.57,3.58,-67.4935,办公用品,3M Organizer Strips,8月
2021-09-23,SO006401,华南,顺丰,528.53,12.21,-7.24,办公用品,Crate-A-Files™,9月
2021-09-23,SO006402,华南,顺丰,5975.0495,155.99,1417.23,数码电子,CF 688,9月
2021-09-23,SO006403,西南,顺丰,720.52,17.98,-36.7923,数码电子,2180,9月
2021-08-12,SO006404,华南,顺丰,627.64,120.98,-151.46,家具产品,Phone 918,8月
2021-04-12,SO006405,西北,顺丰,3849.17,83.98,1982.78,办公用品,Maxell DVD-RAM Discs,4月
2021-09-26,SO006406,华东,顺丰,945.03,19.98,267.64,办公用品,Xerox 217,9月
2021-04-10,SO006407,华东,顺丰,1494.27,212.6,-248.78,家具产品,KI Conference Tables,4月
2021-09-22,SO006408,华东,顺丰,325.75,8.75,-124.25,家具产品,Document Clip Frames,9月
2021-09-22,SO006409,华东,顺丰,136.42,5.85,-8.38,办公用品,KI Conference Tables,9月
2021-05-10,SO006410,华南,顺丰,442.31,8.34,231.68,家具产品,Document Clip Frames,5月
2021-04-07,SO006411,华南,顺丰,2018.68,43.98,731.72,数码电子,TDK 4.7GB DVD-R,4月
2021-06-09,SO006412,华南,顺丰,473.03,19.98,26.27,家具产品,LX 788,6月
2021-12-12,SO006413,华北,顺丰,704.77,81.94,-298.9,家具产品,Xerox 1907,12月
2021-08-07,SO006414,华北,顺丰,20.16,6.48,-13.32,办公用品,Xerox 217,8月
2021-06-12,SO006415,华北,顺丰,126.68,9.77,7.0,家具产品,Document Clip Frames,6月
2021-04-23,SO006416,华北,顺丰,6559.01,172.99,2307.5715,办公用品,Xerox 1936,4月
2021-04-23,SO006417,华北,顺丰,263.37,7.28,-5.68,办公用品,Xerox 217,4月
2021-11-13,SO006418,华北,顺丰,1704.58,38.06,518.48,办公用品,Holmes Odor Grabber,11月
2021-06-21,SO006419,华北,顺丰,1711.79,33.29,812.32,数码电子,TDK 4.7GB DVD-R,6月
2021-06-21,SO006420,华北,顺丰,38.24,2.88,-37.55,办公用品,Document Clip Frames,6月
2021-08-10,SO006421,华北,顺丰,146.63,6.48,-30.06,办公用品,Xerox 217,8月
2021-08-10,SO006422,华北,顺丰,2506.2675,85.99,1160.577,数码电子,CF 688,8月
2021-08-10,SO006423,华北,顺丰,12689.87,296.18,-169.227,家具产品,KI Conference Tables,8月
2021-12-06,SO006424,华北,顺丰,851.17,22.38,-131.284,办公用品,Xerox 213,12月
2021-07-17,SO006425,华北,顺丰,557.52,11.66,-157.3,办公用品,Newell 340,7月
2021-07-21,SO006426,东北,顺丰,793.85,37.94,308.53,办公用品,Xerox 217,7月
2021-07-07,SO006427,东北,顺丰,67.45,2.61,24.28,办公用品,Avery 498,7月
2021-05-07,SO006428,东北,顺丰,2522.21,63.94,1026.07,家具产品,Document Clip Frames,5月
2021-05-07,SO006429,东北,顺丰,4181.82,140.99,1765.48,数码电子,Verbatim 4.7GB DVD-R,5月
2021-07-10,SO006430,东北,顺丰,841.51,16.91,20.86,办公用品,Crate-A-Files™,7月
2021-09-24,SO006431,东北,顺丰,1208.35,39.99,145.54,数码电子,Xerox 1894,9月
2021-12-06,SO006432,东北,顺丰,6123.48,140.81,1232.79,家具产品,Accessory20,12月
2021-10-07,SO006433,东北,顺丰,272.63,6.48,-64.45,办公用品,Xerox 217,10月
2021-08-12,SO006434,东北,顺丰,69.97,5.43,24.25,办公用品,Xerox 217,8月
2021-08-25,SO006435,东北,顺丰,680.8584999999999,20.99,319.104,数码电子,CF 688,8月
2021-09-19,SO006436,东北,顺丰,845.614,195.99,-653.488,数码电子,CF 688,9月
2021-05-26,SO006437,西南,顺丰,68.03,4.49,8.865499999999999,办公用品,Avery 494,5月
2021-12-21,SO006438,西南,顺丰,27.44,24.95,-11.7645,办公用品,3M Organizer Strips,12月
2021-09-21,SO006439,西南,顺丰,759.84,39.24,162.83,数码电子,TDK 4.7GB DVD-R,9月
2021-09-21,SO006440,华南,顺丰,147.39,7.64,-30.92,办公用品,Xerox 217,9月
2021-05-25,SO006441,华南,顺丰,17599.39,599.99,5513.86,数码电子,Canon PC940 Copier,5月
2021-05-25,SO006442,华南,顺丰,115.34,6.69,13.83,办公用品,Xerox 217,5月
2021-12-06,SO006443,华南,顺丰,201.74,12.53,-2.6335,办公用品,Xerox 23,12月
2021-12-06,SO006444,华南,顺丰,1822.13,49.99,155.17,数码电子,TDK 4.7GB DVD-R,12月
2021-01-27,SO006445,华南,顺丰,80.33,2.94,2.49,办公用品,Accessory21,1月
2021-12-25,SO006446,华南,顺丰,71.07,3.69,-15.09,办公用品,688,12月
2021-03-12,SO006447,华南,顺丰,131.43,4.0,37.25,办公用品,Xerox 217,3月
2021-09-01,SO006448,华南,顺丰,3832.24,90.98,-1570.32,家具产品,Document Clip Frames,9月
2021-08-23,SO006449,华南,顺丰,148.12,5.58,-51.62,办公用品,Grip Seal Envelopes,8月
2021-02-14,SO006450,华南,顺丰,131.27,100.98,-68.16,家具产品,Xerox 1907,2月
2021-02-14,SO006451,华南,顺丰,196.39,4.13,82.6,办公用品,Avery 498,2月
2021-08-11,SO006452,华南,顺丰,2797.41,90.97,984.3,数码电子,Xerox 193,8月
2021-03-02,SO006453,华南,顺丰,199.48,170.98,-120.24,家具产品,Xerox 1907,3月
2021-11-23,SO006454,华南,顺丰,2374.35,63.94,878.21,家具产品,Document Clip Frames,11月
2021-11-23,SO006455,华东,顺丰,729.21,17.78,194.15,家具产品,Newell 343,11月
2021-09-13,SO006456,华北,顺丰,2447.1074999999996,85.99,856.962,数码电子,Colored Envelopes,9月
2021-09-13,SO006457,华北,顺丰,1458.83,60.22,392.76,办公用品,Holmes Odor Grabber,9月
2021-06-02,SO006458,华北,顺丰,1291.2,50.98,-5.59999999999998,数码电子,TDK 4.7GB DVD-R,6月
2021-12-02,SO006459,华北,顺丰,2567.13,136.98,945.54,家具产品,Document Clip Frames,12月
2021-03-02,SO006460,华北,顺丰,677.43,19.98,-37.99,数码电子,TDK 4.7GB DVD-R,3月
2021-03-02,SO006461,华北,顺丰,491.78,12.28,44.04,办公用品,Avery 506,3月
2021-05-22,SO006462,西北,顺丰,1168.28,50.98,126.07,家具产品,Phone 918,5月
2021-02-15,SO006463,西北,顺丰,93.05,3.8,15.2745,办公用品,3M Organizer Strips,2月
2021-02-15,SO006464,西北,顺丰,154.13,7.98,57.31,办公用品,Xerox 217,2月
2021-02-15,SO006465,西北,顺丰,18824.42,417.4,-575.352,家具产品,KI Conference Tables,2月
2021-01-15,SO006466,西北,顺丰,925.8,24.92,30.685,办公用品,3M Organizer Strips,1月
2021-01-15,SO006467,西北,顺丰,282.48,7.1,-87.009,办公用品,Canon PC940 Copier,1月
2021-01-15,SO006468,西北,顺丰,6502.46,550.98,261.66,家具产品,KI Conference Tables,1月
2021-11-08,SO006469,华东,顺丰,203.91,8.6,-35.443,办公用品,3M Organizer Strips,11月
2021-12-05,SO006470,华东,顺丰,11169.95,896.99,3982.2245000000003,办公用品,3M Organizer Strips,12月
2021-12-05,SO006471,华东,顺丰,468.46,12.99,-292.7,家具产品,Document Clip Frames,12月
2021-12-05,SO006472,华东,顺丰,9708.64,218.75,-528.653125,家具产品,Accessory34,12月
2021-06-11,SO006473,华东,顺丰,1243.52,26.48,360.94,家具产品,Document Clip Frames,6月
2021-09-12,SO006474,华东,顺丰,3877.88,550.98,-1331.553366,家具产品,KI Conference Tables,9月
2021-09-12,SO006475,华东,顺丰,322.47,7.78,72.28,办公用品,Grip Seal Envelopes,9月
2021-03-14,SO006476,华东,顺丰,1932.58,62.18,356.48,家具产品,Document Clip Frames,3月
2021-01-24,SO006477,华东,顺丰,614.35,18.97,78.89,办公用品,Xerox 1881,1月
2021-01-24,SO006478,华东,顺丰,3.63,2.88,-1.56,办公用品,Newell 340,1月
2021-01-24,SO006479,华东,顺丰,172.99,5.84,61.51,办公用品,Newell 340,1月
2021-07-02,SO006480,华东,顺丰,601.57,60.98,-247.25,家具产品,Phone 918,7月
2021-07-02,SO006481,华东,顺丰,157.42,17.48,-18.68,数码电子,TDK 4.7GB DVD-R,7月
2021-12-09,SO006482,华东,顺丰,114.83,28.48,-52.62,数码电子,TDK 4.7GB DVD-R,12月
2021-12-09,SO006483,华东,顺丰,16743.76,699.99,6079.63,数码电子,Canon PC940 Copier,12月
2021-07-30,SO006484,华东,顺丰,299.66,10.44,-18.2505,办公用品,3M Organizer Strips,7月
2021-02-06,SO006485,华东,顺丰,643.53,19.98,175.97,办公用品,Xerox 217,2月
2021-02-06,SO006486,华东,顺丰,1217.77,42.76,283.14,办公用品,Crate-A-Files™,2月
2021-07-21,SO006487,华南,顺丰,1935.25,63.98,652.188,办公用品,3M Organizer Strips,7月
2021-07-21,SO006488,华南,顺丰,278.5,22.01,-6.23,办公用品,Newell 340,7月
2021-07-21,SO006489,华南,顺丰,5423.58,120.33,1361.56,办公用品,Crate-A-Files™,7月
2021-07-25,SO006490,华南,顺丰,1244.01,28.48,539.57,数码电子,TDK 4.7GB DVD-R,7月
2021-07-25,SO006491,华南,顺丰,981.73,22.23,388.23,家具产品,Document Clip Frames,7月
2021-07-25,SO006492,华南,顺丰,302.07,6.48,-185.98,办公用品,Xerox 217,7月
2021-07-29,SO006493,华南,顺丰,143.85,4.84,34.14,办公用品,Newell 340,7月
2021-04-27,SO006494,华南,顺丰,61.45,1.76,0.62,办公用品,Newell 335,4月
2021-12-17,SO006495,华南,顺丰,39.13,1.68,-23.14,办公用品,Newell 340,12月
2021-04-24,SO006496,华南,顺丰,166.13,3.28,-119.16,办公用品,Newell 340,4月
2021-02-26,SO006497,华南,顺丰,375.57,52.4,12.7075,办公用品,3M Organizer Strips,2月
2021-02-26,SO006498,华南,顺丰,81.97,4.98,-81.33,办公用品,Xerox 217,2月
2021-07-07,SO006499,华南,顺丰,1822.83,259.71,-627.641157,家具产品,KI Conference Tables,7月
2021-08-26,SO006500,华南,顺丰,905.32,35.44,389.07,办公用品,Xerox 217,8月
2021-08-26,SO006501,华南,顺丰,1702.499,125.99,162.108,数码电子,CF 688,8月
2021-01-08,SO006502,华南,顺丰,826.27,29.18,322.88,家具产品,Document Clip Frames,1月
2021-01-08,SO006503,华南,顺丰,1777.4689999999998,66.99,166.365,数码电子,CF 688,1月
2021-01-08,SO006504,华南,顺丰,1219.1464999999998,115.99,52.929,数码电子,CF 688,1月
2021-03-04,SO006505,华南,顺丰,1875.4144999999999,45.99,507.33,数码电子,CF 688,3月
2021-03-26,SO006506,华南,顺丰,38.37,5.18,-29.003,办公用品,3M Organizer Strips,3月
2021-04-01,SO006507,华南,顺丰,800.39,24.95,270.2915,办公用品,3M Organizer Strips,4月
2021-04-04,SO006508,东北,顺丰,1477.572,35.99,840.0509999999999,数码电子,Xerox 212,4月
2021-09-15,SO006509,华东,顺丰,1488.66,29.34,385.37,家具产品,Document Clip Frames,9月
2021-02-21,SO006510,东北,顺丰,271.27,37.93,71.31,家具产品,Newell 326,2月
2021-01-11,SO006511,东北,顺丰,7535.96,165.98,2745.8655,办公用品,Newell 323,1月
2021-01-11,SO006512,华南,顺丰,1618.31,39.48,504.71,数码电子,Newell 337,1月
2021-01-11,SO006513,华东,顺丰,11.87,6.48,-8.89,办公用品,Xerox 217,1月
2021-08-16,SO006514,华南,顺丰,1210.72,70.98,-382.43,家具产品,Xerox 198,8月
2021-08-16,SO006515,华南,顺丰,93.26,4.98,-35.36,办公用品,Xerox 217,8月
2021-06-19,SO006516,华北,顺丰,630.54,20.15,-30.07,办公用品,Xerox 1932,6月
2021-06-07,SO006517,华北,顺丰,46.94,44.01,-26.54,办公用品,232,6月
2021-06-07,SO006518,东北,顺丰,89.96,4.06,-115.21,办公用品,Holmes Odor Grabber,6月
2021-06-07,SO006519,华北,顺丰,12.95,1.26,-6.78,办公用品,"Super Bands, 12/Pack",6月
2021-11-06,SO006520,华东,顺丰,1196.7915,55.99,265.392,数码电子,StarTAC 7797,11月
2021-12-06,SO006521,华东,顺丰,2980.15,70.71,-865.98,家具产品,T61,12月
2021-12-06,SO006522,东北,顺丰,476.04,18.97,57.25,办公用品,Xerox 217,12月
2021-08-21,SO006523,华南,顺丰,19.34,7.1,-14.375,办公用品,3M Organizer Strips,8月
2021-08-21,SO006524,华南,顺丰,3064.658,205.99,447.336,数码电子,Accessory31,8月
2021-08-21,SO006525,华东,顺丰,84.47,3.8,7.9815000000000005,办公用品,3M Organizer Strips,8月
2021-08-21,SO006526,西北,顺丰,4211.0,111.96,-270.573732,家具产品,KI Conference Tables,8月
2021-10-07,SO006527,西北,顺丰,215.24,55.5,49.76,家具产品,Document Clip Frames,10月
2021-10-07,SO006528,华东,顺丰,654.874,65.99,-82.06,数码电子,CF 688,10月
2021-10-03,SO006529,华南,顺丰,1341.31,99.99,5.549999999999983,数码电子,Xerox 207,10月
2021-02-12,SO006530,华南,顺丰,5407.9,145.98,-352.789866,家具产品,KI Conference Tables,2月
2021-06-22,SO006531,华北,顺丰,4691.27,300.65,1196.72,办公用品,Holmes Odor Grabber,6月
2021-06-22,SO006532,东北,顺丰,804.14,17.67,-25.27,家具产品,Document Clip Frames,6月
2021-06-22,SO006533,东北,顺丰,567.51,64.65,-255.55,办公用品,Crate-A-Files™,6月
2021-04-09,SO006534,华东,顺丰,1534.7,31.11,258.25,数码电子,TDK 4.7GB DVD-R,4月
2021-12-31,SO006535,华东,顺丰,8216.592999999999,195.99,2463.462,数码电子,Bagged Rubber Bands,12月
2021-12-31,SO006536,华南,顺丰,130.36,12.95,2.431,办公用品,Accessory2,12月
2021-12-31,SO006537,华北,顺丰,200.57,122.99,-83.63,家具产品,Phone 918,12月
2021-09-13,SO006538,华北,顺丰,284.0,62.18,208.31,家具产品,Xerox 1939,9月
2021-04-26,SO006539,华北,顺丰,110.2,4.13,42.84,办公用品,Avery 498,4月
2021-04-26,SO006540,华北,顺丰,54.86,4.28,-50.6,办公用品,ELITE Series,4月
2021-06-27,SO006541,东北,顺丰,825.96,95.98,-276.95,家具产品,Phone 918,6月
2021-06-11,SO006542,东北,顺丰,21.46,5.28,-14.22,办公用品,Xerox 217,6月
2021-06-11,SO006543,东北,顺丰,1388.628,65.99,261.522,数码电子,CF 688,6月
2021-03-11,SO006544,华南,顺丰,930.84,22.84,-122.12,办公用品,StarTAC 7760,3月
2021-07-16,SO006545,华南,顺丰,636.7,24.92,-29.9115,办公用品,3M Organizer Strips,7月
2021-12-29,SO006546,华南,顺丰,57.22,6.48,-27.72,办公用品,Xerox 217,12月
2021-12-29,SO006547,华东,顺丰,162.0,4.84,45.84,办公用品,Newell 340,12月
2021-12-29,SO006548,华北,顺丰,3410.1575,85.99,1137.906,数码电子,CF 688,12月
2021-06-24,SO006549,华北,顺丰,1676.25,36.65,-458.33,家具产品,Document Clip Frames,6月
2021-09-13,SO006550,华北,顺丰,142.94,7.38,-129.559,办公用品,3M Organizer Strips,9月
2021-09-13,SO006551,西北,顺丰,240.61,6.48,-133.12,办公用品,T28 WORLD,9月
2021-09-13,SO006552,西北,顺丰,1912.76,111.03,71.56,办公用品,GBC Binding covers,9月
2021-09-20,SO006553,西南,顺丰,80.0,5.84,10.96,办公用品,Newell 340,9月
2021-09-20,SO006554,华东,顺丰,137.42,16.91,-24.86,办公用品,Crate-A-Files™,9月
2021-07-05,SO006555,华东,顺丰,325.97,6.84,-255.22,办公用品,Avery 506,7月
2021-07-05,SO006556,华东,顺丰,49.65,4.55,8.2705,办公用品,Xerox 1927,7月
2021-10-11,SO006557,华东,顺丰,33.64,7.28,-22.45,办公用品,Xerox 217,10月
2021-03-29,SO006558,华东,顺丰,174.1,6.48,-162.75,办公用品,Xerox 1928,3月
2021-03-29,SO006559,华南,顺丰,693.17,22.99,-59.83,办公用品,8860,3月
2021-11-10,SO006560,华南,顺丰,3842.99,95.43,-67.68,办公用品,Xerox 1973,11月
2021-12-13,SO006561,华南,顺丰,188.54,8.33,9.820000000000006,数码电子,TDK 4.7GB DVD-R,12月
2021-01-28,SO006562,西南,顺丰,1591.89,34.98,-117.31,数码电子,Xerox 21,1月
2021-01-28,SO006563,华南,顺丰,220.07,4.89,-158.42,数码电子,TDK 4.7GB DVD-R,1月
2021-05-22,SO006564,华北,顺丰,5648.69,256.99,1489.8,数码电子,Accessory34,5月
2021-03-05,SO006565,华东,顺丰,53.34,1.68,-4.68,家具产品,Document Clip Frames,3月
2021-07-03,SO006566,华东,顺丰,29.99,21.98,-8.88,办公用品,Xerox 217,7月
2021-10-06,SO006567,华东,顺丰,176.28,5.18,-80.30449999999999,办公用品,Xerox 216,10月
2021-01-17,SO006568,华北,顺丰,130.11,7.64,40.3,办公用品,Grip Seal Envelopes,1月
2021-01-17,SO006569,华北,顺丰,337.3395,125.99,-509.938,数码电子,Newell 312,1月
2021-01-17,SO006570,华北,顺丰,280.43,11.55,39.52,办公用品,Newell 340,1月
2021-06-07,SO006571,华北,顺丰,632.55,22.72,165.35,家具产品,Document Clip Frames,6月
2021-06-07,SO006572,华北,顺丰,90.96,1.81,-30.11,办公用品,"Super Bands, 12/Pack",6月
2021-06-07,SO006573,华北,顺丰,1997.13,63.94,720.45,家具产品,Document Clip Frames,6月
2021-06-30,SO006574,华北,顺丰,294.0,54.74,181.53,家具产品,Xerox 1996,6月
2021-10-03,SO006575,华北,顺丰,115.51,2.78,5.54,办公用品,Newell 340,10月
2021-10-03,SO006576,华北,顺丰,103.79,2.61,37.85,办公用品,Avery 498,10月
2021-10-03,SO006577,华北,顺丰,2108.21,51.75,273.61,家具产品,Document Clip Frames,10月
2021-06-18,SO006578,华北,顺丰,4483.92,152.48,174.61,数码电子,TDK 4.7GB DVD-R,6月
2021-05-20,SO006579,华北,顺丰,64.13,6.54,-28.968500000000002,办公用品,3M Organizer Strips,5月
2021-03-07,SO006580,华北,顺丰,319.39,8.46,-39.33,数码电子,TDK 4.7GB DVD-R,3月
2021-11-17,SO006581,华北,顺丰,2379.3285,115.99,284.589,数码电子,CF 688,11月
2021-05-07,SO006582,华北,顺丰,50.42,4.82,7.2505,办公用品,3M Organizer Strips,5月
2021-05-07,SO006583,华北,顺丰,2980.372,175.99,494.63100000000003,数码电子,CF 688,5月
2021-07-16,SO006584,华北,顺丰,8718.46,306.14,1554.85,数码电子,Xerox 193,7月
2021-07-16,SO006585,华北,顺丰,135.88,4.98,-66.02,办公用品,6162,7月
2021-01-17,SO006586,华北,顺丰,216.3,6.3,103.16,办公用品,Newell 309,1月
2021-02-07,SO006587,华北,顺丰,1398.87,30.56,601.9615,办公用品,3M Organizer Strips,2月
2021-06-04,SO006588,华北,顺丰,1587.16,49.99,-22.33,数码电子,Colored Push Pins,6月
2021-10-03,SO006589,华北,顺丰,1479.14,130.98,-236.63,家具产品,Phone 918,10月
2021-02-19,SO006590,华北,顺丰,373.13,11.29,-35.26,办公用品,Crate-A-Files™,2月
2021-05-13,SO006591,华北,顺丰,584.42,16.99,-97.21,办公用品,Newell 339,5月
2021-05-13,SO006592,华北,顺丰,803.11,25.98,-237.13,家具产品,Avery 479,5月
2021-02-13,SO006593,东北,顺丰,5441.06,286.85,-557.2,家具产品,KI Conference Tables,2月
2021-08-16,SO006594,东北,顺丰,487.98,12.53,8.1005,办公用品,3M Organizer Strips,8月
2021-04-01,SO006595,东北,顺丰,154.0,4.63,-7.08,办公用品,Newell 340,4月
2021-03-02,SO006596,东北,顺丰,1375.3764999999999,35.99,592.218,数码电子,CF 688,3月
2021-10-17,SO006597,东北,顺丰,4346.98,100.98,10.22,家具产品,8890,10月
2021-04-19,SO006598,东北,顺丰,84.74,4.91,34.1,办公用品,Avery 498,4月
2021-04-19,SO006599,东北,顺丰,279.83,6.04,77.04,办公用品,2180,4月
2021-04-19,SO006600,东北,顺丰,98.57,4.98,-49.64,办公用品,Xerox 217,4月
2021-12-16,SO006601,东北,顺丰,1069.85,31.76,-1179.39,家具产品,Xerox 1952,12月
2021-10-25,SO006602,东北,顺丰,2192.63,59.98,660.06,办公用品,Avery 51,10月
2021-10-25,SO006603,东北,顺丰,6618.457,205.99,1489.959,数码电子,CF 688,10月
2021-10-15,SO006604,东北,顺丰,359.68,18.65,187.15,家具产品,Document Clip Frames,10月
2021-10-15,SO006605,东北,顺丰,131.55,17.98,-43.7436,数码电子,Xerox 193,10月
2021-10-15,SO006606,西南,顺丰,258.11,9.99,9.95,办公用品,Xerox 217,10月
2021-10-15,SO006607,西南,顺丰,1288.515,175.99,-382.569,数码电子,CF 688,10月
2021-09-11,SO006608,西南,顺丰,6131.54,128.24,1844.96,家具产品,Phone 918,9月
2021-01-24,SO006609,华南,顺丰,89.99,4.82,18.955,办公用品,3M Organizer Strips,1月
2021-01-09,SO006610,华南,顺丰,107.95,125.99,-506.308,数码电子,CF 688,1月
2021-06-21,SO006611,华南,顺丰,2920.83,119.99,1068.16,数码电子,Xerox 193,6月
2021-06-21,SO006612,华南,顺丰,262.3,6.48,-255.2,办公用品,Accessory9,6月
2021-03-03,SO006613,华南,顺丰,803.2669999999999,65.99,-19.965,数码电子,CF 688,3月
2021-01-07,SO006614,华南,顺丰,147.16,6.48,-92.55,办公用品,Avery 493,1月
2021-01-07,SO006615,华南,顺丰,50.07,2.67,-0.53,办公用品,Newell 340,1月
2021-01-07,SO006616,华南,顺丰,6982.87,217.85,875.55,家具产品,Xerox 1989,1月
2021-09-01,SO006617,华南,顺丰,277.0745,7.99,-128.436,数码电子,CF 688,9月
2021-09-16,SO006618,华南,顺丰,642.1,13.99,41.56,数码电子,Xerox 193,9月
2021-04-25,SO006619,华南,顺丰,70.45,1.82,-2.31,办公用品,3285,4月
2021-12-28,SO006620,华南,顺丰,99.55,4.98,-60.9,数码电子,TDK 4.7GB DVD-R,12月
2021-12-18,SO006621,华南,顺丰,129.18,15.98,-30.02,数码电子,TDK 4.7GB DVD-R,12月
2021-12-18,SO006622,华南,顺丰,1016.26,22.84,337.97,办公用品,Xerox 1896,12月
2021-12-18,SO006623,华南,顺丰,437.87,30.98,-111.94,数码电子,2180,12月
2021-08-17,SO006624,华南,顺丰,546.4,15.14,-138.82,办公用品,Crate-A-Files™,8月
2021-10-02,SO006625,华南,顺丰,70.91,70.97,-45.43,办公用品,Holmes Odor Grabber,10月
2021-12-10,SO006626,华南,顺丰,187.13,5.98,-60.83,办公用品,M70,12月
2021-12-29,SO006627,华南,顺丰,492.71,19.98,67.01,办公用品,Xerox 217,12月
2021-12-29,SO006628,华南,顺丰,1042.06,70.89,-931.248,家具产品,Xerox 1993,12月
2021-08-02,SO006629,华南,顺丰,382.65,9.27,47.61,办公用品,8860,8月
2021-08-02,SO006630,华南,顺丰,61.0,6.48,-34.25,办公用品,Xerox 212,8月
2021-08-02,SO006631,华南,顺丰,3559.613,205.99,747.738,数码电子,Blackstonian Pencils,8月
2021-07-28,SO006632,华南,顺丰,221.42,4.98,-142.02,数码电子,TDK 4.7GB DVD-R,7月
2021-07-17,SO006633,华东,顺丰,460.71,70.98,-231.95,办公用品,Crate-A-Files™,7月
2021-12-05,SO006634,华东,顺丰,1413.82,30.98,226.5335,办公用品,3M Organizer Strips,12月
2021-12-05,SO006635,华南,顺丰,56.9,7.64,12.64,办公用品,Grip Seal Envelopes,12月
2021-12-05,SO006636,华北,顺丰,308.92,6.48,-143.58,办公用品,Xerox 217,12月
2021-02-10,SO006637,华北,顺丰,26.64,11.55,-13.88,办公用品,Newell 340,2月
2021-02-10,SO006638,华北,顺丰,88.19,4.98,-25.97,办公用品,Xerox 1929,2月
2021-09-07,SO006639,华北,顺丰,760.2484999999999,55.99,29.799,数码电子,CF 688,9月
2021-10-08,SO006640,华北,顺丰,2200.64,89.99,-514.18,家具产品,Phone 918,10月
2021-04-16,SO006641,西北,顺丰,27.99,3.8,-0.17249999999999938,办公用品,3M Organizer Strips,4月
2021-04-16,SO006642,西北,顺丰,21.07,3.69,2.28,办公用品,Xerox 1983,4月
2021-06-17,SO006643,西北,顺丰,1307.1840000000002,262.11,-184.06,家具产品,KI Conference Tables,6月
2021-08-01,SO006644,西北,顺丰,145.76,5.28,5.6695,办公用品,KI Conference Tables,8月
2021-05-31,SO006645,西北,顺丰,277.08,6.48,-179.11,办公用品,Xerox 217,5月
2021-06-03,SO006646,西北,顺丰,8230.77,161.55,1577.02,办公用品,Xerox 1930,6月
2021-08-17,SO006647,西北,顺丰,197.21,20.98,56.882000000000005,办公用品,6185,8月
2021-10-10,SO006648,西北,顺丰,31.6,2.84,-3.64,办公用品,Newell 340,10月
2021-04-25,SO006649,西北,顺丰,318.28,8.17,114.95,办公用品,Xerox 217,4月
2021-04-25,SO006650,华东,顺丰,289.53,8.69,46.971,办公用品,3M Organizer Strips,4月
2021-04-25,SO006651,华东,顺丰,322.8,7.08,53.15,办公用品,Newell 340,4月
2021-06-09,SO006652,华东,顺丰,154.18,3.58,-166.9225,办公用品,Xerox 210,6月
2021-06-09,SO006653,华东,顺丰,110.31,5.85,-1.22,办公用品,Newell 309,6月
2021-06-09,SO006654,华东,顺丰,137.51,3.29,21.62,办公用品,Xerox 1949,6月
2021-07-23,SO006655,华东,顺丰,649.71,30.42,-157.51,数码电子,Accessory24,7月
2021-02-11,SO006656,华东,顺丰,9757.48,270.98,-96.05,家具产品,Phone 918,2月
2021-07-01,SO006657,华东,顺丰,1967.83,45.19,659.6,数码电子,TDK 4.7GB DVD-R,7月
2021-07-01,SO006658,华东,顺丰,52.59,4.98,-28.14,办公用品,Avery 52,7月
2021-10-07,SO006659,华东,顺丰,277.88,7.68,-64.41149999999999,办公用品,3M Organizer Strips,10月
2021-10-07,SO006660,华东,顺丰,3939.89,291.73,598.24,家具产品,Phone 918,10月
2021-10-07,SO006661,华东,顺丰,925.3,19.98,257.31,办公用品,Xerox 216,10月
2021-10-23,SO006662,华东,顺丰,80.56,15.67,12.5,办公用品,Grip Seal Envelopes,10月
2021-04-15,SO006663,华南,顺丰,245.82,6.45,86.44,办公用品,Xerox 217,4月
2021-04-15,SO006664,华南,顺丰,269.14,35.77,-160.72,数码电子,TDK 4.7GB DVD-R,4月
2021-03-03,SO006665,华南,顺丰,649.46,15.98,189.04,数码电子,TDK 4.7GB DVD-R,3月
2021-09-17,SO006666,华南,顺丰,12072.9,243.98,3064.51,家具产品,Phone 918,9月
2021-05-22,SO006667,华东,顺丰,20701.928,550.98,3918.54,家具产品,KI Conference Tables,5月
2021-03-13,SO006668,华东,顺丰,436.3,50.98,-50.31,家具产品,Phone 918,3月
2021-03-13,SO006669,华东,顺丰,364.23,7.59,41.58,家具产品,Document Clip Frames,3月
2021-07-25,SO006670,华南,顺丰,475.58,15.98,108.21,数码电子,TDK 4.7GB DVD-R,7月
2021-07-27,SO006671,华南,顺丰,20.19,4.91,1.3,办公用品,Avery 498,7月
2021-07-27,SO006672,华南,顺丰,74.99,1.82,-8.95,办公用品,Newell 340,7月
2021-01-02,SO006673,华南,顺丰,279.4,10.48,-92.25,办公用品,Crate-A-Files™,1月
2021-12-08,SO006674,华南,顺丰,5001.29,304.99,1680.9175,办公用品,Xerox 1897,12月
2021-06-26,SO006675,华南,顺丰,302.2,10.98,20.27,办公用品,Letter Slitter,6月
2021-07-11,SO006676,华南,顺丰,230.74,14.2,27.23,家具产品,Document Clip Frames,7月
2021-09-12,SO006677,华南,顺丰,8188.19,204.1,3702.0,数码电子,Xerox 193,9月
2021-11-16,SO006678,华南,顺丰,3191.24,83.98,1620.23,办公用品,Grip Seal Envelopes,11月
2021-09-01,SO006679,华南,顺丰,81.97,1.98,-148.7985,办公用品,3M Organizer Strips,9月
2021-10-11,SO006680,华南,顺丰,179.65,4.13,3.32,办公用品,Newell 340,10月
2021-07-13,SO006681,华南,顺丰,274.04,5.38,-243.869,办公用品,3M Organizer Strips,7月
2021-07-03,SO006682,华南,顺丰,3419.1505,115.99,858.582,数码电子,CF 688,7月
2021-03-10,SO006683,华南,顺丰,176.15,5.53,-125.3615,办公用品,3M Organizer Strips,3月
2021-03-10,SO006684,华东,顺丰,2946.05,105.49,-690.21,家具产品,KI Conference Tables,3月
2021-12-17,SO006685,华南,顺丰,173.22,4.91,84.03,办公用品,Avery 498,12月
2021-11-21,SO006686,华南,顺丰,102.15,2.08,-138.51,家具产品,Document Clip Frames,11月
2021-03-16,SO006687,华东,顺丰,399.58,8.45,-188.53,办公用品,Avery 508,3月
2021-06-15,SO006688,华南,顺丰,102.46,2.88,36.64,办公用品,Newell 307,6月
2021-06-15,SO006689,华北,顺丰,1097.6,25.38,216.12,家具产品,Document Clip Frames,6月
2021-06-15,SO006690,华北,顺丰,195.04,167.27,-149.41,办公用品,Crate-A-Files™,6月
2021-11-25,SO006691,华北,顺丰,87.91,6.68,-27.91,办公用品,Xerox 217,11月
2021-02-14,SO006692,华北,顺丰,174.11,13.73,-24.52,家具产品,Document Clip Frames,2月
2021-08-14,SO006693,华北,顺丰,19.57,5.84,-5.35,办公用品,Newell 340,8月
2021-08-27,SO006694,华北,顺丰,343.0,6.68,-76.94,办公用品,Xerox 217,8月
2021-12-30,SO006695,华北,顺丰,580.96,13.73,-33.47,家具产品,Document Clip Frames,12月
2021-05-12,SO006696,东北,顺丰,230.23,4.28,-150.93,办公用品,Newell 325,5月
2021-12-12,SO006697,东北,顺丰,5824.01,150.98,-288.68,家具产品,Phone 918,12月
2021-08-11,SO006698,东北,顺丰,66.43,10.68,-9.45,家具产品,8890,8月
2021-08-11,SO006699,东北,顺丰,2674.18,110.98,631.99,家具产品,Document Clip Frames,8月
2021-08-11,SO006700,西南,顺丰,5513.82,105.98,1581.93,家具产品,Document Clip Frames,8月
2021-08-11,SO006701,华南,顺丰,241.14,6.68,-120.08,办公用品,Avery 493,8月
2021-06-12,SO006702,华南,顺丰,1756.27,46.89,649.05,办公用品,Holmes Odor Grabber,6月
2021-06-12,SO006703,华东,顺丰,345.58,6.64,-38.04,家具产品,"Elite 5"" Scissors",6月
2021-11-13,SO006704,华北,顺丰,52.39,5.89,-17.38,家具产品,Avery 492,11月
2021-12-25,SO006705,华北,顺丰,365.22,46.89,58.08,办公用品,Holmes Odor Grabber,12月
2021-08-28,SO006706,华北,顺丰,273.36,17.24,32.25,办公用品,Letter Slitter,8月
2021-08-28,SO006707,西北,顺丰,3240.728,218.75,-691.31,家具产品,Xerox 195,8月
2021-08-28,SO006708,西北,顺丰,8058.96,209.37,-1621.38,家具产品,KI Conference Tables,8月
2021-01-11,SO006709,西北,顺丰,172.54,9.11,44.23,办公用品,Newell 312,1月
2021-03-09,SO006710,西北,顺丰,185.19,4.98,-175.62,办公用品,Xerox 1923,3月
2021-03-09,SO006711,华东,顺丰,220.26,10.23,-35.95,办公用品,Letter Slitter,3月
2021-03-09,SO006712,华东,顺丰,843.03,20.99,419.895,数码电子,Xerox 1953,3月
2021-08-15,SO006713,华东,顺丰,5290.57,178.47,1389.18,办公用品,Crate-A-Files™,8月
2021-06-24,SO006714,华东,顺丰,283.65349999999995,20.99,-113.047,数码电子,Dana Swing-Arm Lamps,6月
2021-08-08,SO006715,华南,顺丰,1187.1525,95.99,33.192,数码电子,CF 688,8月
2021-02-27,SO006716,华南,顺丰,17034.92,599.99,5916.343,数码电子,Canon PC940 Copier,2月
2021-02-27,SO006717,华南,顺丰,22.6,5.88,-4.63,办公用品,Xerox 217,2月
2021-02-27,SO006718,华南,顺丰,918.7394999999999,125.99,-303.556,数码电子,CF 688,2月
2021-11-14,SO006719,华东,顺丰,61.09,4.91,24.06,办公用品,Avery 498,11月
2021-11-14,SO006720,华东,顺丰,777.76,15.94,63.46,办公用品,Newell 340,11月
2021-10-29,SO006721,华东,顺丰,113.43,4.95,-53.06,家具产品,Document Clip Frames,10月
2021-10-11,SO006722,华北,顺丰,7685.62,165.2,1952.15,办公用品,Crate-A-Files™,10月
2021-08-31,SO006723,华北,EMS,18.02,2.78,-3.09,办公用品,Newell 340,8月
2021-08-13,SO006724,华北,EMS,214.94,17.48,26.75,数码电子,TDK 4.7GB DVD-R,8月
2021-01-26,SO006725,华北,EMS,183.33,5.98,-106.54,数码电子,TDK 4.7GB DVD-R,1月
2021-01-26,SO006726,华北,EMS,88.06,6.48,-69.05,家具产品,Xerox 1922,1月
2021-08-26,SO006727,华北,EMS,309.17,7.77,-283.31,办公用品,Holmes Odor Grabber,8月
2021-08-26,SO006728,华北,EMS,412.86,15.14,-104.43,办公用品,Accessory21,8月
2021-07-14,SO006729,华北,EMS,945.86,22.01,31.59,办公用品,Newell 340,7月
2021-07-14,SO006730,华北,EMS,2340.5040000000004,236.97,243.16,家具产品,Accessory37,7月
2021-03-31,SO006731,华北,EMS,155.924,20.99,-63.118,数码电子,T60,3月
2021-06-29,SO006732,华北,EMS,3229.66,125.99,695.0609999999999,数码电子,CF 688,6月
2021-06-29,SO006733,华北,圆通,4010.9375,195.99,630.702,数码电子,CF 688,6月
2021-03-03,SO006734,西北,圆通,22.74,12.64,-13.59,家具产品,Timeport L7089,3月
2021-06-12,SO006735,东北,圆通,34.23,6.48,-9.5,办公用品,Avery 478,6月
2021-06-12,SO006736,东北,圆通,383.33,17.07,27.62,办公用品,Grip Seal Envelopes,6月
2021-09-12,SO006737,东北,圆通,108.87,22.84,-39.92,办公用品,Xerox 217,9月
2021-04-11,SO006738,东北,圆通,2600.44,499.99,-921.94,数码电子,Canon PC940 Copier,4月
2021-04-19,SO006739,东北,圆通,3960.99,199.99,631.33,数码电子,Canon PC940 Copier,4月
2021-04-19,SO006740,东北,圆通,750.14,17.67,93.68,家具产品,Document Clip Frames,4月
2021-05-23,SO006741,东北,圆通,139.69,7.77,-95.64,办公用品,Holmes Odor Grabber,5月
2021-05-23,SO006742,东北,圆通,6030.58,195.99,1197.855,数码电子,CF 688,5月
2021-10-29,SO006743,东北,圆通,94.39,2.88,12.31,办公用品,Newell 340,10月
2021-11-05,SO006744,东北,圆通,199.94,6.48,-147.27,办公用品,Xerox 217,11月
2021-09-06,SO006745,东北,圆通,5041.46,122.99,-2136.66,家具产品,Phone 918,9月
2021-09-06,SO006746,东北,圆通,282.98,6.48,-237.47,办公用品,Xerox 217,9月
2021-09-06,SO006747,东北,圆通,8817.71,349.45,-2946.051,家具产品,KI Conference Tables,9月
2021-12-16,SO006748,东北,圆通,2277.67,140.98,-173.96,家具产品,270c,12月
2021-11-27,SO006749,东北,圆通,3337.5164999999997,115.99,850.536,数码电子,T28 WORLD,11月
2021-11-27,SO006750,东北,圆通,1018.4019999999999,35.99,296.865,数码电子,CF 688,11月
2021-11-27,SO006751,东北,圆通,2679.1234999999997,65.99,47.277,数码电子,Xerox 213,11月
2021-05-05,SO006752,东北,圆通,1282.49,40.97,154.74,家具产品,Document Clip Frames,5月
2021-11-20,SO006753,东北,圆通,2813.34,442.14,-688.4396999999999,数码电子,Xerox 1982,11月
2021-11-20,SO006754,西南,圆通,2682.8,60.22,860.22,办公用品,Holmes Odor Grabber,11月
2021-01-18,SO006755,西南,圆通,672.46,15.74,279.74,办公用品,Grip Seal Envelopes,1月
2021-01-06,SO006756,华南,圆通,2357.45,100.98,-108.8,家具产品,Xerox 1907,1月
2021-02-25,SO006757,华南,圆通,1140.26,29.18,387.2,家具产品,Document Clip Frames,2月
2021-02-25,SO006758,华南,圆通,2645.8,80.98,-684.78,办公用品,A1228,2月
2021-04-22,SO006759,华南,圆通,221.06,4.57,-124.28049999999999,办公用品,Newell 340,4月
2021-03-18,SO006760,华南,圆通,2130.66,130.98,-113.77,家具产品,Xerox 1905,3月
2021-03-09,SO006761,华南,圆通,164.22,5.98,-124.72,办公用品,Xerox 217,3月
2021-03-09,SO006762,华南,圆通,135.91,5.68,37.5,办公用品,Xerox 224,3月
2021-07-22,SO006763,华南,圆通,3308.28,130.98,-581.59,家具产品,Xerox 1907,7月
2021-04-09,SO006764,华南,圆通,370.6,7.64,160.72,办公用品,Grip Seal Envelopes,4月
2021-05-26,SO006765,华南,圆通,4072.01,90.24,1675.98,办公用品,6162m,5月
2021-11-23,SO006766,华南,圆通,10051.52,204.1,4938.78,数码电子,Accessory41,11月
2021-07-29,SO006767,华南,圆通,5875.66,178.47,1856.12,办公用品,iDENi80s,7月
2021-03-04,SO006768,华南,圆通,41.37,2.94,1.82,办公用品,Newell 340,3月
2021-08-10,SO006769,华南,圆通,89.93,5.98,-44.82,数码电子,TDK 4.7GB DVD-R,8月
2021-12-15,SO006770,华南,圆通,71.22,3.85,20.43,办公用品,Newell 340,12月
2021-04-20,SO006771,华南,圆通,1387.29,55.48,405.64,办公用品,Xerox 217,4月
2021-03-28,SO006772,华南,圆通,2365.43,150.98,619.71,数码电子,Xerox 193,3月
2021-09-18,SO006773,华南,圆通,88.24,4.98,-56.6,数码电子,TDK 4.7GB DVD-R,9月
2021-08-09,SO006774,华南,圆通,21.64,5.74,-13.3285,办公用品,3M Organizer Strips,8月
2021-10-29,SO006775,华南,圆通,254.92,5.98,-99.62,办公用品,Xerox 217,10月
2021-10-11,SO006776,华南,圆通,863.26,19.23,229.6,家具产品,Document Clip Frames,10月
2021-10-31,SO006777,华南,圆通,414.11,8.74,-172.32,办公用品,Xerox 1920,10月
2021-11-16,SO006778,华南,圆通,340.952,20.99,108.936,数码电子,CF 688,11月
2021-10-09,SO006779,华东,圆通,1859.01,60.98,-588.9,家具产品,Phone 918,10月
2021-10-09,SO006780,华东,圆通,1781.11,99.99,51.44,数码电子,TDK 4.7GB DVD-R,10月
2021-10-09,SO006781,华北,圆通,185.32,4.18,-192.56,家具产品,Document Clip Frames,10月
2021-10-09,SO006782,华北,圆通,73.41,4.91,-44.7925,办公用品,3M Organizer Strips,10月
2021-10-09,SO006783,华北,圆通,43.66,1.48,5.77,办公用品,"Super Bands, 12/Pack",10月
2021-07-26,SO006784,华北,圆通,387.03,7.96,-7.73,家具产品,Newell 338,7月
2021-06-02,SO006785,华北,圆通,817.53,22.84,76.63,办公用品,Xerox 217,6月
2021-06-02,SO006786,华北,圆通,25.96,9.99,-29.292900000000003,数码电子,Xerox 193,6月
2021-06-02,SO006787,西北,圆通,182.47,10.98,-3.18,办公用品,Xerox 194,6月
2021-01-02,SO006788,西北,圆通,11103.75,370.98,-522.59,办公用品,Crate-A-Files™,1月
2021-12-10,SO006789,西北,圆通,47.55,2.21,10.01,办公用品,Newell 340,12月
2021-06-23,SO006790,西北,圆通,346.42,16.48,67.96,数码电子,Binder Posts,6月
2021-06-23,SO006791,西北,圆通,773.44,20.24,133.83,家具产品,Xerox 1983,6月
2021-06-23,SO006792,西北,圆通,881.84,18.97,153.8,办公用品,Xerox 1986,6月
2021-06-23,SO006793,西北,圆通,5067.5725,125.99,1275.912,数码电子,CF 688,6月
2021-05-12,SO006794,西北,圆通,271.14,6.48,-174.74,办公用品,Xerox 217,5月
2021-01-11,SO006795,华东,圆通,360.7,12.97,146.166,办公用品,Accessory21,1月
2021-08-03,SO006796,华东,圆通,238.79,4.98,-83.78,办公用品,Xerox 217,8月
2021-08-03,SO006797,华东,圆通,148.26,2.94,49.04,办公用品,Newell 340,8月
2021-12-20,SO006798,华东,圆通,725.8,15.04,327.45,办公用品,Xerox 217,12月
2021-04-02,SO006799,华东,圆通,585.47,37.94,178.14,办公用品,Xerox 217,4月
2021-05-16,SO006800,华东,圆通,831.5805,20.99,273.051,数码电子,Binder Clips by OIC,5月
2021-03-26,SO006801,华东,圆通,13.71,3.28,-10.27,办公用品,Newell 340,3月
2021-12-01,SO006802,华东,圆通,464.59,28.53,168.215,办公用品,Xerox 1964,12月
2021-12-01,SO006803,华东,圆通,316.68,6.48,-161.0,办公用品,Xerox 217,12月
2021-07-08,SO006804,华东,圆通,201.83,30.98,34.98,办公用品,Xerox 217,7月
2021-02-24,SO006805,华东,圆通,176.34,6.48,-103.32,办公用品,Xerox 217,2月
2021-02-24,SO006806,华东,圆通,186.5,37.44,4.160000000000011,办公用品,Newell 340,2月
2021-05-31,SO006807,华东,圆通,7965.902499999999,195.99,2311.956,数码电子,Maxell DVD-RAM Discs,5月
2021-12-03,SO006808,华东,圆通,16.91,4.13,0.21000000000000085,办公用品,Avery 498,12月
2021-12-03,SO006809,华东,圆通,464.66,54.74,219.02,家具产品,Document Clip Frames,12月
2021-12-05,SO006810,华南,圆通,66.83,4.98,23.16,办公用品,StarTAC ST7868,12月
2021-02-01,SO006811,华南,圆通,111.83,2.94,19.36,办公用品,Xerox 216,2月
2021-02-01,SO006812,华南,圆通,4159.628,95.99,1332.909,数码电子,CF 688,2月
2021-02-01,SO006813,华南,圆通,37.73,8.67,-13.72,办公用品,Xerox 1949,2月
2021-02-01,SO006814,华南,圆通,519.69,100.98,-122.09,数码电子,TDK 4.7GB DVD-R,2月
2021-10-18,SO006815,华南,圆通,9171.71,808.49,2636.01,数码电子,Xerox 193,10月
2021-10-18,SO006816,华南,圆通,18.05,2.88,0.13,办公用品,Avery 498,10月
2021-10-18,SO006817,华南,圆通,2896.3579999999997,65.99,583.4970000000001,数码电子,Accessory25,10月
2021-12-26,SO006818,华南,圆通,255.7,5.81,-35.74,办公用品,Newell 337,12月
2021-04-26,SO006819,华南,圆通,570.14,15.31,-90.72,办公用品,Crate-A-Files™,4月
2021-01-09,SO006820,华南,圆通,1247.8595,125.99,-55.803,数码电子,Xerox 220,1月
2021-10-30,SO006821,西南,圆通,31.2,1.14,-2.81,办公用品,Xerox 19,10月
2021-10-30,SO006822,华南,圆通,132.78,7.28,-130.96,办公用品,Xerox 213,10月
2021-08-28,SO006823,西北,圆通,47.12,2.52,-47.01,办公用品,Newell 340,8月
2021-11-25,SO006824,华北,圆通,29.24,6.98,-1.73,办公用品,T28 WORLD,11月
2021-04-17,SO006825,华北,圆通,825.63,18.94,379.7375,办公用品,Avery 506,4月
2021-05-12,SO006826,东北,圆通,3202.25,78.69,991.26,家具产品,Document Clip Frames,5月
2021-05-12,SO006827,华南,圆通,81.25,6.48,-44.54,办公用品,Xerox 217,5月
2021-05-12,SO006828,华东,圆通,57.17,3.28,-24.03,办公用品,Newell 338,5月
2021-05-12,SO006829,华南,圆通,41.97,3.28,-37.03,办公用品,T60,5月
2021-05-12,SO006830,华南,圆通,35.64,3.58,-0.71,办公用品,"Super Bands, 12/Pack",5月
2021-01-15,SO006831,东北,圆通,51.27,7.04,3.27,办公用品,Xerox 217,1月
2021-08-09,SO006832,华南,圆通,7323.78,243.98,573.55,家具产品,Phone 918,8月
2021-09-06,SO006833,华南,圆通,108.11,6.48,-62.23,办公用品,Avery 474,9月
2021-10-22,SO006834,华南,圆通,28761.52,3499.99,285.1130000000003,数码电子,StarTAC Analog,10月
2021-10-13,SO006835,华北,圆通,2387.61,54.2,527.13,家具产品,Document Clip Frames,10月
2021-11-09,SO006836,华东,圆通,200.41,10.23,-23.65,办公用品,Letter Slitter,11月
2021-05-05,SO006837,华东,圆通,4480.89,90.98,195.04,家具产品,5170i,5月
2021-02-14,SO006838,华东,圆通,2651.21,348.21,-93.84999999999991,家具产品,OIC Thumb-Tacks,2月
2021-07-18,SO006839,华南,圆通,4799.788500000001,155.99,1231.893,数码电子,CF 688,7月
2021-07-10,SO006840,华南,圆通,97.13,98.31,-37.06,办公用品,Avery 498,7月
2021-06-13,SO006841,华南,圆通,7647.97,167.27,-1014.01,办公用品,Crate-A-Files™,6月
2021-06-13,SO006842,华北,圆通,6861.8545,195.99,1754.0819999999999,数码电子,CF 688,6月
2021-10-28,SO006843,东北,圆通,856.9,18.97,106.93,办公用品,Xerox 217,10月
2021-03-22,SO006844,西南,圆通,337.61,12.28,15.61,办公用品,Xerox 213,3月
2021-03-22,SO006845,华南,圆通,636.34,15.14,-99.26,办公用品,Newell 321,3月
2021-10-23,SO006846,华南,圆通,53.29,6.48,-28.88,办公用品,Newell 351,10月
2021-10-22,SO006847,华东,圆通,2096.7,47.9,939.67,办公用品,Xerox 217,10月
2021-10-22,SO006848,华北,圆通,55.43,35.44,-48.91,办公用品,Xerox 217,10月
2021-06-17,SO006849,东北,圆通,750.66,20.95,120.05,数码电子,TDK 4.7GB DVD-R,6月
2021-06-17,SO006850,东北,圆通,254.32,30.98,-117.39,数码电子,Xerox 204,6月
2021-06-17,SO006851,东北,圆通,2149.37,51.75,217.87,家具产品,Document Clip Frames,6月
2021-01-07,SO006852,西南,圆通,106.2,4.91,48.76,办公用品,Avery 498,1月
2021-07-21,SO006853,华南,圆通,520.68,22.84,-143.66,办公用品,Xerox 217,7月
2021-07-21,SO006854,华南,圆通,358.78,14.98,-76.9,办公用品,Crate-A-Files™,7月
2021-10-19,SO006855,华南,圆通,81.87,6.48,-31.14,办公用品,Xerox 217,10月
2021-05-31,SO006856,华南,圆通,122.42,6.48,-37.04,办公用品,T39m,5月
2021-10-22,SO006857,华南,圆通,1086.39,167.27,-311.23,办公用品,Crate-A-Files™,10月
2021-02-16,SO006858,华南,圆通,180.39,11.58,-8.11,办公用品,Grip Seal Envelopes,2月
2021-03-07,SO006859,华南,圆通,411.75,11.66,-182.87,办公用品,CF 888,3月
2021-04-11,SO006860,华北,圆通,708.83,17.67,35.08,家具产品,Xerox 1939,4月
2021-05-20,SO006861,西北,圆通,8223.07,195.99,2549.4030000000002,数码电子,CF 688,5月
2021-10-01,SO006862,华东,圆通,300.07,6.48,-209.58,办公用品,Xerox 217,10月
2021-09-20,SO006863,华东,圆通,128.0,2.89,45.51,办公用品,Xerox 220,9月
2021-09-20,SO006864,华东,圆通,252.66,48.91,32.86,办公用品,Xerox 1938,9月
2021-04-11,SO006865,华东,圆通,103.32,2.98,-25.68,办公用品,Xerox 1880,4月
2021-09-23,SO006866,华南,圆通,130.11,8.12,-47.69,数码电子,TDK 4.7GB DVD-R,9月
2021-09-23,SO006867,华南,圆通,4012.58,279.48,-425.14,办公用品,Crate-A-Files™,9月
2021-09-23,SO006868,华南,圆通,1295.54,40.99,214.23,办公用品,Xerox 217,9月
2021-09-03,SO006869,华南,圆通,846.85,27.48,-25.98,数码电子,Avery 508,9月
2021-02-25,SO006870,华南,圆通,305.76,10.44,-22.5285,办公用品,Xerox 1982,2月
2021-02-25,SO006871,华南,圆通,25.48,8.33,-26.8,数码电子,TDK 4.7GB DVD-R,2月
2021-03-29,SO006872,华南,圆通,177.41,5.78,-116.05,办公用品,Xerox 217,3月
2021-07-10,SO006873,东北,圆通,5661.08,160.98,1055.47,家具产品,Xerox 1894,7月
2021-07-28,SO006874,华南,圆通,2245.78,70.98,-432.46,家具产品,Phone 918,7月
2021-03-06,SO006875,华东,圆通,1523.5,60.98,-807.89,办公用品,Holmes Odor Grabber,3月
2021-09-18,SO006876,华北,圆通,3760.3065,195.99,593.181,数码电子,CF 688,9月
2021-01-15,SO006877,华北,圆通,249.59,7.64,101.82,办公用品,Grip Seal Envelopes,1月
2021-03-19,SO006878,华北,圆通,96.71,3.28,-72.44,办公用品,CF 888,3月
2021-03-19,SO006879,华北,圆通,259.69,24.92,-45.816,办公用品,Xerox 212,3月
2021-03-19,SO006880,华北,圆通,2503.86,270.97,-172.4775,数码电子,Accessory6,3月
2021-03-19,SO006881,华北,圆通,374.67,12.28,30.63,办公用品,Avery 498,3月
2021-06-04,SO006882,华北,圆通,86.64,3.98,-73.071,办公用品,Xerox 1891,6月
2021-08-13,SO006883,华北,圆通,409.97,33.62,39.36,办公用品,Holmes Odor Grabber,8月
2021-07-03,SO006884,东北,圆通,399.64,17.98,-15.4164,数码电子,Xerox 193,7月
2021-07-03,SO006885,东北,圆通,277.35,6.48,-103.28,办公用品,Xerox 217,7月
2021-10-02,SO006886,东北,圆通,238.25,9.38,-83.55,办公用品,Xerox 1893,10月
2021-06-22,SO006887,东北,圆通,1357.44,70.98,-102.3,家具产品,Xerox 1907,6月
2021-12-11,SO006888,东北,圆通,334.71,12.28,31.74,办公用品,Xerox 217,12月
2021-02-21,SO006889,东北,圆通,164.41,4.98,-128.52,办公用品,Xerox 217,2月
2021-02-21,SO006890,东北,圆通,1882.18,107.53,336.26,家具产品,Document Clip Frames,2月
2021-08-25,SO006891,东北,圆通,98.82,7.37,-68.66,数码电子,TDK 4.7GB DVD-R,8月
2021-08-25,SO006892,东北,圆通,289.19,6.68,-69.03,办公用品,Xerox 217,8月
2021-12-30,SO006893,东北,圆通,672.93,19.98,27.85,数码电子,TDK 4.7GB DVD-R,12月
2021-12-30,SO006894,东北,圆通,803.33,832.81,-745.2,办公用品,T28 WORLD,12月
2021-05-05,SO006895,东北,圆通,94.35,12.22,42.22,家具产品,Document Clip Frames,5月
2021-05-05,SO006896,东北,圆通,276.75,5.28,-117.91,办公用品,Xerox 217,5月
2021-06-01,SO006897,东北,圆通,123.34,11.34,0.6400000000000006,办公用品,Newell 342,6月
2021-06-01,SO006898,东北,圆通,1642.47,68.81,-524.03,办公用品,Holmes Odor Grabber,6月
2021-08-22,SO006899,西南,圆通,375.11,7.28,-331.63,办公用品,Xerox 217,8月
2021-03-30,SO006900,西南,圆通,109.92,3.98,24.75,办公用品,Newell 340,3月
2021-05-04,SO006901,华南,圆通,22145.37,1938.02,6138.48,数码电子,Xerox 193,5月
2021-12-13,SO006902,华南,圆通,1537.5,70.98,-531.92,办公用品,Crate-A-Files™,12月
2021-08-16,SO006903,华南,圆通,1457.78,49.99,68.23,数码电子,TDK 4.7GB DVD-R,8月
2021-03-07,SO006904,华南,圆通,9418.14,517.48,909.36,数码电子,Xerox 20,3月
2021-09-27,SO006905,华南,圆通,1981.26,41.32,100.8,家具产品,Staples File Caddy,9月
2021-08-09,SO006906,华南,圆通,131.12,11.5,-24.805500000000002,办公用品,3M Organizer Strips,8月
2021-01-23,SO006907,华南,圆通,396.15,9.85,-10.98,办公用品,Xerox 1881,1月
2021-07-16,SO006908,华南,圆通,103.2,4.28,17.89,办公用品,Xerox 1961,7月
2021-07-16,SO006909,华南,圆通,144.14,9.78,12.09,数码电子,TDK 4.7GB DVD-R,7月
2021-07-16,SO006910,华南,圆通,30.65,3.29,0.08000000000000007,办公用品,"Super Bands, 12/Pack",7月
2021-07-27,SO006911,华南,圆通,5615.4,120.97,1807.16,数码电子,Accessory23,7月
2021-11-16,SO006912,华南,圆通,318.94,7.37,-195.6,数码电子,TDK 4.7GB DVD-R,11月
2021-01-21,SO006913,华南,圆通,97.74,7.84,-8.4985,办公用品,Xerox 1968,1月
2021-01-21,SO006914,华南,圆通,335.59,9.78,85.83,数码电子,TDK 4.7GB DVD-R,1月
2021-03-20,SO006915,华南,圆通,44.1,2.58,-6.22,办公用品,Newell 340,3月
2021-04-20,SO006916,华南,圆通,150.29,3.69,5.04,办公用品,Grip Seal Envelopes,4月
2021-03-17,SO006917,华南,圆通,730.51,26.38,217.57,家具产品,Xerox 1981,3月
2021-01-16,SO006918,华南,圆通,503.75,13.43,16.46,办公用品,Xerox 188,1月
2021-12-16,SO006919,华南,圆通,507.44,42.8,170.901,办公用品,3M Organizer Strips,12月
2021-03-07,SO006920,华南,圆通,1692.03,54.96,574.44,办公用品,Xerox 217,3月
2021-01-26,SO006921,华南,圆通,1756.46,113.98,-101.19,家具产品,Phone 918,1月
2021-03-08,SO006922,华东,圆通,4878.64,150.98,-519.94,家具产品,Xerox 1907,3月
2021-05-04,SO006923,华东,圆通,1056.6435,205.99,-586.201,数码电子,CF 688,5月
2021-03-23,SO006924,华北,圆通,403.73,10.89,-44.13,办公用品,Holmes Odor Grabber,3月
2021-03-23,SO006925,华北,圆通,86.85,28.48,-67.22,数码电子,TDK 4.7GB DVD-R,3月
2021-03-23,SO006926,华北,圆通,132.31,2.88,10.914,办公用品,3M Organizer Strips,3月
2021-08-07,SO006927,西北,圆通,196.07,10.97,-77.66,数码电子,TDK 4.7GB DVD-R,8月
2021-08-06,SO006928,西北,圆通,259.25,5.68,-64.03,办公用品,Lumber Crayons,8月
2021-12-02,SO006929,西北,圆通,93.22,3.74,-15.37,办公用品,Newell 336,12月
2021-01-04,SO006930,西北,圆通,1039.56,350.98,-394.69,家具产品,Phone 918,1月
2021-09-23,SO006931,西北,圆通,1929.19,60.97,570.67,办公用品,Holmes Odor Grabber,9月
2021-10-01,SO006932,西北,圆通,44.84,14.2,37.74,家具产品,Document Clip Frames,10月
2021-10-01,SO006933,西北,圆通,1281.1795,115.99,-26.62,数码电子,CF 688,10月
2021-10-01,SO006934,西北,圆通,710.33,18.97,62.53,办公用品,Xerox 217,10月
2021-01-24,SO006935,华东,圆通,1090.6,23.99,300.91,数码电子,Xerox 193,1月
2021-06-15,SO006936,华东,圆通,99.13,2.94,23.74,办公用品,Newell 340,6月
2021-02-13,SO006937,华东,圆通,49.04,5.68,9.29,办公用品,Grip Seal Envelopes,2月
2021-02-13,SO006938,华东,圆通,2320.35,348.21,-237.618,家具产品,Colored Envelopes,2月
2021-10-03,SO006939,华东,圆通,395.37,10.98,17.15,办公用品,Letter Slitter,10月
2021-11-08,SO006940,华东,圆通,634.38,15.74,272.4,办公用品,Grip Seal Envelopes,11月
2021-11-08,SO006941,华东,圆通,5196.19,140.99,2052.13,数码电子,Xerox 193,11月
2021-11-08,SO006942,华东,圆通,50.47,6.48,-31.7,办公用品,Xerox 1940,11月
2021-03-08,SO006943,华东,圆通,341.1,11.97,-4.75,办公用品,Holmes Odor Grabber,3月
2021-08-24,SO006944,华东,圆通,1614.97,376.13,-593.15,家具产品,KI Conference Tables,8月
2021-08-24,SO006945,华东,圆通,2119.0415,195.99,-6.567,数码电子,TimeportP7382,8月
2021-03-22,SO006946,华东,圆通,1900.2259999999999,65.99,440.199,数码电子,CF 688,3月
2021-08-30,SO006947,华东,圆通,272.39,6.48,-91.48,办公用品,Xerox 217,8月
2021-07-09,SO006948,华东,圆通,519.65,30.98,26.36,办公用品,Newell 340,7月
2021-07-09,SO006949,华东,圆通,16949.44,525.98,7858.08,办公用品,3M Organizer Strips,7月
2021-08-23,SO006950,华东,圆通,274.32,15.14,-58.24,办公用品,Crate-A-Files™,8月
2021-09-12,SO006951,华东,圆通,75.73,3.15,29.46,办公用品,Rubber Band Ball,9月
2021-09-12,SO006952,华南,圆通,88.4,4.91,35.5,办公用品,Avery 498,9月
2021-09-12,SO006953,华南,圆通,259.83,5.98,80.733,办公用品,3M Organizer Strips,9月
2021-02-10,SO006954,华南,圆通,171.14,4.48,-1172.75,办公用品,Holmes Odor Grabber,2月
2021-02-17,SO006955,华东,圆通,756.15,145.45,-280.2792,数码电子,8890,2月
2021-02-17,SO006956,华东,圆通,18.15,12.28,-7.26,办公用品,Crate-A-Files™,2月
2021-05-25,SO006957,华南,圆通,204.15,4.24,-155.526,办公用品,3M Organizer Strips,5月
2021-05-25,SO006958,华南,圆通,33.11,2.23,-35.96,家具产品,Document Clip Frames,5月
2021-01-22,SO006959,华南,圆通,3.41,2.88,-1.78,办公用品,Newell 340,1月
2021-07-20,SO006960,华南,圆通,139.54,4.98,-54.0845,办公用品,3M Organizer Strips,7月
2021-07-20,SO006961,华南,圆通,199.52,7.59,13.44,家具产品,Document Clip Frames,7月
2021-07-20,SO006962,华南,圆通,85.66,2.18,6.67,办公用品,"Super Bands, 12/Pack",7月
2021-11-19,SO006963,华南,圆通,1323.67,107.53,630.28,家具产品,Document Clip Frames,11月
2021-03-17,SO006964,华南,圆通,283.5,15.98,-51.47,数码电子,Xerox 220,3月
2021-03-17,SO006965,华南,圆通,242.13,6.48,-94.74,办公用品,Xerox 217,3月
2021-02-27,SO006966,华南,圆通,1921.1275,65.99,248.58,数码电子,Xerox 217,2月
2021-05-11,SO006967,华南,圆通,57.28,3.8,7.31,办公用品,3M Organizer Strips,5月
2021-05-11,SO006968,华南,圆通,227.87,6.48,-130.61,办公用品,Xerox 217,5月
2021-10-14,SO006969,华南,圆通,110.36,2.84,8.6,办公用品,Newell 340,10月
2021-01-19,SO006970,华南,圆通,242.28400000000002,20.99,51.75,数码电子,T28 WORLD,1月
2021-01-19,SO006971,华南,圆通,1795.49,114.98,-626.04,家具产品,3390,1月
2021-01-19,SO006972,华南,圆通,926.58,212.6,-226.512,家具产品,Xerox 21,1月
2021-12-20,SO006973,华南,圆通,7731.09,167.27,-222.17,办公用品,Crate-A-Files™,12月
2021-12-20,SO006974,华南,圆通,10162.576000000001,400.98,-969.0483660000001,家具产品,KI Conference Tables,12月
2021-12-20,SO006975,华北,圆通,5834.6465,205.99,1619.658,数码电子,CF 688,12月
2021-04-26,SO006976,华北,圆通,1854.94,300.97,-559.78,数码电子,Avery 520,4月
2021-09-05,SO006977,华东,圆通,5155.35,442.14,501.51,数码电子,Xerox 193,9月
2021-04-05,SO006978,华北,圆通,1093.6355,85.99,119.169,数码电子,CF 688,4月
2021-11-20,SO006979,华北,圆通,1502.47,34.58,214.05,办公用品,Avery 508,11月
2021-11-20,SO006980,东北,圆通,2014.13,89.83,-794.94,办公用品,Crate-A-Files™,11月
2021-01-18,SO006981,东北,圆通,35.48,2.58,-9.19,办公用品,Newell 340,1月
2021-01-18,SO006982,东北,圆通,15.0,6.84,-11.02,办公用品,Letter Slitter,1月
2021-10-04,SO006983,东北,圆通,103.72,5.53,-72.059,办公用品,3M Organizer Strips,10月
2021-10-04,SO006984,东北,圆通,185.15,41.47,10.2,家具产品,Document Clip Frames,10月
2021-10-04,SO006985,西南,圆通,308.64,19.04,91.08,家具产品,Document Clip Frames,10月
2021-09-06,SO006986,华南,圆通,5369.46,99.99,1370.26,数码电子,Newell 346,9月
2021-09-06,SO006987,华南,圆通,1439.96,33.29,182.46,办公用品,Crate-A-Files™,9月
2021-10-18,SO006988,华东,圆通,13.45,5.4,-8.1995,办公用品,3M Organizer Strips,10月
2021-10-18,SO006989,华北,圆通,75.79,6.68,-18.77,办公用品,Stockwell Push Pins,10月
2021-11-03,SO006990,华北,圆通,538.51,70.98,-88.75,家具产品,Xerox 1907,11月
2021-04-08,SO006991,华北,圆通,13671.94,400.97,5711.96,数码电子,Xerox 193,4月
2021-05-15,SO006992,东北,圆通,58.86,3.29,6.96,办公用品,Xerox 21,5月
2021-06-03,SO006993,华南,圆通,47.44,2.89,14.49,办公用品,Talkabout T8367,6月
2021-03-18,SO006994,华东,圆通,337.38,15.23,-409.79,家具产品,KI Conference Tables,3月
2021-06-07,SO006995,华东,圆通,4169.93,120.98,1765.535,办公用品,Xerox 212,6月
2021-02-26,SO006996,华东,圆通,325.58,18.84,152.28,家具产品,Document Clip Frames,2月
2021-02-26,SO006997,华东,圆通,458.8,46.94,305.87,家具产品,Accessory21,2月
2021-08-09,SO006998,华南,圆通,2288.642,85.99,519.5880000000001,数码电子,CF 688,8月
2021-10-08,SO006999,华南,圆通,1504.01,35.89,211.04,办公用品,Grip Seal Envelopes,10月
2021-10-08,SO007000,华南,圆通,163.62,11.48,16.34,办公用品,Xerox 217,10月
2021-02-01,SO007001,华南,圆通,17965.45,1938.02,3459.43,数码电子,Xerox 193,2月
2021-05-30,SO007002,华南,圆通,289.73,135.99,-246.21,家具产品,ELITE Series,5月
2021-05-24,SO007003,华北,圆通,116.55,5.58,-39.67,办公用品,Grip Seal Envelopes,5月
2021-01-22,SO007004,华北,圆通,38.76,6.23,-12.1325,办公用品,3M Organizer Strips,1月
2021-09-10,SO007005,西北,圆通,1863.02,55.48,823.26,办公用品,Accessory34,9月
2021-09-10,SO007006,华东,圆通,53.3,20.89,-46.2,办公用品,Crate-A-Files™,9月
2021-07-19,SO007007,华东,圆通,178.51,3.75,82.3,办公用品,Avery 498,7月
2021-07-19,SO007008,华东,圆通,31.32,1.86,-30.26,办公用品,"Super Bands, 12/Pack",7月
2021-07-19,SO007009,华北,圆通,1391.7644999999998,205.99,-426.07399999999996,数码电子,CF 688,7月
2021-08-18,SO007010,华北,圆通,102.04,6.48,-47.67,办公用品,Xerox 217,8月
2021-12-05,SO007011,华北,圆通,9704.37,1938.02,-1565.913,数码电子,Xerox 193,12月
2021-12-05,SO007012,华北,圆通,211.94,6.48,-56.39,办公用品,Xerox 217,12月
2021-02-14,SO007013,华北,圆通,390.35,11.55,71.03,办公用品,Newell 340,2月
2021-05-25,SO007014,华北,圆通,51.21,20.98,-27.531000000000002,办公用品,3M Organizer Strips,5月
2021-05-25,SO007015,华北,圆通,2195.55,100.8,-355.94100000000003,家具产品,3M Organizer Strips,5月
2021-01-31,SO007016,华北,圆通,887.98,39.98,239.94,办公用品,Xerox 1986,1月
2021-01-31,SO007017,华北,圆通,72.46,15.23,-60.74,家具产品,KI Conference Tables,1月
2021-05-20,SO007018,华北,圆通,2010.89,63.98,564.0685,办公用品,3M Organizer Strips,5月
2021-10-15,SO007019,华北,圆通,536.83,17.48,161.37,数码电子,TDK 4.7GB DVD-R,10月
2021-10-15,SO007020,华北,圆通,1734.31,54.96,647.25,办公用品,Avery 498,10月
2021-10-18,SO007021,华北,圆通,86.48,4.91,33.58,办公用品,Avery 498,10月
2021-03-15,SO007022,华北,圆通,243.18,6.98,-314.22,办公用品,Crate-A-Files™,3月
2021-08-15,SO007023,华北,圆通,1811.3,42.98,520.41,办公用品,Holmes Odor Grabber,8月
2021-08-15,SO007024,华北,圆通,4095.76,89.99,-444.14,家具产品,Phone 918,8月
2021-08-15,SO007025,华北,圆通,482.37,20.95,34.03,数码电子,6340,8月
2021-11-04,SO007026,华北,圆通,58.98,5.77,-17.7905,办公用品,3M Organizer Strips,11月
2021-04-16,SO007027,华北,圆通,122.99,2.78,21.4795,办公用品,3M Organizer Strips,4月
2021-04-16,SO007028,华北,圆通,14734.71,2550.14,-3798.0110999999997,数码电子,Xerox 193,4月
2021-03-23,SO007029,华北,圆通,551.44,13.99,28.7,数码电子,Xerox 193,3月
2021-11-06,SO007030,华北,圆通,122.05,4.24,-67.59700000000001,办公用品,3M Organizer Strips,11月
2021-07-02,SO007031,华北,圆通,1455.04,161.55,-7.580000000000041,办公用品,Crate-A-Files™,7月
2021-05-30,SO007032,华北,圆通,3482.41,120.98,1443.3509999999999,办公用品,3M Organizer Strips,5月
2021-05-12,SO007033,西北,圆通,142.88,6.98,35.37,办公用品,Xerox 217,5月
2021-05-12,SO007034,东北,圆通,264.92,7.1,-97.06,办公用品,Avery 510,5月
2021-03-26,SO007035,东北,圆通,3780.43,210.55,905.57,办公用品,"Super Bands, 12/Pack",3月
2021-03-26,SO007036,东北,圆通,1961.68,182.55,-367.002,家具产品,TimeportP7382,3月
2021-07-02,SO007037,东北,圆通,876.01,111.03,-108.0,办公用品,Xerox 210,7月
2021-06-07,SO007038,东北,圆通,2161.36,284.98,-92.37000000000006,家具产品,Phone 918,6月
2021-06-07,SO007039,东北,圆通,2494.92,55.48,816.72,办公用品,Xerox 226,6月
2021-01-19,SO007040,东北,圆通,6628.55,145.45,1081.65,数码电子,Newell 309,1月
2021-09-27,SO007041,东北,圆通,105.94,14.45,-13.3285,办公用品,3M Organizer Strips,9月
2021-03-11,SO007042,东北,圆通,1337.08,48.91,-953.0,办公用品,Crate-A-Files™,3月
2021-06-28,SO007043,东北,圆通,6892.07,223.98,2754.1615,办公用品,3M Organizer Strips,6月
2021-01-03,SO007044,东北,圆通,5859.25,226.67,1358.53,家具产品,Phone 918,1月
2021-10-12,SO007045,东北,圆通,1758.41,100.98,238.52,办公用品,Holmes Odor Grabber,10月
2021-09-06,SO007046,东北,圆通,64.86,5.43,22.05,办公用品,Xerox 217,9月
2021-09-06,SO007047,东北,圆通,109.39,2.47,16.31,办公用品,Xerox 1940,9月
2021-05-29,SO007048,东北,圆通,801.45,23.99,227.59,数码电子,Avery 508,5月
2021-11-21,SO007049,东北,圆通,1538.8655,65.99,-186.32899999999998,数码电子,CF 688,11月
2021-08-14,SO007050,东北,圆通,267.06,24.95,76.466,办公用品,3M Organizer Strips,8月
2021-08-14,SO007051,东北,圆通,82.98,4.0,13.82,办公用品,Xerox 217,8月
2021-05-31,SO007052,东北,圆通,1974.66,64.65,-929.68,办公用品,Crate-A-Files™,5月
2021-05-31,SO007053,东北,圆通,73.44,15.23,-53.784,家具产品,KI Conference Tables,5月
2021-07-16,SO007054,华南,圆通,423.04,210.55,-270.7,办公用品,Crate-A-Files™,7月
2021-07-16,SO007055,华南,圆通,2197.4115,125.99,305.964,数码电子,CF 688,7月
2021-03-02,SO007056,华南,圆通,11041.42,387.99,4456.2525,办公用品,3M Organizer Strips,3月
2021-08-30,SO007057,华南,圆通,683.46,16.98,-138.82,办公用品,Grip Seal Envelopes,8月
2021-09-07,SO007058,华南,圆通,389.28,8.67,-37.43,办公用品,Holmes Odor Grabber,9月
2021-02-05,SO007059,华南,圆通,1505.67,70.98,-436.23,家具产品,Phone 918,2月
2021-05-17,SO007060,华南,圆通,173.47,4.63,-4.96,办公用品,Newell 340,5月
2021-05-17,SO007061,华南,圆通,2832.88,65.99,668.961,数码电子,CF 688,5月
2021-04-23,SO007062,华南,圆通,29.12,2.88,7.13,办公用品,Avery 498,4月
2021-10-20,SO007063,华南,圆通,3267.41,170.98,248.19,家具产品,Xerox 1907,10月
2021-10-20,SO007064,华南,圆通,26126.92,599.99,9498.6,数码电子,Canon PC940 Copier,10月
2021-10-25,SO007065,华南,圆通,194.2,4.37,-139.13,办公用品,Holmes Odor Grabber,10月
2021-10-25,SO007066,华南,圆通,16451.33,500.98,5325.14,家具产品,Xerox 194,10月
2021-10-25,SO007067,华南,圆通,485.97,12.58,48.6,家具产品,Document Clip Frames,10月
2021-10-25,SO007068,华南,圆通,109.71,7.7,-20.95,家具产品,Document Clip Frames,10月
2021-12-18,SO007069,华南,圆通,315.45,7.38,-305.877,办公用品,3M Organizer Strips,12月
2021-12-18,SO007070,华南,圆通,60.02,3.71,0.9399999999999995,办公用品,Xerox 217,12月
2021-12-18,SO007071,华南,圆通,7413.29,150.98,1148.23,家具产品,KI Conference Tables,12月
2021-11-09,SO007072,华南,圆通,1614.84,60.98,-716.55,办公用品,Holmes Odor Grabber,11月
2021-12-16,SO007073,华南,圆通,600.22,12.98,27.86,办公用品,Letter Slitter,12月
2021-09-17,SO007074,华东,圆通,327.95,10.98,43.6815,办公用品,3M Organizer Strips,9月
2021-09-17,SO007075,华北,圆通,5606.91,124.49,-300.854983,家具产品,KI Conference Tables,9月
2021-02-27,SO007076,华北,圆通,9758.7,304.99,3793.7030000000004,办公用品,Staples Paper Clips,2月
2021-11-23,SO007077,华北,圆通,129.88,110.98,-89.9,家具产品,Phone 918,11月
2021-11-23,SO007078,华北,圆通,2441.1405,155.99,261.96299999999997,数码电子,iDEN i95,11月
2021-10-31,SO007079,华北,圆通,9248.74,200.98,2532.0,家具产品,Phone 918,10月
2021-10-31,SO007080,西北,圆通,98.88,4.13,36.01,办公用品,Avery 498,10月
2021-12-09,SO007081,西北,圆通,64.0305,7.99,-58.344,数码电子,CF 688,12月
2021-09-09,SO007082,西北,圆通,470.39,26.31,-147.99,数码电子,TDK 4.7GB DVD-R,9月
2021-09-09,SO007083,西北,圆通,15.04,7.31,-6.12,办公用品,Avery 498,9月
2021-07-12,SO007084,西北,圆通,128.5,6.68,-44.69,办公用品,Timeport L7089,7月
2021-03-19,SO007085,西北,圆通,2422.721,65.99,366.183,数码电子,CF 688,3月
2021-02-10,SO007086,西北,圆通,638.72,32.98,-130.88,数码电子,TDK 4.7GB DVD-R,2月
2021-10-12,SO007087,西北,圆通,487.72,119.99,-192.2961,数码电子,Xerox 193,10月
2021-03-12,SO007088,西北,圆通,8673.9,387.99,3440.0519999999997,办公用品,3M Organizer Strips,3月
2021-07-16,SO007089,西北,圆通,255.65,4.97,-148.8,家具产品,Document Clip Frames,7月
2021-03-27,SO007090,华南,圆通,286.07,11.97,-35.94,办公用品,6120,3月
2021-03-27,SO007091,华东,圆通,733.92,28.53,302.80400000000003,办公用品,Avery 507,3月
2021-03-27,SO007092,华东,圆通,99.11,15.28,-12.46,数码电子,TDK 4.7GB DVD-R,3月
2021-10-06,SO007093,华东,圆通,5518.5315,205.99,1111.257,数码电子,CF 688,10月
2021-02-07,SO007094,华东,圆通,1635.29,276.2,7.920000000000073,家具产品,Phone 918,2月
2021-02-07,SO007095,华东,圆通,316.35,8.12,-52.18,数码电子,TDK 4.7GB DVD-R,2月
2021-07-21,SO007096,华东,圆通,1244.72,100.98,269.94,数码电子,TDK 4.7GB DVD-R,7月
2021-10-04,SO007097,华东,圆通,307.37,6.48,-249.27,办公用品,Xerox 217,10月
2021-05-06,SO007098,华东,圆通,1599.54,40.98,578.1445,办公用品,3M Organizer Strips,5月
2021-05-06,SO007099,华东,圆通,942.42,417.4,-634.8654,家具产品,KI Conference Tables,5月
2021-06-12,SO007100,华东,圆通,188.47,7.38,-191.2335,办公用品,3M Organizer Strips,6月
2021-12-17,SO007101,华东,圆通,137.5,4.98,-64.239,办公用品,3M Organizer Strips,12月
2021-12-17,SO007102,华东,圆通,5744.24,500.98,1118.17,数码电子,Xerox 193,12月
2021-12-17,SO007103,华东,圆通,452.15,10.98,25.79,办公用品,Letter Slitter,12月
2021-08-31,SO007104,华东,圆通,366.84,10.23,-50.1,办公用品,Letter Slitter,8月
2021-06-01,SO007105,华东,圆通,6739.92,180.98,957.29,家具产品,Phone 918,6月
2021-07-03,SO007106,华东,圆通,8551.544,195.99,2763.1259999999997,数码电子,CF 688,7月
2021-07-21,SO007107,华东,圆通,1422.31,43.98,498.15,数码电子,R280,7月
2021-01-07,SO007108,华南,圆通,834.0625,35.99,192.29399999999998,数码电子,CF 688,1月
2021-02-04,SO007109,华南,圆通,73.55,2.18,7.95,办公用品,Avery 491,2月
2021-02-04,SO007110,华南,圆通,4804.038500000001,125.99,1077.921,数码电子,CF 688,2月
2021-12-30,SO007111,华南,圆通,391.12,60.98,-166.96,家具产品,Phone 918,12月
2021-12-30,SO007112,华南,圆通,448.1,13.48,-15.07,办公用品,Crate-A-Files™,12月
2021-06-11,SO007113,华南,圆通,34.09,18.97,-19.9,办公用品,Xerox 217,6月
2021-03-31,SO007114,华南,圆通,816.09,210.55,-150.29,办公用品,Talkabout T8367,3月
2021-08-04,SO007115,华南,圆通,5678.5525,155.99,1550.88,数码电子,CF 688,8月
2021-04-16,SO007116,华南,圆通,86.53,3.75,35.62,办公用品,Avery 498,4月
2021-06-28,SO007117,华南,圆通,3063.1,80.98,-1022.02,办公用品,Crate-A-Files™,6月
2021-06-28,SO007118,华南,圆通,229.03,15.51,-28.58,办公用品,Crate-A-Files™,6月
2021-08-20,SO007119,华南,圆通,269.66,12.88,-59.13,办公用品,Letter Slitter,8月
2021-11-05,SO007120,华南,圆通,48.0,4.18,-29.14,家具产品,Document Clip Frames,11月
2021-06-06,SO007121,华南,圆通,5144.8715,155.99,1435.8329999999999,数码电子,CF 688,6月
2021-07-29,SO007122,华南,圆通,2766.8179999999998,65.99,846.945,数码电子,TimeportP7382,7月
2021-01-18,SO007123,华南,圆通,155.89,9.9,50.19,办公用品,Grip Seal Envelopes,1月
2021-01-18,SO007124,华南,圆通,1333.18,50.98,120.01,家具产品,Phone 918,1月
2021-01-18,SO007125,华南,圆通,117.27,5.84,35.45,办公用品,Newell 340,1月
2021-04-10,SO007126,华南,圆通,65.7,1.76,-83.54,家具产品,Xerox 1996,4月
2021-04-10,SO007127,华南,圆通,1685.07,41.47,-681.97,家具产品,Document Clip Frames,4月
2021-10-02,SO007128,华南,圆通,7036.11,161.55,1268.65,办公用品,Crate-A-Files™,10月
2021-05-14,SO007129,华南,圆通,2475.08,136.98,958.8,家具产品,Document Clip Frames,5月
2021-05-14,SO007130,华南,圆通,1610.42,30.93,813.35,家具产品,Document Clip Frames,5月
2021-11-23,SO007131,华南,圆通,1290.2065,35.99,-160.677,数码电子,CF 688,11月
2021-09-25,SO007132,华南,圆通,772.67,21.38,286.86650000000003,办公用品,3M Organizer Strips,9月
2021-11-08,SO007133,华南,圆通,112.05,4.0,26.21,办公用品,Xerox 217,11月
2021-02-09,SO007134,华南,圆通,61.09799999999999,65.99,-257.719,数码电子,CF 688,2月
2021-09-14,SO007135,华南,圆通,132.01,4.37,-93.12,办公用品,A1228,9月
2021-09-14,SO007136,东北,圆通,626.33,45.19,24.56,数码电子,TDK 4.7GB DVD-R,9月
2021-09-14,SO007137,华南,圆通,394.34,136.98,352.38,家具产品,Accessory13,9月
2021-12-24,SO007138,西北,圆通,291.66,136.98,-192.92,家具产品,Stockwell Push Pins,12月
2021-06-21,SO007139,西北,圆通,783.48,22.38,-73.4045,办公用品,StarTAC 6500,6月
2021-08-14,SO007140,西北,圆通,1135.24,41.71,271.81,办公用品,Holmes Odor Grabber,8月
2021-08-14,SO007141,华北,圆通,2136.93,699.99,-2297.48,数码电子,Canon PC940 Copier,8月
2021-11-18,SO007142,华北,圆通,1617.88,53.98,271.9,数码电子,TDK 4.7GB DVD-R,11月
2021-12-16,SO007143,华南,圆通,312.05,7.38,-342.37800000000004,办公用品,3M Organizer Strips,12月
2021-04-13,SO007144,华北,圆通,30.89,5.78,-19.55,办公用品,CF 688,4月
2021-04-13,SO007145,华北,圆通,170.46,5.28,-104.35,办公用品,Avery 510,4月
2021-12-21,SO007146,华北,圆通,26622.55,550.98,3146.2155,家具产品,KI Conference Tables,12月
2021-12-10,SO007147,华南,圆通,233.01,12.97,88.8845,办公用品,3M Organizer Strips,12月
2021-12-10,SO007148,华北,圆通,225.72,39.98,16.65,办公用品,Grip Seal Envelopes,12月
2021-12-09,SO007149,西北,圆通,26.5,7.59,20.12,家具产品,Document Clip Frames,12月
2021-03-10,SO007150,华南,圆通,4769.0695,205.99,1138.581,数码电子,T39m,3月
2021-02-23,SO007151,华南,圆通,4046.25,85.29,-1296.93,家具产品,252,2月
2021-03-25,SO007152,华东,圆通,1610.29,150.98,221.38,数码电子,Xerox 193,3月
2021-03-25,SO007153,西北,圆通,617.51,18.97,98.1,办公用品,Xerox 217,3月
2021-03-25,SO007154,华南,圆通,278.83,12.28,35.16,办公用品,Xerox 217,3月
2021-03-25,SO007155,华南,圆通,1605.22,34.99,230.03,办公用品,Newell 340,3月
2021-05-03,SO007156,华东,圆通,4394.78,100.98,-335.77,家具产品,Xerox 1907,5月
2021-01-12,SO007157,西北,圆通,21.07,8.69,-10.4305,办公用品,3M Organizer Strips,1月
2021-01-12,SO007158,西北,圆通,430.41,22.98,-1.55,家具产品,Document Clip Frames,1月
2021-10-25,SO007159,华南,圆通,3969.43,140.98,-796.51,家具产品,Xerox 1907,10月
2021-10-25,SO007160,华南,圆通,2882.707,205.99,303.228,数码电子,Accessory17,10月
2021-11-11,SO007161,华北,圆通,356.28,8.69,65.756,办公用品,3M Organizer Strips,11月
2021-10-15,SO007162,东北,圆通,344.24,8.33,30.76,数码电子,TDK 4.7GB DVD-R,10月
2021-08-24,SO007163,东北,圆通,167.55,3.75,-223.5,办公用品,252,8月
2021-10-26,SO007164,东北,圆通,689.67,18.7,51.47,家具产品,Document Clip Frames,10月
2021-10-04,SO007165,西南,圆通,2219.79,80.97,-9.4482,数码电子,Xerox 193,10月
2021-10-04,SO007166,华南,圆通,237.36,9.06,-117.86,办公用品,Xerox 217,10月
2021-06-20,SO007167,华南,圆通,46.55,3.69,16.34,办公用品,Avery 498,6月
2021-03-18,SO007168,华南,圆通,76.06,4.28,-35.99,办公用品,Xerox 217,3月
2021-03-18,SO007169,华南,圆通,18056.68,349.45,-6474.654,家具产品,KI Conference Tables,3月
2021-02-22,SO007170,华南,圆通,1501.8,30.97,112.78,数码电子,TDK 4.7GB DVD-R,2月
2021-08-07,SO007171,华南,圆通,195.23,5.89,-72.46,家具产品,Document Clip Frames,8月
2021-08-07,SO007172,华南,圆通,4051.8,124.49,-684.072,家具产品,KI Conference Tables,8月
2021-11-12,SO007173,华北,圆通,254.89,26.31,-106.58,数码电子,TDK 4.7GB DVD-R,11月
2021-06-09,SO007174,华北,圆通,78.22,2.88,32.5,办公用品,Avery 498,6月
2021-06-09,SO007175,西北,圆通,51.65,4.98,-32.13,办公用品,Xerox 217,6月
2021-01-09,SO007176,西北,圆通,113.98,2.62,21.29,办公用品,"Super Bands, 12/Pack",1月
2021-01-09,SO007177,西北,圆通,88.94,16.74,-47.54,办公用品,Crate-A-Files™,1月
2021-12-01,SO007178,华东,圆通,357.01,8.33,64.5,数码电子,TDK 4.7GB DVD-R,12月
2021-02-10,SO007179,华东,圆通,858.53,19.99,-97.54,家具产品,3285,2月
2021-06-22,SO007180,华南,圆通,417.88,28.15,-13.95,办公用品,Newell 340,6月
2021-12-17,SO007181,华南,圆通,28.34,4.98,-18.55,办公用品,Xerox 217,12月
2021-12-17,SO007182,华南,圆通,405.3395,65.99,-147.884,数码电子,CF 688,12月
2021-05-02,SO007183,华南,圆通,1561.96,50.98,119.92,办公用品,Xerox 1933,5月
2021-03-03,SO007184,华南,圆通,4846.68,110.98,820.94,家具产品,Document Clip Frames,3月
2021-03-03,SO007185,华南,圆通,32.69,4.98,-24.43,办公用品,Xerox 217,3月
2021-03-03,SO007186,华北,圆通,38.88,1.81,-18.57,办公用品,"Super Bands, 12/Pack",3月
2021-07-06,SO007187,华北,圆通,286.26,8.56,8.34,办公用品,Xerox 217,7月
2021-08-03,SO007188,西北,圆通,493.56,11.99,12.73,数码电子,Xerox 193,8月
2021-03-14,SO007189,西北,圆通,2723.1,167.27,-446.31,办公用品,Phone 918,3月
2021-03-14,SO007190,华北,圆通,347.2675,20.99,-71.09299999999999,数码电子,CF 688,3月
2021-11-07,SO007191,华北,圆通,360.24,19.98,-36.24,数码电子,TDK 4.7GB DVD-R,11月
2021-11-07,SO007192,华北,圆通,1463.27,34.76,104.22,办公用品,Crate-A-Files™,11月
2021-11-27,SO007193,华北,圆通,21366.51,6783.02,-11984.3979,数码电子,Xerox 193,11月
2021-11-27,SO007194,华北,圆通,320.04,9.27,32.47,办公用品,Xerox 217,11月
2021-11-27,SO007195,华北,圆通,88.57,6.68,-28.25,办公用品,Xerox 217,11月
2021-11-27,SO007196,华北,圆通,73.97,5.78,-38.35,办公用品,Avery 501,11月
2021-03-26,SO007197,华北,圆通,545.04,68.81,-210.06,办公用品,Xerox 199,3月
2021-03-26,SO007198,华北,圆通,606.91,20.89,-271.77,办公用品,Crate-A-Files™,3月
2021-10-27,SO007199,华北,圆通,45.69,3.57,-24.21,办公用品,Newell 340,10月
2021-10-31,SO007200,华北,圆通,1749.07,48.04,804.66,办公用品,Xerox 217,10月
2021-10-31,SO007201,西北,圆通,37.9,2.6,-22.01,办公用品,Newell 340,10月
2021-03-29,SO007202,东北,圆通,245.4,6.68,-87.27,办公用品,Xerox 217,3月
2021-03-29,SO007203,东北,圆通,4177.66,85.29,85.29,家具产品,Avery 484,3月
2021-03-04,SO007204,东北,圆通,823.98,25.98,129.81,办公用品,Xerox 1952,3月
2021-10-17,SO007205,东北,圆通,5620.2,110.98,176.04,家具产品,Phone 918,10月
2021-09-02,SO007206,东北,圆通,100.6,2.21,11.55,办公用品,Newell 340,9月
2021-09-02,SO007207,东北,圆通,958.06,165.2,-77.09,办公用品,Crate-A-Files™,9月
2021-09-02,SO007208,东北,圆通,14.75,3.89,-11.4195,办公用品,3M Organizer Strips,9月
2021-09-02,SO007209,东北,圆通,11262.04,355.98,1660.92,家具产品,Phone 918,9月
2021-03-08,SO007210,东北,圆通,173.97,13.48,-2.55,办公用品,Xerox 1922,3月
2021-01-13,SO007211,东北,圆通,39.23,2.08,-66.58,家具产品,StarTAC Series,1月
2021-01-01,SO007212,东北,圆通,2354.8,49.99,332.97,数码电子,TDK 4.7GB DVD-R,1月
2021-01-01,SO007213,东北,圆通,187.88,3.98,-38.23,办公用品,Xerox 217,1月
2021-06-01,SO007214,东北,圆通,470.11,19.98,91.09,办公用品,Xerox 1961,6月
2021-06-01,SO007215,东北,圆通,10854.83,270.97,2039.41,数码电子,Colored Push Pins,6月
2021-06-01,SO007216,东北,圆通,51.23,2.94,-5.29,办公用品,Newell 340,6月
2021-04-09,SO007217,东北,圆通,195.51,4.98,95.56,办公用品,Avery 498,4月
2021-04-09,SO007218,东北,圆通,4992.63,140.85,44.13,办公用品,Crate-A-Files™,4月
2021-09-11,SO007219,东北,圆通,248.92,5.58,-66.87,办公用品,Accessory15,9月
2021-03-19,SO007220,东北,圆通,133.07,3.74,-15.96,办公用品,"Super Bands, 12/Pack",3月
2021-09-05,SO007221,东北,圆通,194.09,5.78,-63.35,办公用品,Xerox 217,9月
2021-07-05,SO007222,西南,圆通,12.11,3.69,-0.98,办公用品,Avery 498,7月
2021-02-19,SO007223,西南,圆通,3465.97,896.99,194.31850000000003,办公用品,3M Organizer Strips,2月
2021-02-19,SO007224,华南,圆通,1307.88,100.97,206.86,数码电子,Xerox 1968,2月
2021-07-24,SO007225,华南,圆通,1846.2,68.81,-584.93,办公用品,Xerox 1978,7月
2021-07-24,SO007226,华南,圆通,32.03,3.15,7.41,办公用品,Avery 498,7月
2021-07-24,SO007227,华南,圆通,185.82,4.2,11.45,办公用品,Xerox 217,7月
2021-07-24,SO007228,华南,圆通,372.69,8.04,-177.031,办公用品,Barrel Sharpener,7月
2021-11-11,SO007229,华南,圆通,646.55,48.04,244.13,办公用品,Xerox 1937,11月
2021-11-11,SO007230,华南,圆通,1875.18,179.29,-433.2901430000001,家具产品,KI Conference Tables,11月
2021-11-11,SO007231,华南,圆通,3587.72,70.89,54.23085,家具产品,Xerox 1898,11月
2021-12-21,SO007232,华南,圆通,1390.17,110.98,-469.84,办公用品,Crate-A-Files™,12月
2021-09-24,SO007233,华南,圆通,104.51,7.84,-9.2805,办公用品,3M Organizer Strips,9月
2021-05-26,SO007234,华南,圆通,227.5,5.94,-256.519,办公用品,3M Organizer Strips,5月
2021-05-26,SO007235,华南,圆通,2292.1015,125.99,398.358,数码电子,CF 688,5月
2021-11-28,SO007236,华南,圆通,54.22,48.91,-19.09,办公用品,Xerox 217,11月
2021-11-28,SO007237,华南,圆通,431.11,101.41,-244.33,办公用品,Avery Binder Labels,11月
2021-04-23,SO007238,华南,圆通,2193.93,238.4,41.83,家具产品,Phone 918,4月
2021-04-23,SO007239,华南,圆通,812.4979999999999,85.99,128.952,数码电子,CF 688,4月
2021-04-23,SO007240,华南,圆通,4657.6515,155.99,1242.846,数码电子,CF 688,4月
2021-05-06,SO007241,华南,圆通,265.92,9.11,79.67,办公用品,Xerox 217,5月
2021-03-06,SO007242,华南,圆通,95.0555,55.99,-298.166,数码电子,Unpadded Memo Slips,3月
2021-08-24,SO007243,华南,圆通,1382.31,51.94,372.26,家具产品,Xerox 1936,8月
2021-08-24,SO007244,华南,圆通,991.36,19.98,212.06,办公用品,Xerox 217,8月
2021-09-01,SO007245,华南,圆通,206.34,8.46,-38.23,数码电子,Newell 343,9月
2021-02-27,SO007246,华南,圆通,11613.13,294.62,2816.21,办公用品,Holmes Odor Grabber,2月
2021-05-17,SO007247,华南,圆通,503.3275,125.99,-488.312,数码电子,CF 688,5月
2021-10-17,SO007248,华东,圆通,65.5,5.98,-55.94,数码电子,TDK 4.7GB DVD-R,10月
2021-04-24,SO007249,华东,圆通,113.19,9.06,-53.25,办公用品,Rubber Band Ball,4月
2021-04-24,SO007250,华东,圆通,196.04,14.27,2.125,办公用品,Xerox 1950,4月
2021-04-24,SO007251,华东,圆通,140.02,4.91,66.71,办公用品,Avery 52,4月
2021-09-05,SO007252,华北,圆通,3231.564,85.99,1166.094,数码电子,CF 688,9月
2021-09-04,SO007253,华北,圆通,196.98,12.28,-5.76,办公用品,Xerox 217,9月
2021-09-04,SO007254,华北,圆通,1756.695,65.99,164.97,数码电子,CF 688,9月
2021-01-11,SO007255,华北,圆通,171.71,115.99,-343.4673,数码电子,Avery 520,1月
2021-10-03,SO007256,西北,圆通,1326.04,32.48,-1129.96,办公用品,Crate-A-Files™,10月
2021-10-03,SO007257,西北,圆通,3881.89,182.55,-803.52,家具产品,KI Conference Tables,10月
2021-01-26,SO007258,西北,圆通,1290.37,123.38,231.16,办公用品,Xerox 1937,1月
2021-01-26,SO007259,西北,圆通,23.18,8.6,-14.881,办公用品,3M Organizer Strips,1月
2021-12-18,SO007260,西北,圆通,1064.7865,115.99,-181.005,数码电子,KI Conference Tables,12月
2021-06-04,SO007261,西北,圆通,2489.85,218.75,-566.5,家具产品,KI Conference Tables,6月
2021-02-18,SO007262,西北,圆通,1884.2080000000003,212.6,-776.72,家具产品,KI Conference Tables,2月
2021-02-18,SO007263,西北,圆通,93.3385,55.99,-300.388,数码电子,CF 688,2月
2021-06-24,SO007264,西北,圆通,392.81,10.48,13.91,办公用品,270c,6月
2021-06-24,SO007265,西北,圆通,375.76,8.37,-241.63,家具产品,Xerox 1891,6月
2021-04-14,SO007266,华东,圆通,68.54,2.88,22.2,办公用品,Avery 498,4月
2021-04-14,SO007267,华东,圆通,10351.01,550.98,-1331.553366,家具产品,KI Conference Tables,4月
2021-11-27,SO007268,华东,圆通,20872.16,699.99,-4437.91,数码电子,Accessory8,11月
2021-08-02,SO007269,华东,圆通,2006.38,40.98,840.46,数码电子,T39m,8月
2021-01-13,SO007270,华东,圆通,163.27,5.28,-0.6210000000000011,办公用品,3M Organizer Strips,1月
2021-01-13,SO007271,华东,圆通,24559.91,517.48,7358.66,数码电子,Accessory36,1月
2021-01-13,SO007272,华东,圆通,1217.5,58.14,-412.36,家具产品,Xerox 1907,1月
2021-01-13,SO007273,华东,圆通,441.53,25.98,-119.55,家具产品,Phone 918,1月
2021-12-01,SO007274,华东,圆通,67.97,2.28,-109.94,办公用品,Newell 340,12月
2021-11-27,SO007275,华东,圆通,136.85,8.85,-4.4275,办公用品,3M Organizer Strips,11月
2021-11-27,SO007276,华东,圆通,12.74,7.96,-11.39,家具产品,8290,11月
2021-03-10,SO007277,华东,圆通,812.06,39.06,220.065,家具产品,Phone 918,3月
2021-09-12,SO007278,华东,圆通,104.27,11.97,-23.61,办公用品,Newell 340,9月
2021-11-22,SO007279,华东,圆通,13.52,0.99,-27.66,数码电子,TDK 4.7GB DVD-R,11月
2021-09-05,SO007280,华东,圆通,63.33,4.13,-39.9625,办公用品,Avery 508,9月
2021-09-05,SO007281,华东,圆通,1436.55,40.89,-4.009999999999991,家具产品,Accessory34,9月
2021-03-24,SO007282,华南,圆通,3922.96,99.99,863.57,数码电子,Xerox 1881,3月
2021-07-03,SO007283,华南,圆通,15.6,2.18,1.67,办公用品,6120,7月
2021-07-03,SO007284,华南,圆通,631.499,125.99,-403.018,数码电子,CF 688,7月
2021-11-01,SO007285,华南,圆通,261.16,6.48,-220.3,家具产品,Xerox 1907,11月
2021-11-01,SO007286,华南,圆通,155.22,3.29,23.34,家具产品,Phone 918,11月
2021-04-13,SO007287,华南,圆通,1824.848,65.99,364.23,数码电子,CF 688,4月
2021-03-05,SO007288,华南,圆通,17.89,2.88,10.51,办公用品,Avery 498,3月
2021-03-05,SO007289,华南,圆通,137.18,2.94,6.04,办公用品,DPC 650 Piper,3月
2021-12-11,SO007290,华南,圆通,612.93,24.92,-5.037,办公用品,3M Organizer Strips,12月
2021-12-11,SO007291,华南,圆通,1551.34,120.98,-483.12,家具产品,Xerox 1907,12月
2021-10-26,SO007292,华南,圆通,267.0,14.45,-2.8289999999999997,办公用品,Accessory36,10月
2021-01-30,SO007293,华南,圆通,3.85,3.08,-1.36,办公用品,Avery 498,1月
2021-01-30,SO007294,华南,圆通,547.0005,65.99,-97.196,数码电子,CF 688,1月
2021-08-04,SO007295,华南,圆通,91.94,3.95,-10.11,办公用品,Avery 507,8月
2021-08-04,SO007296,华南,圆通,377.03,64.98,-78.82,办公用品,Crate-A-Files™,8月
2021-01-26,SO007297,华南,圆通,92.24,4.82,-60.582,办公用品,3M Organizer Strips,1月
2021-04-12,SO007298,华南,圆通,131.09,12.22,10.94,家具产品,Document Clip Frames,4月
2021-04-12,SO007299,华南,圆通,1817.9,54.96,700.31,办公用品,Xerox 217,4月
2021-02-12,SO007300,华南,圆通,240.52,6.48,-164.18,办公用品,Xerox 217,2月
2021-08-30,SO007301,东北,圆通,2700.78,95.98,-793.36,家具产品,Phone 918,8月
2021-11-04,SO007302,华北,圆通,1236.954,65.99,119.88900000000001,数码电子,CF 688,11月
2021-02-10,SO007303,华南,圆通,63.85,12.22,40.44,家具产品,Document Clip Frames,2月
2021-04-21,SO007304,华东,圆通,10261.25,212.6,611.11,家具产品,KI Conference Tables,4月
2021-08-10,SO007305,华北,圆通,1410.44,78.69,545.11,家具产品,Document Clip Frames,8月
2021-05-21,SO007306,华北,圆通,1134.05,172.99,149.498,办公用品,3M Organizer Strips,5月
2021-05-21,SO007307,华北,圆通,1470.0495,65.99,185.94,数码电子,CF 688,5月
2021-10-29,SO007308,东北,圆通,287.54,5.98,57.28,办公用品,Newell 340,10月
2021-10-29,SO007309,东北,圆通,88.315,20.99,-72.40199999999999,数码电子,CF 688,10月
2021-10-03,SO007310,华南,圆通,2379.15,130.98,-261.77,家具产品,Phone 918,10月
2021-04-15,SO007311,华南,圆通,31.14,6.48,-14.59,办公用品,Xerox 217,4月
2021-09-24,SO007312,华南,圆通,112.6,2.88,0.49,办公用品,Stockwell Push Pins,9月
2021-11-05,SO007313,华南,圆通,617.26,12.28,-37.52,办公用品,M3682,11月
2021-11-05,SO007314,华南,圆通,13104.992,349.45,5626.42,家具产品,KI Conference Tables,11月
2021-02-02,SO007315,华南,圆通,5.7,3.95,-2.34,办公用品,"Super Bands, 12/Pack",2月
2021-06-29,SO007316,华东,圆通,757.11,180.98,-224.35,家具产品,6120,6月
2021-07-14,SO007317,华北,圆通,5126.3,223.98,2019.192,办公用品,Avery 492,7月
2021-08-04,SO007318,华北,圆通,152.28,3.81,-154.81300000000002,办公用品,Newell 343,8月
2021-12-20,SO007319,华北,圆通,3853.47,152.48,21.499999999999943,数码电子,TDK 4.7GB DVD-R,12月
2021-12-20,SO007320,西北,圆通,28.23,4.98,-14.69,办公用品,Xerox 217,12月
2021-09-03,SO007321,华东,圆通,541.47,10.98,90.62,办公用品,Grip Seal Envelopes,9月
2021-01-05,SO007322,华东,圆通,700.73,120.97,-188.5812,数码电子,Avery 481,1月
2021-10-21,SO007323,华南,圆通,655.33,21.38,-57.16,办公用品,StarTAC Series,10月
2021-12-12,SO007324,华南,圆通,1072.36,29.14,440.48,办公用品,Xerox 217,12月
2021-12-12,SO007325,华南,圆通,857.84,20.89,-309.43,办公用品,Crate-A-Files™,12月
2021-01-31,SO007326,华南,圆通,49.81,7.64,-16.95,办公用品,Xerox 217,1月
2021-01-31,SO007327,东北,圆通,9141.64,218.75,-528.653125,家具产品,KI Conference Tables,1月
2021-09-18,SO007328,西南,圆通,3500.49,111.03,230.64,办公用品,Xerox 1940,9月
2021-04-11,SO007329,华南,圆通,1734.4,35.41,749.16,数码电子,Xerox 217,4月
2021-04-11,SO007330,华南,圆通,1128.03,42.76,256.3,办公用品,Crate-A-Files™,4月
2021-09-10,SO007331,华北,圆通,6767.43,320.98,803.48,家具产品,5170,9月
2021-07-27,SO007332,华北,圆通,1020.88,22.72,173.94,家具产品,Document Clip Frames,7月
2021-01-31,SO007333,华北,圆通,848.2,40.98,163.78,办公用品,Holmes Odor Grabber,1月
2021-01-31,SO007334,华北,圆通,717.21,22.23,217.06,家具产品,Document Clip Frames,1月
2021-01-04,SO007335,华北,圆通,11883.2,300.97,4160.88,数码电子,TDK 4.7GB DVD-R,1月
2021-06-01,SO007336,华北,圆通,124.06,7.78,15.74,办公用品,T193,6月
2021-07-07,SO007337,华北,圆通,49.86,11.97,-21.77,办公用品,Newell 315,7月
2021-07-07,SO007338,华北,圆通,197.49,5.74,-52.8425,办公用品,Accessory25,7月
2021-01-05,SO007339,华北,圆通,4962.05,119.99,335.29,数码电子,Xerox 193,1月
2021-01-05,SO007340,华北,圆通,192.39,10.23,-31.67,办公用品,Xerox 1904,1月
2021-04-03,SO007341,华北,圆通,168.99,20.95,-47.37,数码电子,TDK 4.7GB DVD-R,4月
2021-04-29,SO007342,华北,圆通,120.38,20.48,-29.77,办公用品,Holmes Odor Grabber,4月
2021-03-28,SO007343,华北,圆通,958.18,90.97,126.81,数码电子,Xerox 193,3月
2021-03-07,SO007344,华北,圆通,6230.68,217.85,835.46,家具产品,KI Conference Tables,3月
2021-03-07,SO007345,华北,圆通,1391.816,209.37,-344.82,家具产品,KI Conference Tables,3月
2021-08-28,SO007346,西北,圆通,367.09,22.98,74.2,数码电子,TDK 4.7GB DVD-R,8月
2021-08-28,SO007347,东北,圆通,139.66,5.68,46.69,办公用品,Grip Seal Envelopes,8月
2021-01-21,SO007348,东北,圆通,147.71,3.98,40.04,办公用品,Newell 340,1月
2021-04-25,SO007349,东北,圆通,24.95,2.18,-5.14,办公用品,"Super Bands, 12/Pack",4月
2021-10-19,SO007350,东北,圆通,67.22,4.48,-139.53,办公用品,Holmes Odor Grabber,10月
2021-10-19,SO007351,东北,圆通,76.85,4.24,-64.078,办公用品,3M Organizer Strips,10月
2021-01-01,SO007352,东北,圆通,1163.75,63.98,222.173,办公用品,3M Organizer Strips,1月
2021-10-08,SO007353,东北,圆通,834.2154999999999,155.99,-449.416,数码电子,CF 688,10月
2021-06-14,SO007354,东北,圆通,742.84,70.98,-320.7,家具产品,Phone 918,6月
2021-06-14,SO007355,东北,圆通,2070.68,152.48,-281.67,数码电子,TDK 4.7GB DVD-R,6月
2021-06-14,SO007356,东北,圆通,764.13,55.98,276.98,办公用品,Xerox 217,6月
2021-03-07,SO007357,西南,圆通,64.34,5.85,-8.37,办公用品,Newell 340,3月
2021-03-07,SO007358,西南,圆通,693.02,70.97,97.36,办公用品,Holmes Odor Grabber,3月
2021-01-08,SO007359,华南,圆通,1499.5275000000001,65.99,188.982,数码电子,CF 688,1月
2021-05-08,SO007360,华南,圆通,2045.066,175.99,-4.675,数码电子,CF 688,5月
2021-05-08,SO007361,华南,圆通,26.41,5.18,-16.5255,办公用品,3M Organizer Strips,5月
2021-10-10,SO007362,华南,圆通,20.25,4.77,-22.13,数码电子,TDK 4.7GB DVD-R,10月
2021-10-10,SO007363,华南,圆通,52.62,2.21,-4.64,办公用品,Newell 340,10月
2021-08-28,SO007364,华南,圆通,979.44,19.98,320.67,办公用品,Xerox 217,8月
2021-07-29,SO007365,华南,圆通,112.79,20.98,-95.39,办公用品,Crate-A-Files™,7月
2021-07-09,SO007366,华南,圆通,1041.66,28.53,480.5305,办公用品,3M Organizer Strips,7月
2021-09-23,SO007367,华南,圆通,220.79,30.97,-91.51,数码电子,Binder Posts,9月
2021-09-23,SO007368,华南,圆通,755.19,17.67,81.44,家具产品,Document Clip Frames,9月
2021-09-23,SO007369,华南,圆通,201.14,5.81,-51.25,办公用品,"Super Bands, 12/Pack",9月
2021-11-08,SO007370,华南,圆通,125.54,7.68,-15.7435,办公用品,3M Organizer Strips,11月
2021-07-04,SO007371,华南,圆通,5699.22,150.98,2812.63,数码电子,Xerox 193,7月
2021-10-10,SO007372,华南,圆通,26.08,1.86,-27.29,办公用品,"Super Bands, 12/Pack",10月
2021-09-28,SO007373,华南,圆通,596.56,29.99,60.7,数码电子,TDK 4.7GB DVD-R,9月
2021-11-25,SO007374,华南,圆通,667.55,21.98,204.74,办公用品,Newell 340,11月
2021-12-24,SO007375,华南,圆通,317.82,37.76,-33.09,办公用品,Crate-A-Files™,12月
2021-01-18,SO007376,华南,圆通,5934.39,193.17,519.55,办公用品,Crate-A-Files™,1月
2021-04-11,SO007377,华南,圆通,30.17,3.28,-22.84,办公用品,Newell 340,4月
2021-04-11,SO007378,华东,圆通,1158.6009999999999,55.99,-155.298,数码电子,Advantus Push Pins,4月
2021-08-13,SO007379,华东,圆通,1917.61,124.49,-286.9,家具产品,KI Conference Tables,8月
2021-02-16,SO007380,华东,圆通,138.05,7.37,-100.49,数码电子,TDK 4.7GB DVD-R,2月
2021-03-09,SO007381,华北,圆通,118.51,3.25,-948.71,办公用品,Holmes Odor Grabber,3月
2021-10-22,SO007382,华北,圆通,48.26,5.18,2.76,办公用品,300 Series Non-Flip,10月
2021-10-22,SO007383,华北,圆通,1718.43,259.71,-192.492,家具产品,KI Conference Tables,10月
2021-10-22,SO007384,华北,圆通,8920.08,367.99,3545.8940000000002,办公用品,3M Organizer Strips,10月
2021-10-22,SO007385,华北,圆通,188.7,4.13,77.02,办公用品,Xerox 1908,10月
2021-10-22,SO007386,西北,圆通,14358.64,400.98,-969.0483660000001,家具产品,KI Conference Tables,10月
2021-08-22,SO007387,西北,圆通,2055.98,47.9,1016.86,办公用品,Xerox 217,8月
2021-05-20,SO007388,西北,圆通,101.14,5.98,-32.62,办公用品,8860,5月
2021-04-08,SO007389,西北,圆通,701.46,15.99,-90.1407,数码电子,2180,4月
2021-04-08,SO007390,西北,圆通,53.94,2.78,-6.53,办公用品,Newell 340,4月
2021-04-08,SO007391,西北,圆通,46.94,6.47,7.34,办公用品,Newell 340,4月
2021-04-08,SO007392,西北,圆通,77.99,3.93,19.68,办公用品,Newell 327,4月
2021-11-08,SO007393,华东,圆通,136.98,8.74,44.12,办公用品,Xerox 191,11月
2021-11-08,SO007394,华东,圆通,225.17,5.78,-183.05,办公用品,Xerox 217,11月
2021-11-08,SO007395,华东,圆通,1112.157,55.99,140.805,数码电子,CF 688,11月
2021-11-08,SO007396,华东,圆通,1865.5884999999998,55.99,972.9,数码电子,CF 688,11月
2021-05-12,SO007397,华东,圆通,26.23,6.48,-13.72,办公用品,Xerox 217,5月
2021-08-26,SO007398,华东,圆通,210.46,4.49,50.0395,办公用品,3M Organizer Strips,8月
2021-07-27,SO007399,华东,圆通,92.15,4.91,36.98,办公用品,Avery 498,7月
2021-03-31,SO007400,华东,圆通,5735.79,136.98,828.27,家具产品,Document Clip Frames,3月
2021-03-15,SO007401,华东,圆通,33.39,3.36,-35.512,办公用品,"Super Bands, 12/Pack",3月
2021-04-25,SO007402,华东,圆通,43.61,7.59,22.85,家具产品,Document Clip Frames,4月
2021-04-25,SO007403,华东,圆通,343.05,9.11,98.86,办公用品,Xerox 217,4月
2021-04-25,SO007404,华东,圆通,44.63,5.78,-21.19,办公用品,Xerox 217,4月
2021-05-12,SO007405,华东,圆通,187.13,20.28,12.4,家具产品,Document Clip Frames,5月
2021-05-12,SO007406,华东,圆通,2255.1945,55.99,74.51100000000001,数码电子,Newell 337,5月
2021-03-17,SO007407,华东,圆通,195.57,5.98,-132.93,办公用品,Accessory28,3月
2021-02-26,SO007408,华东,圆通,322.82,9.31,-17.58,办公用品,Letter Slitter,2月
2021-10-26,SO007409,华南,圆通,1323.31,35.89,146.64,办公用品,Grip Seal Envelopes,10月
2021-07-27,SO007410,华南,圆通,223.34,6.3,95.42,办公用品,Avery 498,7月
2021-11-03,SO007411,华南,圆通,509.49,40.99,-51.1821,数码电子,Array® Memo Cubes,11月
2021-03-22,SO007412,华南,圆通,739.07,20.95,-71.55,数码电子,TDK 4.7GB DVD-R,3月
2021-03-22,SO007413,华南,圆通,38.58,9.11,-2.82,办公用品,Xerox 217,3月
2021-05-17,SO007414,华南,圆通,22.75,4.76,-0.4499999999999993,办公用品,Avery 506,5月
2021-08-31,SO007415,华南,圆通,265.75,10.98,13.9995,办公用品,3M Organizer Strips,8月
2021-05-11,SO007416,华南,圆通,1893.29,37.7,857.344,办公用品,Xerox 1938,5月
2021-05-11,SO007417,华南,圆通,2628.047,65.99,-137.951,数码电子,Xerox 1983,5月
2021-03-05,SO007418,华南,圆通,2051.8235,65.99,350.361,数码电子,CF 688,3月
2021-03-05,SO007419,华南,圆通,185.79,34.98,-159.68,数码电子,Newell 318,3月
2021-03-05,SO007420,华南,圆通,196.41,19.99,27.91,家具产品,Document Clip Frames,3月
2021-03-05,SO007421,华南,圆通,186.67,19.98,2.06,办公用品,Xerox 217,3月
2021-09-23,SO007422,华南,圆通,575.36,20.27,84.05,办公用品,Holmes Odor Grabber,9月
2021-03-10,SO007423,华南,圆通,186.93,4.13,56.44,办公用品,Xerox 1924,3月
2021-11-05,SO007424,华东,圆通,621.21,29.74,-42.35,办公用品,Accessory24,11月
2021-08-23,SO007425,华北,圆通,214.19,6.48,-40.56,办公用品,Accessory32,8月
2021-09-24,SO007426,东北,圆通,268.18,28.53,74.63850000000001,办公用品,Xerox 21,9月
2021-09-24,SO007427,东北,圆通,477.054,65.99,-170.53300000000002,数码电子,CF 688,9月
2021-12-04,SO007428,东北,圆通,228.01,6.48,-185.54,办公用品,Avery 508,12月
2021-02-26,SO007429,东北,圆通,433.44,15.68,147.46,家具产品,Document Clip Frames,2月
2021-10-19,SO007430,华南,圆通,21.71,6.48,-15.13,办公用品,Xerox 217,10月
2021-07-14,SO007431,华南,圆通,13.29,4.24,-10.327,办公用品,3M Organizer Strips,7月
2021-10-29,SO007432,华南,圆通,2423.06,348.21,-94.26560000000002,家具产品,KI Conference Tables,10月
2021-08-18,SO007433,华东,圆通,5442.142,175.99,1640.295,数码电子,Xerox 1978,8月
2021-04-02,SO007434,华南,圆通,14075.99,355.98,1894.14,家具产品,Phone 918,4月
2021-10-28,SO007435,华南,圆通,25.07,9.49,-27.674699999999998,数码电子,Accessory6,10月
2021-05-24,SO007436,华南,圆通,1042.96,165.98,163.8035,办公用品,Xerox 1920,5月
2021-07-04,SO007437,华北,EMS,8413.23,363.25,2464.75,办公用品,Holmes Odor Grabber,7月
2021-07-04,SO007438,华北,EMS,105.45,3.34,-173.36,办公用品,Newell 340,7月
2021-09-19,SO007439,东北,EMS,2667.92,78.69,1049.02,家具产品,Avery 48,9月
2021-09-19,SO007440,东北,EMS,2236.15,145.98,-310.95,家具产品,KI Conference Tables,9月
2021-02-24,SO007441,华南,EMS,181.95,4.89,-132.2615,办公用品,3M Organizer Strips,2月
2021-04-10,SO007442,西北,EMS,11002.66,243.98,2349.29,家具产品,Phone 918,4月
2021-06-14,SO007443,华东,EMS,7046.61,315.98,2595.1775000000002,办公用品,3M Organizer Strips,6月
2021-07-13,SO007444,华北,EMS,13934.53,299.99,4352.83,数码电子,Canon PC940 Copier,7月
2021-07-13,SO007445,华南,EMS,1233.76,33.98,-168.08,家具产品,Document Clip Frames,7月
2021-07-13,SO007446,华北,EMS,2377.28,55.99,-5.786,数码电子,iDEN i95,7月
2021-09-26,SO007447,华北,EMS,287.43,10.98,37.9,办公用品,6120,9月
2021-12-27,SO007448,华南,EMS,88.17,3.25,-572.49,办公用品,Holmes Odor Grabber,12月
2021-12-27,SO007449,华北,中通,4760.02,300.98,658.88,家具产品,Phone 918,12月
2021-08-07,SO007450,西北,中通,642.8,14.81,-253.11,办公用品,Holmes Odor Grabber,8月
2021-11-29,SO007451,华北,中通,667.64,27.48,-57.53,数码电子,TDK 4.7GB DVD-R,11月
2021-09-15,SO007452,华北,中通,2544.73,54.2,375.87,家具产品,Avery 491,9月
2021-08-24,SO007453,东北,中通,345.37,48.04,84.34,办公用品,Xerox 217,8月
2021-10-08,SO007454,东北,中通,1477.63,42.98,387.56,办公用品,Holmes Odor Grabber,10月
2021-10-08,SO007455,东北,中通,19.46,6.3,-2.01,办公用品,Avery 498,10月
2021-10-08,SO007456,东北,中通,148.8,6.47,52.08,办公用品,StarTAC 7760,10月
2021-10-24,SO007457,东北,中通,105.95,11.66,-44.33,办公用品,Xerox 227,10月
2021-10-24,SO007458,华南,中通,73.8,3.29,11.23,办公用品,"Super Bands, 12/Pack",10月
2021-06-11,SO007459,华南,中通,481.4,35.44,150.72,办公用品,Xerox 1905,6月
2021-06-11,SO007460,华南,中通,93.85,3.98,19.42,办公用品,Newell 340,6月
2021-06-11,SO007461,华南,中通,85.87,1.76,3.13,办公用品,Newell 340,6月
2021-06-11,SO007462,华南,中通,8127.32,193.17,1141.07,办公用品,5165,6月
2021-05-05,SO007463,华南,中通,3114.05,95.95,-1207.18,家具产品,Phone 918,5月
2021-05-05,SO007464,华南,中通,8161.93,300.98,1261.44,家具产品,Phone 918,5月
2021-05-05,SO007465,华东,中通,1314.65,37.94,536.87,办公用品,Xerox 217,5月
2021-05-05,SO007466,华北,中通,4479.16,161.55,610.9,办公用品,Crate-A-Files™,5月
2021-11-10,SO007467,华北,中通,1072.22,80.98,149.64,数码电子,TDK 4.7GB DVD-R,11月
2021-11-10,SO007468,华北,中通,342.85,13.99,-32.416199999999996,数码电子,Xerox 193,11月
2021-11-10,SO007469,西北,中通,62.48,15.04,1.06,办公用品,Xerox 217,11月
2021-02-20,SO007470,西北,中通,241.1,5.81,-243.23649999999998,办公用品,3M Organizer Strips,2月
2021-02-20,SO007471,华东,中通,491.93,9.65,-53.62,家具产品,Document Clip Frames,2月
2021-10-30,SO007472,华东,中通,738.69,22.98,109.16,家具产品,Document Clip Frames,10月
2021-10-30,SO007473,华南,中通,1015.4,179.29,-234.59400000000002,家具产品,KI Conference Tables,10月
2021-06-28,SO007474,华南,中通,4281.13,122.99,-1446.08,家具产品,Phone 918,6月
2021-03-15,SO007475,华南,中通,238.06,10.91,56.4315,办公用品,Accessory36,3月
2021-05-07,SO007476,华南,中通,184.09,11.09,4.79,办公用品,Grip Seal Envelopes,5月
2021-03-15,SO007477,华北,中通,93.73,14.2,51.14,家具产品,Document Clip Frames,3月
2021-04-09,SO007478,华南,中通,669.69,80.98,-297.02,办公用品,Crate-A-Files™,4月
2021-07-10,SO007479,华北,中通,55.59,5.18,-17.9515,办公用品,3M Organizer Strips,7月
2021-08-03,SO007480,华东,中通,506.49,25.98,105.69,办公用品,Holmes Odor Grabber,8月
2021-08-03,SO007481,华东,中通,8367.68,170.98,886.35,家具产品,Xerox 1907,8月
2021-08-03,SO007482,华南,中通,74.31,41.47,-73.1,家具产品,Xerox 1937,8月
2021-07-18,SO007483,华北,中通,103.92,3.14,-52.76,办公用品,Letter Slitter,7月
2021-03-17,SO007484,华北,中通,451.09,39.98,61.27,办公用品,Avery 51,3月
2021-05-17,SO007485,华北,中通,112.36,3.36,-159.735,办公用品,3M Organizer Strips,5月
2021-05-17,SO007486,华北,中通,481.04900000000004,35.99,46.512,数码电子,CF 688,5月
2021-03-31,SO007487,华北,中通,98.24,10.98,-10.38,办公用品,Letter Slitter,3月
2021-06-10,SO007488,华北,中通,236.68,5.74,-82.7885,办公用品,Xerox 1932,6月
2021-06-10,SO007489,华北,中通,6255.81,140.85,693.26,办公用品,Crate-A-Files™,6月
2021-06-10,SO007490,华北,中通,616.5,15.01,25.993,办公用品,Newell 310,6月
2021-06-16,SO007491,华北,中通,55.33,4.84,13.38,办公用品,Newell 340,6月
2021-06-14,SO007492,华北,中通,1966.26,140.85,-34.79,办公用品,Crate-A-Files™,6月
2021-10-22,SO007493,华北,中通,1502.66,58.1,637.602,办公用品,3M Organizer Strips,10月
2021-12-29,SO007494,华北,中通,181.8,4.54,-144.739,办公用品,3M Organizer Strips,12月
2021-06-01,SO007495,华北,中通,136.16,4.98,58.1,办公用品,Avery 498,6月
2021-10-13,SO007496,华北,中通,3122.55,145.98,-574.5597,家具产品,KI Conference Tables,10月
2021-08-26,SO007497,华北,中通,1131.15,30.98,433.87,办公用品,Xerox 217,8月
2021-01-30,SO007498,华北,中通,264.6,6.48,-93.06,办公用品,Xerox 217,1月
2021-01-30,SO007499,华北,中通,3356.7349999999997,195.99,370.332,数码电子,CF 688,1月
2021-10-01,SO007500,华北,中通,623.71,58.14,-213.32,家具产品,Xerox 1907,10月
2021-04-19,SO007501,华北,中通,2317.65,78.65,568.6,办公用品,Holmes Odor Grabber,4月
2021-04-19,SO007502,华北,中通,4987.73,122.99,-1867.97,家具产品,Phone 918,4月
2021-04-09,SO007503,华北,中通,1646.05,48.04,649.8,办公用品,Xerox 217,4月
2021-06-03,SO007504,华北,中通,7807.45,161.55,1660.15,办公用品,Crate-A-Files™,6月
2021-01-22,SO007505,华北,中通,562.8,15.22,-17.4455,办公用品,3M Organizer Strips,1月
2021-01-22,SO007506,华北,中通,4584.73,179.99,812.38,数码电子,TDK 4.7GB DVD-R,1月
2021-01-22,SO007507,华北,中通,4039.72,92.23,-237.6,家具产品,Document Clip Frames,1月
2021-01-22,SO007508,西北,中通,2570.944,115.99,553.356,数码电子,CF 688,1月
2021-07-07,SO007509,东北,中通,691.52,14.2,107.02,家具产品,Document Clip Frames,7月
2021-07-07,SO007510,东北,中通,2756.17,71.37,-1561.7160000000001,家具产品,KI Conference Tables,7月
2021-07-07,SO007511,东北,中通,5159.3725,200.99,1252.476,数码电子,CF 688,7月
2021-09-04,SO007512,东北,中通,7922.69,419.19,1558.79,办公用品,Crate-A-Files™,9月
2021-03-18,SO007513,东北,中通,433.31,20.98,-815.79,办公用品,Crate-A-Files™,3月
2021-03-27,SO007514,东北,中通,307.65,8.95,91.73,办公用品,Xerox 217,3月
2021-03-04,SO007515,东北,中通,5544.99,130.98,-3404.24,家具产品,Accessory35,3月
2021-08-08,SO007516,东北,中通,1779.87,40.99,311.72,办公用品,Xerox 217,8月
2021-12-10,SO007517,东北,中通,172.9,6.88,51.43,办公用品,Binder Posts,12月
2021-11-01,SO007518,东北,中通,4263.931500000001,110.99,1411.029,数码电子,CF 688,11月
2021-07-01,SO007519,东北,中通,4233.15,120.97,1219.87,数码电子,Xerox 193,7月
2021-01-31,SO007520,东北,中通,648.58,18.97,182.63,办公用品,Xerox 217,1月
2021-01-31,SO007521,东北,中通,270.56,6.48,-140.48,办公用品,Xerox 217,1月
2021-07-22,SO007522,东北,中通,405.6,8.85,-8.590499999999999,办公用品,3M Organizer Strips,7月
2021-08-11,SO007523,西南,中通,3301.33,140.98,-307.46,家具产品,Xerox 1907,8月
2021-08-11,SO007524,西南,中通,126.95,4.13,45.87,办公用品,Avery 498,8月
2021-02-14,SO007525,华南,中通,821.7884999999999,55.99,-230.34,数码电子,CF 688,2月
2021-02-14,SO007526,华南,中通,5634.3525,200.99,1185.408,数码电子,CF 688,2月
2021-02-13,SO007527,华南,中通,5483.96,120.98,-1330.5,家具产品,Xerox 1894,2月
2021-03-10,SO007528,华南,中通,57.5,28.48,-83.18,数码电子,688,3月
2021-07-21,SO007529,华南,中通,2700.41,279.81,258.01,办公用品,Holmes Odor Grabber,7月
2021-09-10,SO007530,华南,中通,160.52,50.98,-69.66,家具产品,Phone 918,9月
2021-09-06,SO007531,华南,中通,5062.18,270.97,842.83,数码电子,Xerox 193,9月
2021-01-07,SO007532,华南,中通,114.17,4.37,-80.05,办公用品,Xerox 1885,1月
2021-01-07,SO007533,华南,中通,197.11,4.98,-89.424,办公用品,3M Organizer Strips,1月
2021-11-03,SO007534,华南,中通,3329.27,150.98,350.0,家具产品,KI Conference Tables,11月
2021-05-22,SO007535,华南,中通,261.0,5.81,-43.45,办公用品,"Super Bands, 12/Pack",5月
2021-05-22,SO007536,华南,中通,127.56,29.74,-41.75,办公用品,Crate-A-Files™,5月
2021-01-02,SO007537,华南,中通,70.25,2.08,-133.06,家具产品,8890,1月
2021-10-18,SO007538,华南,中通,124.75,40.96,-112.64,数码电子,TDK 4.7GB DVD-R,10月
2021-06-22,SO007539,华南,中通,2011.6355,195.99,-53.691,数码电子,CF 688,6月
2021-09-02,SO007540,华南,中通,205.87,5.68,65.88,办公用品,5125,9月
2021-09-02,SO007541,华南,中通,65.12,1.68,1.42,办公用品,Newell 340,9月
2021-06-27,SO007542,华南,中通,2492.97,73.98,131.02,数码电子,TDK 4.7GB DVD-R,6月
2021-01-25,SO007543,华北,中通,480.73,42.8,148.1975,办公用品,3M Organizer Strips,1月
2021-01-25,SO007544,华北,中通,159.0,6.48,-98.15,办公用品,Xerox 217,1月
2021-10-22,SO007545,华北,中通,913.99,21.38,-57.75,办公用品,Xerox 1893,10月
2021-05-18,SO007546,华北,中通,2608.79,213.45,67.36000000000007,数码电子,Xerox 193,5月
2021-04-15,SO007547,西北,中通,2773.71,82.99,1097.25,数码电子,T18,4月
2021-04-15,SO007548,西北,中通,113.89,11.66,-52.25,办公用品,Newell 340,4月
2021-08-15,SO007549,西北,中通,664.989,35.99,170.46,数码电子,Xerox 1887,8月
2021-01-02,SO007550,西北,中通,7325.63,199.99,1899.23,数码电子,Xerox 204,1月
2021-10-21,SO007551,西北,中通,321.21,22.98,53.44,数码电子,TDK 4.7GB DVD-R,10月
2021-09-16,SO007552,西北,中通,907.24,154.13,-634.7341000000001,家具产品,KI Conference Tables,9月
2021-03-24,SO007553,西北,中通,83.3,20.99,-114.90599999999999,数码电子,Avery 491,3月
2021-11-23,SO007554,西北,中通,1583.06,78.65,328.0,办公用品,Accessory6,11月
2021-02-06,SO007555,西南,中通,756.6,35.44,299.59,办公用品,5125,2月
2021-07-30,SO007556,华东,中通,10071.09,264.98,1977.69,数码电子,Xerox 193,7月
2021-02-17,SO007557,华东,中通,558.62,48.58,118.32,办公用品,Holmes Odor Grabber,2月
2021-01-08,SO007558,华东,中通,243.52,14.89,-59.64,家具产品,Document Clip Frames,1月
2021-01-08,SO007559,华东,中通,3849.8,280.98,192.2,家具产品,KI Conference Tables,1月
2021-01-08,SO007560,华东,中通,198.29,4.91,-134.412,办公用品,3M Organizer Strips,1月
2021-04-15,SO007561,华东,中通,952.21,18.84,403.83,家具产品,Document Clip Frames,4月
2021-05-02,SO007562,华东,中通,3005.74,59.98,1053.21,办公用品,Holmes Odor Grabber,5月
2021-05-02,SO007563,华东,中通,2209.5155,65.99,458.62199999999996,数码电子,CF 688,5月
2021-06-08,SO007564,华东,中通,3439.39,100.97,1057.62,数码电子,TDK 4.7GB DVD-R,6月
2021-06-08,SO007565,华东,中通,10.48,4.84,-5.65,办公用品,Newell 340,6月
2021-11-01,SO007566,华东,中通,233.2,7.64,-48.07,办公用品,Xerox 217,11月
2021-11-01,SO007567,华东,中通,79.53,4.98,-48.55,办公用品,Fuji 5.2GB DVD-RAM,11月
2021-11-01,SO007568,华东,中通,1680.9769999999999,45.99,383.09400000000005,数码电子,CF 888,11月
2021-03-02,SO007569,华东,中通,421.08,8.33,82.31,数码电子,TDK 4.7GB DVD-R,3月
2021-04-08,SO007570,华东,中通,4968.5,99.99,1041.28,数码电子,TDK 4.7GB DVD-R,4月
2021-02-15,SO007571,华东,中通,115.02,3.78,46.3,办公用品,"Super Bands, 12/Pack",2月
2021-02-15,SO007572,华东,中通,118.63,16.74,6.298500000000001,办公用品,3M Organizer Strips,2月
2021-12-04,SO007573,华东,中通,670.02,20.98,278.579,办公用品,Xerox 210,12月
2021-06-16,SO007574,华东,中通,9396.27,420.98,3857.5719999999997,办公用品,3M Organizer Strips,6月
2021-09-19,SO007575,华东,中通,705.85,39.48,151.67,数码电子,TDK 4.7GB DVD-R,9月
2021-09-19,SO007576,华南,中通,321.3,8.12,-47.23,数码电子,TDK 4.7GB DVD-R,9月
2021-12-19,SO007577,华南,中通,653.871,55.99,-311.04699999999997,数码电子,CF 688,12月
2021-09-01,SO007578,华东,中通,227.41,19.98,44.29,家具产品,Accessory41,9月
2021-09-01,SO007579,华东,中通,87.44,1.76,-184.6,家具产品,Document Clip Frames,9月
2021-10-18,SO007580,华南,中通,436.67,11.58,51.91,办公用品,Grip Seal Envelopes,10月
2021-10-18,SO007581,华南,中通,146.72,5.08,18.26,家具产品,Document Clip Frames,10月
2021-10-18,SO007582,华南,中通,74.83,4.06,-83.71,办公用品,Accessory37,10月
2021-12-14,SO007583,华南,中通,40.75,2.61,12.76,办公用品,Avery 498,12月
2021-12-14,SO007584,华南,中通,424.09,11.66,-114.18,办公用品,Newell 340,12月
2021-01-19,SO007585,华南,中通,155.51,142.86,-87.34,办公用品,Crate-A-Files™,1月
2021-11-29,SO007586,华南,中通,2039.082,65.99,481.69800000000004,数码电子,CF 688,11月
2021-11-29,SO007587,华南,中通,225.46,13.99,-33.0252,数码电子,Xerox 193,11月
2021-11-29,SO007588,华南,中通,783.96,20.34,-1195.29,办公用品,Crate-A-Files™,11月
2021-01-04,SO007589,华南,中通,92.03,6.08,19.71,办公用品,Newell 340,1月
2021-01-04,SO007590,华南,中通,207.19,11.66,-85.91,办公用品,Newell 340,1月
2021-01-04,SO007591,华南,中通,88.0,10.48,-6.38,办公用品,Newell 340,1月
2021-12-18,SO007592,华南,中通,162.25,7.1,-42.7225,办公用品,3390,12月
2021-03-19,SO007593,华南,中通,124.71,7.35,-30.04,办公用品,Xerox 217,3月
2021-07-16,SO007594,华南,中通,604.38,28.48,167.58,数码电子,TDK 4.7GB DVD-R,7月
2021-07-16,SO007595,华南,中通,2404.599,65.99,496.89,数码电子,CF 688,7月
2021-10-04,SO007596,华南,中通,523.56,20.24,43.87,家具产品,Xerox 1952,10月
2021-12-06,SO007597,华南,中通,1553.868,65.99,322.506,数码电子,KF 788,12月
2021-08-02,SO007598,华南,中通,196.74,6.28,-61.59,家具产品,Document Clip Frames,8月
2021-06-12,SO007599,华南,中通,1971.56,70.98,-15.29,家具产品,Xerox 1907,6月
2021-06-12,SO007600,华南,中通,154.43,4.18,-133.77,家具产品,Staples Bulldog Clip,6月
2021-04-28,SO007601,华南,中通,250.29,8.34,6.79,办公用品,Letter Slitter,4月
2021-04-28,SO007602,华东,中通,5258.94,130.98,-421.76,家具产品,Phone 918,4月
2021-06-05,SO007603,华南,中通,471.24,22.98,115.54,数码电子,TDK 4.7GB DVD-R,6月
2021-08-10,SO007604,东北,中通,73.22,6.48,-34.53,办公用品,Xerox 217,8月
2021-11-19,SO007605,华南,中通,109.52,4.54,-73.34700000000001,办公用品,3M Organizer Strips,11月
2021-08-15,SO007606,华南,中通,262.9,6.68,-41.98,办公用品,Accessory36,8月
2021-03-05,SO007607,华东,中通,43.65,2.78,-3.67,办公用品,Newell 340,3月
2021-03-05,SO007608,华北,中通,2478.481,115.99,249.10199999999998,数码电子,CF 688,3月
2021-09-19,SO007609,华北,中通,112.63,2.66,-201.6,办公用品,Grip Seal Envelopes,9月
2021-10-18,SO007610,东北,中通,2002.4,100.98,151.09,家具产品,Xerox 1907,10月
2021-12-13,SO007611,东北,中通,1427.14,48.04,605.92,办公用品,Xerox 217,12月
2021-04-18,SO007612,东北,中通,4711.244000000001,155.99,1380.3210000000001,数码电子,Avery 494,4月
2021-12-07,SO007613,东北,中通,3421.88,73.98,443.52,数码电子,TDK 4.7GB DVD-R,12月
2021-01-11,SO007614,华南,中通,380.28,13.48,-20.58,办公用品,Letter Size Cart,1月
2021-02-24,SO007615,华南,中通,170.02,22.84,-56.1,办公用品,T193,2月
2021-12-20,SO007616,华南,中通,1087.58,39.89,514.45,家具产品,Document Clip Frames,12月
2021-12-20,SO007617,华南,中通,4273.35,101.41,-892.03,办公用品,Crate-A-Files™,12月
2021-12-20,SO007618,华东,中通,4165.04,90.98,135.68,家具产品,Phone 918,12月
2021-10-10,SO007619,华北,中通,53.32,4.97,-20.68,家具产品,Document Clip Frames,10月
2021-10-10,SO007620,华北,中通,64.03,2.62,11.42,办公用品,"Super Bands, 12/Pack",10月
2021-10-10,SO007621,西北,中通,2710.5054999999998,65.99,624.123,数码电子,CF 688,10月
2021-12-24,SO007622,华东,中通,2834.96,178.47,587.64,办公用品,Crate-A-Files™,12月
2021-12-24,SO007623,华东,中通,953.9889999999999,125.99,-249.326,数码电子,CF 688,12月
2021-02-06,SO007624,华东,中通,86.29,4.98,34.98,办公用品,MicroTAC 650,2月
2021-02-06,SO007625,华南,中通,86.92,36.55,-43.93,办公用品,Newell 340,2月
2021-08-04,SO007626,华南,中通,419.95,10.64,-39.1,家具产品,252,8月
2021-07-21,SO007627,华南,中通,117.33,6.69,10.31,办公用品,Xerox 217,7月
2021-07-03,SO007628,华北,中通,54.61,4.76,14.99,办公用品,Xerox 217,7月
2021-08-28,SO007629,西北,中通,197.93,5.98,-57.64,办公用品,Xerox 217,8月
2021-08-28,SO007630,东北,中通,90.58,12.44,-27.83,办公用品,Crate-A-Files™,8月
2021-04-09,SO007631,东北,中通,6034.68,499.99,-517.08,数码电子,Canon PC940 Copier,4月
2021-02-22,SO007632,华南,中通,132.36,4.98,-98.35,数码电子,TDK 4.7GB DVD-R,2月
2021-02-22,SO007633,华南,中通,1498.46,34.23,565.37,家具产品,Xerox 1894,2月
2021-08-10,SO007634,华南,中通,210.94,6.48,-94.59,办公用品,Xerox 217,8月
2021-08-10,SO007635,华南,中通,192.02,20.98,-293.74,办公用品,Xerox 1977,8月
2021-12-05,SO007636,华南,中通,174.58,6.84,-57.17,办公用品,Newell 333,12月
2021-12-05,SO007637,华南,中通,8789.54,424.21,-1025.1883070000001,家具产品,5185,12月
2021-07-10,SO007638,华北,中通,344.25,14.48,23.9615,办公用品,3M Organizer Strips,7月
2021-07-10,SO007639,华北,中通,64.77,5.84,14.46,办公用品,Newell 340,7月
2021-02-11,SO007640,华北,中通,1024.31,31.74,174.7175,办公用品,Xerox 1885,2月
2021-01-04,SO007641,华北,中通,452.28,9.85,-21.0,办公用品,T39m,1月
2021-01-04,SO007642,华北,中通,55.82,2.94,14.19,办公用品,Newell 340,1月
2021-07-12,SO007643,华北,中通,24.3,4.91,3.14,办公用品,Avery 498,7月
2021-07-12,SO007644,华北,中通,322.61,22.01,19.37,办公用品,Xerox 1982,7月
2021-11-01,SO007645,华北,中通,235.15,5.85,12.7,办公用品,Newell 340,11月
2021-04-12,SO007646,华北,中通,292.38,35.51,6.11,办公用品,Crate-A-Files™,4月
2021-04-12,SO007647,华北,中通,191.79,8.34,-6.34,办公用品,Letter Slitter,4月
2021-04-12,SO007648,华北,中通,290.01,8.04,-160.2755,办公用品,3M Organizer Strips,4月
2021-04-12,SO007649,华北,中通,4692.26,2550.14,-7373.1282,数码电子,Xerox 193,4月
2021-12-08,SO007650,东北,中通,1717.88,60.97,513.93,办公用品,6120,12月
2021-12-08,SO007651,东北,中通,1978.4345,65.99,471.08699999999993,数码电子,CF 688,12月
2021-11-22,SO007652,东北,中通,632.05,32.48,-626.61,办公用品,StarTAC ST7762,11月
2021-04-13,SO007653,东北,中通,29.32,7.28,-12.93,办公用品,Xerox 217,4月
2021-03-20,SO007654,东北,中通,2376.7105,65.99,721.809,数码电子,CF 688,3月
2021-02-01,SO007655,东北,中通,556.45,25.98,-124.42,家具产品,Phone 918,2月
2021-10-04,SO007656,东北,中通,31.7,14.48,-44.39,数码电子,TDK 4.7GB DVD-R,10月
2021-10-04,SO007657,东北,中通,143.98149999999998,55.99,-283.228,数码电子,CF 688,10月
2021-05-08,SO007658,东北,中通,171.52,5.68,46.61,办公用品,Xerox 1983,5月
2021-10-09,SO007659,东北,中通,134.68,4.98,-66.46,办公用品,Xerox 217,10月
2021-09-24,SO007660,东北,中通,1132.54,48.91,-628.38,办公用品,Crate-A-Files™,9月
2021-01-17,SO007661,东北,中通,85.71,3.28,9.32,办公用品,Newell 340,1月
2021-01-17,SO007662,东北,中通,576.58,13.9,-81.55,办公用品,Letter Slitter,1月
2021-07-04,SO007663,东北,中通,438.8,11.7,-84.19,办公用品,Xerox 1930,7月
2021-09-21,SO007664,东北,中通,985.29,43.98,138.37,办公用品,Newell 340,9月
2021-10-26,SO007665,东北,中通,575.89,19.98,-14.04,数码电子,TDK 4.7GB DVD-R,10月
2021-10-26,SO007666,东北,中通,260.6,5.78,-182.71,办公用品,Xerox 217,10月
2021-12-03,SO007667,东北,中通,37.89,35.41,-120.97,数码电子,TDK 4.7GB DVD-R,12月
2021-08-28,SO007668,东北,中通,505.08,15.15,-56.9135,办公用品,3M Organizer Strips,8月
2021-08-28,SO007669,东北,中通,649.2384999999999,205.99,-830.72,数码电子,CF 688,8月
2021-08-24,SO007670,西南,中通,3093.76,95.99,-850.71,办公用品,Lumber Crayons,8月
2021-08-24,SO007671,西南,中通,6335.8575,155.99,1620.225,数码电子,CF 688,8月
2021-04-11,SO007672,西南,中通,994.4745,65.99,0.7110000000000056,数码电子,Avery 508,4月
2021-11-02,SO007673,华南,中通,52.7,1.8,-64.883,办公用品,3M Organizer Strips,11月
2021-07-28,SO007674,华南,中通,600.86,53.98,-82.67,数码电子,TDK 4.7GB DVD-R,7月
2021-07-28,SO007675,华南,中通,17.06,2.98,-7.54,办公用品,Newell 340,7月
2021-10-06,SO007676,华南,中通,2532.6175000000003,85.99,730.512,数码电子,CF 688,10月
2021-12-03,SO007677,华南,中通,1008.872,209.37,-505.98447900000014,家具产品,KI Conference Tables,12月
2021-12-03,SO007678,华南,中通,95.68,6.48,-15.27,办公用品,Xerox 217,12月
2021-09-23,SO007679,华南,中通,706.3925,20.99,346.14,数码电子,CF 688,9月
2021-03-17,SO007680,华南,中通,61.46,4.89,-47.83,数码电子,6000,3月
2021-03-07,SO007681,华南,中通,49.61,30.98,-41.82,办公用品,Xerox 217,3月
2021-01-22,SO007682,华南,中通,35.14,29.17,-12.753499999999999,办公用品,3M Organizer Strips,1月
2021-03-11,SO007683,华南,中通,1648.33,100.89,-210.14,家具产品,TIMEPORT P8767,3月
2021-10-18,SO007684,华南,中通,317.06,10.06,105.47,办公用品,Xerox 217,10月
2021-10-19,SO007685,华南,中通,566.66,19.98,60.59,办公用品,TDK 4.7GB DVD+RW,10月
2021-08-02,SO007686,华南,中通,368.66,300.98,-165.6,家具产品,Accessory28,8月
2021-03-30,SO007687,华南,中通,22.28,1.14,-2.66,办公用品,"Super Bands, 12/Pack",3月
2021-02-20,SO007688,华南,中通,159.89,4.06,-185.17,办公用品,Holmes Odor Grabber,2月
2021-02-20,SO007689,华南,中通,180.48,3.75,82.38,办公用品,Avery 498,2月
2021-02-20,SO007690,华南,中通,350.48,10.68,-231.05,家具产品,Document Clip Frames,2月
2021-08-12,SO007691,华南,中通,633.91,12.58,141.17,家具产品,Document Clip Frames,8月
2021-12-13,SO007692,华南,中通,50.35,3.69,-8.24,办公用品,Grip Seal Envelopes,12月
2021-09-15,SO007693,华东,中通,8684.23,280.98,1488.77,家具产品,KI Conference Tables,9月
2021-01-22,SO007694,华北,中通,134.83,2.89,50.74,办公用品,Avery 498,1月
2021-01-22,SO007695,华北,中通,8865.1,217.85,1517.12,家具产品,Xerox 196,1月
2021-03-23,SO007696,华北,中通,51.39,1.76,-64.37,家具产品,Document Clip Frames,3月
2021-03-23,SO007697,华北,中通,293.52,9.38,-116.66,办公用品,Crate-A-Files™,3月
2021-04-20,SO007698,华北,中通,67.84,2.88,13.44,办公用品,ELITE Series,4月
2021-12-28,SO007699,西北,中通,2232.06,155.06,542.16,办公用品,Crate-A-Files™,12月
2021-10-10,SO007700,西北,中通,387.17,55.94,-204.65,数码电子,LX 788,10月
2021-01-10,SO007701,西北,中通,2137.1,70.98,-686.01,家具产品,5190,1月
2021-01-10,SO007702,西北,中通,571.17,11.55,129.87,办公用品,Newell 340,1月
2021-06-06,SO007703,西北,中通,129.3,6.47,40.2,办公用品,Newell 340,6月
2021-06-06,SO007704,西北,中通,104.97,2.84,3.21,办公用品,Newell 340,6月
2021-02-26,SO007705,华东,中通,340.7,15.23,11.650950000000002,家具产品,6340,2月
2021-01-20,SO007706,华东,中通,46.42,2.1,2.38,办公用品,Newell 340,1月
2021-01-20,SO007707,华东,中通,154.99,4.48,-1085.52,办公用品,Xerox 23,1月
2021-03-02,SO007708,华东,中通,25.84,1.76,-4.13,家具产品,Accessory21,3月
2021-11-01,SO007709,华东,中通,73.86,9.71,-52.49,办公用品,Crate-A-Files™,11月
2021-11-01,SO007710,华东,中通,4373.8535,125.99,963.675,数码电子,Xerox 197,11月
2021-11-01,SO007711,华东,中通,2302.36,300.97,-114.68,数码电子,TDK 4.7GB DVD-R,11月
2021-06-29,SO007712,华东,中通,260.59,6.48,-157.76,办公用品,Xerox 217,6月
2021-06-08,SO007713,华东,中通,3723.99,289.53,777.28,办公用品,Holmes Odor Grabber,6月
2021-06-08,SO007714,华东,中通,61.94,1.6,-17.78,办公用品,Newell 340,6月
2021-03-16,SO007715,华东,中通,115.78,3.52,-167.417,办公用品,3M Organizer Strips,3月
2021-03-16,SO007716,华东,中通,210.22,14.98,-30.71,办公用品,OIC Thumb-Tacks,3月
2021-04-25,SO007717,华东,中通,126.95,22.84,-4.17,办公用品,Xerox 217,4月
2021-05-26,SO007718,华东,中通,1944.87,41.71,496.43,办公用品,Avery 510,5月
2021-05-26,SO007719,华东,中通,61.82,5.34,-10.4535,办公用品,Dana Swing-Arm Lamps,5月
2021-09-28,SO007720,华东,中通,84.01,4.82,-34.12,家具产品,Document Clip Frames,9月
2021-03-27,SO007721,华东,中通,75.27,5.58,-1.84,办公用品,Colored Envelopes,3月
2021-03-27,SO007722,华东,中通,1184.53,39.98,-26.49,数码电子,TDK 4.7GB DVD-R,3月
2021-03-27,SO007723,华东,中通,3683.73,125.99,708.759,数码电子,Avery 498,3月
2021-11-16,SO007724,华东,中通,246.2,70.89,-184.16,家具产品,KI Conference Tables,11月
2021-09-19,SO007725,华东,中通,1124.2440000000001,125.99,-126.445,数码电子,CF 688,9月
2021-06-25,SO007726,华东,中通,57.82,10.98,0.8499999999999979,办公用品,Staples File Caddy,6月
2021-06-25,SO007727,华东,中通,544.89,11.97,-115.66,办公用品,Avery 474,6月
2021-05-07,SO007728,华东,中通,525.77,11.99,34.63,数码电子,Xerox 193,5月
2021-05-08,SO007729,华东,中通,291.4,300.97,-763.16,数码电子,TDK 4.7GB DVD-R,5月
2021-07-02,SO007730,华南,中通,445.17,18.97,38.11,办公用品,Xerox 217,7月
2021-07-17,SO007731,华南,中通,177.52,5.68,52.61,办公用品,Newell 309,7月
2021-11-16,SO007732,华南,中通,122.09,18.97,-15.2,办公用品,Xerox 217,11月
2021-11-16,SO007733,华南,中通,150.06,2.88,30.97,办公用品,Newell 340,11月
2021-11-16,SO007734,华南,中通,95.09,10.98,-13.53,办公用品,Letter Slitter,11月
2021-08-09,SO007735,华东,中通,1294.04,150.98,-323.18,家具产品,Xerox 1907,8月
2021-08-09,SO007736,华南,中通,392.57,17.07,22.25,办公用品,Grip Seal Envelopes,8月
2021-05-08,SO007737,华南,中通,437.47799999999995,20.99,-42.229,数码电子,CF 688,5月
2021-05-08,SO007738,华南,中通,184.74,5.98,-102.25,数码电子,TDK 4.7GB DVD-R,5月
2021-01-21,SO007739,华南,中通,1494.232,35.99,479.952,数码电子,StarTAC 3000,1月
2021-03-15,SO007740,华南,中通,6356.68,128.24,1812.86,家具产品,Phone 918,3月
2021-03-15,SO007741,华南,中通,193.15,4.28,27.76,办公用品,Xerox 214,3月
2021-10-05,SO007742,华南,中通,10348.73,227.55,1094.57,家具产品,KI Conference Tables,10月
2021-09-09,SO007743,华南,中通,14.74,2.88,-2.58,办公用品,Newell 340,9月
2021-10-21,SO007744,华南,中通,1258.97,32.98,-112.58,数码电子,TDK 4.7GB DVD-R,10月
2021-03-07,SO007745,华南,中通,995.724,110.99,-117.612,数码电子,CF 688,3月
2021-03-07,SO007746,华南,中通,830.53,20.24,120.69,家具产品,Xerox 1991,3月
2021-03-07,SO007747,华南,中通,79.93,27.75,-52.73,办公用品,Crate-A-Files™,3月
2021-11-26,SO007748,华南,中通,15152.55,500.98,7719.21,数码电子,Xerox 193,11月
2021-09-19,SO007749,华南,中通,17.3,6.98,-7.49,家具产品,Document Clip Frames,9月
2021-09-24,SO007750,华南,中通,3671.1414999999997,125.99,995.085,数码电子,CF 688,9月
2021-07-15,SO007751,华南,中通,172.23,3.29,32.35,办公用品,"Super Bands, 12/Pack",7月
2021-07-15,SO007752,华南,中通,1198.1,51.75,187.19,家具产品,M70,7月
2021-03-25,SO007753,华北,中通,423.14,15.98,85.51,数码电子,KI Conference Tables,3月
2021-03-25,SO007754,华东,中通,628.39,30.98,181.83,办公用品,Timeport L7089,3月
2021-03-25,SO007755,华北,中通,162.49,81.32,-94.83,办公用品,Holmes Odor Grabber,3月
2021-02-02,SO007756,东北,中通,5718.85,122.99,-2426.55,家具产品,Phone 918,2月
2021-04-02,SO007757,华南,中通,168.57,5.28,16.6515,办公用品,3M Organizer Strips,4月
2021-10-22,SO007758,西北,中通,14665.55,1637.53,-767.51,办公用品,Letter Slitter,10月
2021-10-20,SO007759,华东,中通,415.055,20.99,-44.132,数码电子,CF 688,10月
2021-06-30,SO007760,华北,中通,324.75,11.29,-36.87,办公用品,Crate-A-Files™,6月
2021-12-02,SO007761,华东,中通,17560.95,500.98,4801.82,家具产品,Xerox 1939,12月
2021-12-02,SO007762,华南,中通,19845.696,550.98,-1331.553366,家具产品,Newell 340,12月
2021-05-03,SO007763,东北,中通,364.8,8.74,149.45,办公用品,Grip Seal Envelopes,5月
2021-08-27,SO007764,华东,中通,5445.992,218.75,-791.66,家具产品,KI Conference Tables,8月
2021-03-22,SO007765,东北,中通,4856.1,145.45,1096.64,数码电子,Xerox 193,3月
2021-11-10,SO007766,华东,中通,323.53,51.75,136.32,家具产品,Accessory29,11月
2021-11-10,SO007767,华北,中通,65.7475,65.99,-252.483,数码电子,CF 688,11月
2021-03-10,SO007768,华北,中通,4073.17,160.98,376.21,家具产品,Accessory13,3月
2021-02-14,SO007769,东北,中通,830.28,122.99,-382.98,家具产品,Phone 918,2月
2021-02-14,SO007770,东北,中通,837.386,20.99,104.328,数码电子,Newell 336,2月
2021-09-10,SO007771,东北,中通,250.7,100.98,-180.61,家具产品,Phone 918,9月
2021-07-28,SO007772,华南,中通,2650.77,70.71,-824.43,家具产品,Newell 346,7月
2021-01-13,SO007773,华南,中通,2860.19,105.29,458.4,家具产品,Document Clip Frames,1月
2021-08-17,SO007774,华南,中通,59.03,4.98,-25.21,办公用品,T18,8月
2021-07-21,SO007775,华南,中通,4203.88,150.98,-865.88,家具产品,Xerox 1907,7月
2021-07-20,SO007776,华南,中通,221.05,7.1,-66.378,办公用品,3M Organizer Strips,7月
2021-07-20,SO007777,华南,中通,133.15,6.28,-51.428,办公用品,3M Organizer Strips,7月
2021-07-20,SO007778,华南,中通,136.71,3.08,34.72,办公用品,Avery 498,7月
2021-11-19,SO007779,华东,中通,15602.93,306.14,4875.89,数码电子,StarTAC ST7868,11月
2021-02-16,SO007780,华北,中通,208.83,7.1,-60.145,办公用品,3M Organizer Strips,2月
2021-02-16,SO007781,西北,中通,228.3,4.98,-111.72,数码电子,TDK 4.7GB DVD-R,2月
2021-02-16,SO007782,西北,中通,129.53,5.68,33.01,办公用品,Grip Seal Envelopes,2月
2021-11-25,SO007783,西北,中通,413.86,7.59,39.29,家具产品,Xerox 19,11月
2021-11-25,SO007784,华东,中通,178.45,5.98,-104.96,办公用品,Crate-A-Files™,11月
2021-02-02,SO007785,华东,中通,144.28,3.08,52.94,办公用品,Avery 498,2月
2021-02-02,SO007786,华东,中通,126.53,5.98,-73.38,办公用品,Xerox 217,2月
2021-11-26,SO007787,华东,中通,276.3,5.58,14.841000000000001,办公用品,3M Organizer Strips,11月
2021-11-26,SO007788,华东,中通,120.52,7.98,43.92,办公用品,Accessory15,11月
2021-11-26,SO007789,华东,中通,2269.01,54.1,-19.37,办公用品,Crate-A-Files™,11月
2021-05-23,SO007790,华东,中通,1844.97,42.8,807.3810000000001,办公用品,3M Organizer Strips,5月
2021-05-19,SO007791,华南,中通,32.6,13.43,-20.57,办公用品,Crate-A-Files™,5月
2021-05-19,SO007792,华南,中通,526.76,172.99,-93.8285,办公用品,3M Organizer Strips,5月
2021-01-26,SO007793,华南,中通,392.77,39.98,-146.2,数码电子,TDK 4.7GB DVD-R,1月
2021-01-26,SO007794,华南,中通,7332.088000000001,376.13,53.79,家具产品,KI Conference Tables,1月
2021-07-02,SO007795,东北,中通,802.46,19.98,192.88,办公用品,Xerox 217,7月
2021-07-02,SO007796,东北,中通,1769.9,95.99,-468.89,办公用品,StarTAC 7760,7月
2021-04-29,SO007797,华南,中通,2925.78,100.98,1041.29,数码电子,TDK 4.7GB DVD-R,4月
2021-09-30,SO007798,华北,中通,73.62,1.82,0.86,办公用品,Newell 340,9月
2021-10-04,SO007799,西北,中通,2329.4,64.98,189.77,办公用品,Crate-A-Files™,10月
2021-04-12,SO007800,华东,中通,118.36,6.48,-60.65,办公用品,Xerox 217,4月
2021-07-04,SO007801,华东,中通,514.53,23.99,149.31,办公用品,Grip Seal Envelopes,7月
2021-07-04,SO007802,华南,中通,748.84,55.98,286.7,办公用品,Xerox 217,7月
2021-07-04,SO007803,华南,中通,1497.93,161.55,35.31,办公用品,Xerox 190,7月
2021-07-04,SO007804,华北,中通,3857.56,290.98,-377.81100000000004,家具产品,KI Conference Tables,7月
2021-04-06,SO007805,华北,中通,1835.47,150.98,-364.8733660000001,家具产品,KI Conference Tables,4月
2021-10-01,SO007806,华北,中通,102.99,6.48,-102.17,办公用品,Xerox 217,10月
2021-10-01,SO007807,华北,中通,1429.088,85.99,500.049,数码电子,Avery 481,10月
2021-12-19,SO007808,华北,中通,2893.31,96.45,937.64,数码电子,Xerox 193,12月
2021-12-19,SO007809,华北,中通,3923.27,159.31,-85.86,家具产品,KI Conference Tables,12月
2021-11-25,SO007810,华北,中通,156.66,6.68,-33.15,办公用品,Xerox 217,11月
2021-10-29,SO007811,华北,中通,1169.26,28.53,515.6185,办公用品,3M Organizer Strips,10月
2021-10-14,SO007812,华北,中通,55.66,5.68,8.82,办公用品,Grip Seal Envelopes,10月
2021-10-05,SO007813,华北,中通,96.03,15.7,-59.39,办公用品,Crate-A-Files™,10月
2021-10-05,SO007814,华北,中通,122.35,10.98,-13.55,办公用品,Avery 511,10月
2021-07-19,SO007815,华北,中通,21.45,14.42,-7.22,办公用品,Xerox 1920,7月
2021-07-19,SO007816,华北,中通,5347.13,122.99,1886.4134999999999,办公用品,3M Organizer Strips,7月
2021-12-26,SO007817,华北,中通,2332.5955,115.99,366.858,数码电子,CF 688,12月
2021-07-30,SO007818,华北,中通,902.19,22.99,-49.66,办公用品,Newell 340,7月
2021-07-30,SO007819,华北,中通,657.232,44.43,33.988949999999996,家具产品,KI Conference Tables,7月
2021-11-29,SO007820,华北,中通,246.06,18.7,52.33,家具产品,Document Clip Frames,11月
2021-11-29,SO007821,华北,中通,41.87,1.68,-25.52,办公用品,Newell 340,11月
2021-11-13,SO007822,华北,中通,1118.82,140.98,-320.3,家具产品,Xerox 1907,11月
2021-11-13,SO007823,华北,中通,79.75,1.81,-41.32,办公用品,"Super Bands, 12/Pack",11月
2021-04-14,SO007824,华北,中通,1504.22,39.99,118.97,数码电子,Xerox 1936,4月
2021-04-25,SO007825,华北,中通,5217.79,180.98,209.54,家具产品,Phone 918,4月
2021-08-11,SO007826,华北,中通,119.9,37.94,-14.47,办公用品,Xerox 217,8月
2021-08-04,SO007827,东北,中通,615.68,14.42,-54.34,办公用品,Holmes Odor Grabber,8月
2021-08-04,SO007828,东北,中通,142.24,100.89,-62.19,家具产品,Phone 918,8月
2021-05-11,SO007829,东北,中通,28.63,1.74,-21.17,家具产品,Xerox 210,5月
2021-05-11,SO007830,东北,中通,8014.624000000001,227.55,1366.1,家具产品,KI Conference Tables,5月
2021-10-25,SO007831,东北,中通,144.06,3.81,-117.2655,办公用品,Xerox 1908,10月
2021-10-25,SO007832,东北,中通,3205.24,95.95,-1115.99,家具产品,Phone 918,10月
2021-10-25,SO007833,东北,中通,339.27,7.89,48.59,办公用品,"Super Bands, 12/Pack",10月
2021-10-25,SO007834,东北,中通,902.024,124.49,-153.252,家具产品,KI Conference Tables,10月
2021-09-09,SO007835,东北,中通,266.3,4.97,-135.06,家具产品,Xerox 1993,9月
2021-08-15,SO007836,东北,中通,223.76,6.48,-139.66,办公用品,Accessory8,8月
2021-02-27,SO007837,东北,中通,16886.76,376.13,483.95,家具产品,KI Conference Tables,2月
2021-06-30,SO007838,东北,中通,1287.94,35.89,140.35,办公用品,Grip Seal Envelopes,6月
2021-06-30,SO007839,东北,中通,585.36,15.57,269.26,办公用品,Xerox 1977,6月
2021-09-17,SO007840,东北,中通,11022.53,517.48,1869.86,数码电子,Xerox 193,9月
2021-09-17,SO007841,东北,中通,377.37,15.04,151.4,办公用品,Xerox 217,9月
2021-09-17,SO007842,东北,中通,1200.7,24.98,-37.27,办公用品,Crate-A-Files™,9月
2021-01-05,SO007843,东北,中通,702.79,19.99,-44.81,家具产品,Document Clip Frames,1月
2021-01-05,SO007844,西南,中通,712.64,16.91,-27.72,办公用品,Holmes Odor Grabber,1月
2021-04-16,SO007845,西南,中通,135.88,5.8,-75.394,办公用品,3M Organizer Strips,4月
2021-09-30,SO007846,西南,中通,799.84,31.11,64.13,数码电子,8890,9月
2021-09-30,SO007847,西南,EMS,1689.137,125.99,71.064,数码电子,CF 688,9月
2021-01-11,SO007848,西南,EMS,1767.47,40.99,331.56,办公用品,Xerox 217,1月
2021-01-11,SO007849,西南,EMS,2164.07,180.98,59.73,办公用品,Holmes Odor Grabber,1月
2021-01-11,SO007850,西南,EMS,1276.73,29.18,357.23,家具产品,Newell 323,1月
2021-03-01,SO007851,华南,EMS,11.7,5.89,-8.06,家具产品,Document Clip Frames,3月
2021-07-31,SO007852,华南,EMS,257.2,4.48,-2172.14,办公用品,Colored Push Pins,7月
2021-07-31,SO007853,华南,EMS,6139.34,218.75,-528.653125,家具产品,KI Conference Tables,7月
2021-05-20,SO007854,华南,EMS,128.14,3.89,-163.57600000000002,办公用品,3M Organizer Strips,5月
2021-05-20,SO007855,华南,EMS,67.46,6.48,-57.53,办公用品,Xerox 217,5月
2021-04-12,SO007856,华南,EMS,1613.84,34.76,226.76,办公用品,Holmes Odor Grabber,4月
2021-07-24,SO007857,华南,EMS,597.44,38.06,108.3,办公用品,Holmes Odor Grabber,7月
2021-07-24,SO007858,华南,EMS,132.23,5.08,22.25,家具产品,Document Clip Frames,7月
2021-07-24,SO007859,华南,EMS,2403.1369999999997,125.99,377.62199999999996,数码电子,CF 688,7月
2021-07-24,SO007860,华南,EMS,5138.335,125.99,1422.198,数码电子,CF 688,7月
2021-12-25,SO007861,华南,EMS,170.82,3.69,85.45,办公用品,Avery 498,12月
2021-12-25,SO007862,华南,EMS,1609.69,419.19,-281.17,办公用品,Crate-A-Files™,12月
2021-02-14,SO007863,华南,EMS,6686.344000000001,236.97,1192.04,家具产品,KI Conference Tables,2月
2021-04-11,SO007864,华南,EMS,2728.65,2550.14,-5572.3935,数码电子,Xerox 193,4月
2021-02-19,SO007865,华南,EMS,158.62,4.28,-104.57,办公用品,Xerox 216,2月
2021-11-21,SO007866,华东,EMS,176.58,30.56,28.339000000000002,办公用品,3M Organizer Strips,11月
2021-11-21,SO007867,华东,中通,1121.84,73.98,-173.66,数码电子,TDK 4.7GB DVD-R,11月
2021-05-28,SO007868,华北,中通,73.62,5.98,-23.5,办公用品,Xerox 217,5月
2021-02-11,SO007869,华北,中通,110.0,30.98,-24.426,办公用品,3M Organizer Strips,2月
2021-02-11,SO007870,华北,中通,186.89,4.98,-153.2,办公用品,Xerox 217,2月
2021-05-27,SO007871,华北,中通,979.52,58.14,-362.04,家具产品,Xerox 1907,5月
2021-05-27,SO007872,华北,中通,126.62,6.3,60.79,办公用品,Avery 498,5月
2021-08-03,SO007873,华北,中通,27.89,3.98,-23.805,办公用品,3M Organizer Strips,8月
2021-08-03,SO007874,华北,中通,2560.9395,125.99,457.79400000000004,数码电子,CF 688,8月
2021-09-05,SO007875,西北,中通,1339.0240000000001,218.75,-211.51,家具产品,KI Conference Tables,9月
2021-04-08,SO007876,西北,中通,823.78,22.23,343.05,家具产品,M3682,4月
2021-04-08,SO007877,西北,中通,469.8375,65.99,-159.236,数码电子,Xerox 1893,4月
2021-04-08,SO007878,西北,中通,647.77,19.98,166.85,办公用品,Xerox 217,4月
2021-11-02,SO007879,华东,中通,7497.08,296.18,698.67,家具产品,KI Conference Tables,11月
2021-11-02,SO007880,华东,中通,1134.2,58.14,-351.51,家具产品,Xerox 1907,11月
2021-08-14,SO007881,华东,中通,73.05,8.34,-17.03,办公用品,Xerox 217,8月
2021-08-14,SO007882,华东,中通,950.3,20.98,-2103.05,办公用品,Crate-A-Files™,8月
2021-08-14,SO007883,华东,中通,8122.53,286.85,-693.2303950000002,家具产品,Avery Binder Labels,8月
2021-02-08,SO007884,华东,中通,2026.01,105.98,580.43,家具产品,Xerox 1997,2月
2021-06-12,SO007885,华东,中通,2612.89,105.29,490.99,家具产品,Document Clip Frames,6月
2021-06-12,SO007886,华东,中通,1146.992,31.76,-1643.74,家具产品,KI Conference Tables,6月
2021-06-12,SO007887,华东,中通,4581.41,130.98,-904.73,家具产品,Xerox 1907,6月
2021-11-18,SO007888,华东,中通,42.23,1.89,-15.11,办公用品,5170i,11月
2021-03-07,SO007889,华东,中通,857.95,43.22,51.85,数码电子,StarTAC ST7762,3月
2021-07-22,SO007890,华东,中通,4008.7274999999995,115.99,1219.338,数码电子,Avery 501,7月
2021-08-25,SO007891,华东,中通,29.31,11.48,-12.78,办公用品,Xerox 217,8月
2021-08-25,SO007892,华东,中通,80.26,6.68,-22.55,办公用品,Xerox 217,8月
2021-11-28,SO007893,华东,中通,82.09,2.21,11.44,办公用品,Newell 340,11月
2021-01-06,SO007894,华南,中通,1483.49,30.98,65.82,办公用品,Xerox 1971,1月
2021-01-06,SO007895,华南,中通,14729.36,348.21,3277.57,家具产品,KI Conference Tables,1月
2021-05-19,SO007896,华南,中通,4257.276,125.99,1059.084,数码电子,CF 688,5月
2021-08-03,SO007897,华东,中通,417.53,9.98,-309.06,家具产品,Xerox 1947,8月
2021-05-12,SO007898,华东,中通,1132.32,36.55,77.45,办公用品,Newell 340,5月
2021-05-12,SO007899,华南,中通,593.64,85.29,65.24685,家具产品,Xerox 1961,5月
2021-05-12,SO007900,华南,中通,2438.3695,65.99,317.196,数码电子,CF 688,5月
2021-10-25,SO007901,华南,中通,206.47,5.28,-107.2,办公用品,Avery 51,10月
2021-04-11,SO007902,华南,中通,430.55,12.22,120.01,家具产品,Document Clip Frames,4月
2021-11-10,SO007903,华南,中通,754.92,99.99,-129.5691,数码电子,i2000,11月
2021-12-02,SO007904,华南,中通,10006.28,286.85,-760.977,家具产品,KI Conference Tables,12月
2021-12-02,SO007905,华南,中通,407.17,11.58,-12.82,办公用品,Grip Seal Envelopes,12月
2021-05-11,SO007906,华南,中通,479.84,13.43,5.71,办公用品,Talkabout T8367,5月
2021-05-11,SO007907,华南,中通,833.9265,65.99,-39.215,数码电子,CF 688,5月
2021-05-11,SO007908,华南,中通,182.64,30.98,-99.24,数码电子,TDK 4.7GB DVD-R,5月
2021-05-11,SO007909,华南,中通,736.17,35.41,232.99,数码电子,TDK 4.7GB DVD-R,5月
2021-02-06,SO007910,华南,中通,1279.45,48.04,558.25,办公用品,Xerox 217,2月
2021-10-16,SO007911,华南,中通,34.29,5.28,-6.8195,办公用品,3M Organizer Strips,10月
2021-10-16,SO007912,华南,中通,23516.31,832.81,1094.74,办公用品,Letter Slitter,10月
2021-10-16,SO007913,华南,中通,662.21,18.84,256.57,家具产品,Document Clip Frames,10月
2021-06-22,SO007914,华南,中通,524.25,22.23,152.31,家具产品,Document Clip Frames,6月
2021-07-27,SO007915,华南,中通,111.39,2.88,20.06,办公用品,Newell 340,7月
2021-07-27,SO007916,华南,中通,1207.02,90.97,235.4,数码电子,Xerox 193,7月
2021-11-29,SO007917,华南,中通,455.59,37.93,98.02,家具产品,Document Clip Frames,11月
2021-05-29,SO007918,华南,中通,78.2,1.68,-4.56,办公用品,Newell 340,5月
2021-12-10,SO007919,华南,中通,258.19,6.48,-103.27,办公用品,8890,12月
2021-03-27,SO007920,华南,中通,136.45,3.36,-202.078,办公用品,3M Organizer Strips,3月
2021-03-27,SO007921,华南,中通,121.81,4.98,-50.21,办公用品,Xerox 1923,3月
2021-06-05,SO007922,东北,中通,14753.08,370.98,1085.91,办公用品,Crate-A-Files™,6月
2021-04-21,SO007923,华南,中通,47.04,42.98,-24.63,办公用品,Xerox 197,4月
2021-05-01,SO007924,西北,中通,1900.47,80.97,202.73,数码电子,Xerox 193,5月
2021-05-01,SO007925,东北,中通,205.52,6.48,-118.55,办公用品,i2000,5月
2021-02-20,SO007926,东北,中通,10.94,9.11,-5.16,办公用品,Newell 340,2月
2021-12-14,SO007927,东北,中通,965.46,90.98,-71.48,家具产品,Phone 918,12月
2021-07-29,SO007928,东北,中通,4326.27,100.98,1728.2,数码电子,TDK 4.7GB DVD-R,7月
2021-12-03,SO007929,华南,中通,1947.4265,65.99,473.265,数码电子,StarTAC Analog,12月
2021-07-23,SO007930,华南,中通,842.19,80.98,157.45,办公用品,Holmes Odor Grabber,7月
2021-11-26,SO007931,华南,中通,54.32,3.41,16.11,办公用品,"Super Bands, 12/Pack",11月
2021-09-11,SO007932,华南,中通,100.68,2.6,-45.21,办公用品,Newell 340,9月
2021-09-26,SO007933,华南,中通,205.88,9.78,20.68,数码电子,TDK 4.7GB DVD-R,9月
2021-08-17,SO007934,华南,中通,987.54,101.41,-396.84,办公用品,Crate-A-Files™,8月
2021-08-17,SO007935,华南,中通,228.31,4.71,8.89,办公用品,"Super Bands, 12/Pack",8月
2021-02-03,SO007936,华北,中通,232.4155,7.99,-110.59400000000001,数码电子,StarTAC 7760,2月
2021-08-06,SO007937,西北,中通,2784.8295,65.99,788.292,数码电子,CF 688,8月
2021-03-02,SO007938,西北,中通,1383.9,83.1,311.58,数码电子,TDK 4.7GB DVD-R,3月
2021-04-18,SO007939,华东,中通,315.42,30.98,-41.26,办公用品,Xerox 1885,4月
2021-10-15,SO007940,华东,中通,157.57,5.74,-57.062999999999995,办公用品,3M Organizer Strips,10月
2021-06-26,SO007941,华东,中通,71.1,8.69,2.2865,办公用品,3M Organizer Strips,6月
2021-03-08,SO007942,华东,中通,74.25,3.98,-56.166000000000004,办公用品,3M Organizer Strips,3月
2021-03-08,SO007943,华东,中通,23.23,4.28,-19.06,办公用品,Xerox 217,3月
2021-11-08,SO007944,华东,中通,2185.61,70.89,-2897.2515000000003,家具产品,Newell 335,11月
2021-05-09,SO007945,华东,中通,205.43,6.54,-24.2995,办公用品,3M Organizer Strips,5月
2021-05-09,SO007946,华东,中通,979.06,35.77,-131.9,数码电子,TDK 4.7GB DVD-R,5月
2021-06-01,SO007947,华南,中通,212.12,3.98,-154.62900000000002,办公用品,3M Organizer Strips,6月
2021-06-01,SO007948,华南,中通,2455.54,98.31,1361.88,办公用品,Xerox 1976,6月
2021-11-30,SO007949,华南,中通,470.79,22.38,-80.109,办公用品,3M Organizer Strips,11月
2021-11-30,SO007950,华南,中通,36.56,6.3,6.22,办公用品,Xerox 190,11月
2021-11-30,SO007951,华北,中通,55.17,17.78,46.84,家具产品,Document Clip Frames,11月
2021-06-02,SO007952,华南,中通,173.78,6.48,-96.26,办公用品,Xerox 217,6月
2021-06-02,SO007953,华南,中通,41.18,1.88,-0.64,办公用品,"Super Bands, 12/Pack",6月
2021-10-31,SO007954,华南,中通,14.85,1.68,-2.79,办公用品,Xerox 214,10月
2021-05-01,SO007955,华北,中通,2820.6994999999997,110.99,601.335,数码电子,CF 688,5月
2021-05-02,SO007956,华北,中通,18.97,5.34,-7.785499999999999,办公用品,3M Organizer Strips,5月
2021-05-02,SO007957,华北,中通,744.64,15.42,31.93,办公用品,Crate-A-Files™,5月
2021-03-23,SO007958,华北,中通,254.93,6.81,-62.882,办公用品,252,3月
2021-11-16,SO007959,华北,中通,199.24,4.98,-84.26,办公用品,Xerox 217,11月
2021-11-16,SO007960,华北,中通,504.6705,195.99,-800.888,数码电子,CF 688,11月
2021-06-03,SO007961,华北,中通,61.02,2.84,-71.0355,办公用品,3M Organizer Strips,6月
2021-06-03,SO007962,华北,中通,878.77,28.53,373.524,办公用品,3M Organizer Strips,6月
2021-02-16,SO007963,华北,中通,735.54,55.48,171.82,办公用品,Xerox 217,2月
2021-09-03,SO007964,华北,中通,22.89,3.8,-2.6565,办公用品,3M Organizer Strips,9月
2021-09-03,SO007965,华北,中通,271.85,15.57,109.19,办公用品,Grip Seal Envelopes,9月
2021-05-26,SO007966,西北,中通,106.05,11.33,-14.52,办公用品,5170,5月
2021-05-26,SO007967,东北,中通,698.1,15.67,336.25,办公用品,Grip Seal Envelopes,5月
2021-06-17,SO007968,东北,中通,155.52,6.48,-133.73,办公用品,Xerox 197,6月
2021-06-17,SO007969,东北,中通,535.54,33.89,60.82,办公用品,Binder Posts,6月
2021-02-26,SO007970,东北,中通,203.57,10.98,-4.84,办公用品,Holmes Odor Grabber,2月
2021-02-12,SO007971,东北,中通,4621.1,280.98,-635.65,家具产品,Phone 918,2月
2021-02-12,SO007972,东北,中通,460.2,9.99,-214.39,办公用品,Xerox 1927,2月
2021-05-23,SO007973,东北,中通,1360.82,49.34,385.03,家具产品,KI Conference Tables,5月
2021-05-28,SO007974,东北,中通,2052.83,40.99,395.85,数码电子,Xerox 193,5月
2021-05-28,SO007975,东北,中通,620.45,17.48,171.94,数码电子,TDK 4.7GB DVD-R,5月
2021-07-29,SO007976,东北,中通,12719.7,280.98,-545.82,家具产品,Phone 918,7月
2021-07-29,SO007977,东北,中通,109.78,2.2,4.48,办公用品,Newell 340,7月
2021-01-21,SO007978,东北,中通,422.25,11.66,-116.02,办公用品,Newell 340,1月
2021-10-15,SO007979,东北,中通,167.5,4.98,-84.4215,办公用品,Avery 51,10月
2021-07-20,SO007980,东北,中通,1775.33,60.65,365.25,家具产品,Document Clip Frames,7月
2021-01-05,SO007981,东北,中通,78.08,1.81,1.74,家具产品,Xerox 220,1月
2021-01-05,SO007982,东北,中通,653.54,20.98,-1358.9,家具产品,Staples Pushpins,1月
2021-01-05,SO007983,东北,中通,12635.75,279.48,-335.24,家具产品,Document Clip Frames,1月
2021-01-05,SO007984,东北,中通,240.3,4.91,-139.15575,家具产品,LX 677,1月
2021-01-05,SO007985,东北,中通,2750.107,125.99,667.4490000000001,数码电子,CF 688,1月
2021-01-31,SO007986,东北,中通,299.85,6.48,-260.8,办公用品,Xerox 217,1月
2021-04-20,SO007987,东北,中通,561.66,22.38,-111.3315,办公用品,3M Organizer Strips,4月
2021-04-20,SO007988,西南,中通,1851.62,100.98,-220.84,家具产品,Xerox 1949,4月
2021-10-28,SO007989,西南,中通,472.12,40.97,56.1,数码电子,T65,10月
2021-10-12,SO007990,西南,中通,846.35,37.94,341.53,办公用品,Xerox 217,10月
2021-10-12,SO007991,西南,中通,1976.3945,85.99,473.355,数码电子,CF 688,10月
2021-01-10,SO007992,西南,中通,158.79,4.91,74.14,办公用品,Xerox 194,1月
2021-01-10,SO007993,华南,中通,79.06,6.68,-47.0,办公用品,Xerox 217,1月
2021-09-24,SO007994,华南,中通,1060.0605,28.99,-71.02699999999999,数码电子,CF 688,9月
2021-05-25,SO007995,华南,中通,140.63,4.28,-111.87,办公用品,Xerox 217,5月
2021-05-25,SO007996,华南,中通,4872.6675000000005,125.99,851.31,数码电子,CF 688,5月
2021-06-19,SO007997,华南,中通,442.72,10.52,-168.38,家具产品,Xerox 1993,6月
2021-06-19,SO007998,华南,中通,326.893,65.99,-223.212,数码电子,CF 688,6月
2021-12-28,SO007999,华南,中通,266.27,29.89,-5.7,数码电子,TDK 4.7GB DVD-R,12月
2021-12-28,SO008000,华南,中通,38.44,3.28,-26.19,办公用品,Newell 340,12月
2021-10-20,SO008001,华南,中通,545.88,212.6,-95.04,家具产品,KI Conference Tables,10月
2021-08-07,SO008002,华南,中通,515.23,41.94,171.4025,办公用品,3M Organizer Strips,8月
2021-08-07,SO008003,华南,中通,41.65,1.98,-13.86,办公用品,"Super Bands, 12/Pack",8月
2021-03-23,SO008004,华南,中通,106.04,4.55,16.898,办公用品,3M Organizer Strips,3月
2021-03-23,SO008005,华南,中通,452.93,9.78,20.14,办公用品,Grip Seal Envelopes,3月
2021-11-20,SO008006,华南,中通,90.88,100.98,-259.63,数码电子,TDK 4.7GB DVD-R,11月
2021-11-20,SO008007,华南,中通,6236.4755,205.99,1928.664,数码电子,CF 688,11月
2021-07-13,SO008008,华南,中通,223.499,7.99,-122.13300000000001,数码电子,CF 688,7月
2021-03-24,SO008009,华南,中通,101.52,15.42,-16.37,办公用品,Crate-A-Files™,3月
2021-07-23,SO008010,华南,中通,1171.232,115.99,-43.252,数码电子,CF 688,7月
2021-05-14,SO008011,华南,中通,178.92,7.68,-56.1085,办公用品,3M Organizer Strips,5月
2021-07-04,SO008012,华南,中通,315.88,8.46,-60.4,数码电子,TDK 4.7GB DVD-R,7月
2021-07-04,SO008013,华南,中通,258.11,30.98,-113.6,数码电子,TDK 4.7GB DVD-R,7月
2021-10-04,SO008014,华南,中通,167.07,4.91,-93.23049999999999,办公用品,232,10月
2021-10-04,SO008015,华南,中通,554.88,15.99,-145.3255,办公用品,Xerox 1997,10月
2021-10-04,SO008016,华东,中通,309.65,6.54,-79.81,办公用品,3M Organizer Strips,10月
2021-10-04,SO008017,华东,中通,152.37,6.48,-76.53,办公用品,Xerox 217,10月
2021-03-16,SO008018,华南,中通,1351.43,68.81,-550.43,办公用品,Holmes Odor Grabber,3月
2021-03-16,SO008019,华南,中通,357.91,21.38,-52.12,办公用品,Newell 340,3月
2021-09-26,SO008020,华北,中通,745.48,14.56,119.12,办公用品,6340,9月
2021-09-26,SO008021,华北,中通,3086.5115,85.99,1560.96,数码电子,Avery 508,9月
2021-10-03,SO008022,华北,中通,63.53,1.88,-2.51,办公用品,Xerox 1898,10月
2021-03-15,SO008023,西北,中通,132.12,3.75,54.78,办公用品,Avery 498,3月
2021-08-04,SO008024,西北,中通,357.48,7.64,160.02,办公用品,Xerox 199,8月
2021-02-13,SO008025,西北,EMS,332.55,7.28,-66.87,办公用品,StarTAC 6500,2月
2021-06-26,SO008026,西北,EMS,155.45,15.01,-19.6765,办公用品,3M Organizer Strips,6月
2021-02-21,SO008027,西北,EMS,199.39,4.91,101.13,办公用品,3390,2月
2021-02-21,SO008028,西北,EMS,2770.35,259.71,-202.58100000000002,家具产品,KI Conference Tables,2月
2021-12-10,SO008029,华东,EMS,48.05,6.68,-11.34,办公用品,Newell 337,12月
2021-10-06,SO008030,华东,EMS,98.46,2.89,41.54,办公用品,Avery 498,10月
2021-10-06,SO008031,华东,顺丰,569.636,55.99,-173.25,数码电子,CF 688,10月
2021-09-18,SO008032,华东,顺丰,76.38,4.82,-29.693,办公用品,3M Organizer Strips,9月
2021-09-18,SO008033,华东,顺丰,2948.63,100.97,888.62,数码电子,TDK 4.7GB DVD-R,9月
2021-09-18,SO008034,华东,顺丰,18.33,3.98,-7.08,办公用品,Xerox 217,9月
2021-02-20,SO008035,华东,顺丰,1370.49,33.98,-244.63,家具产品,Document Clip Frames,2月
2021-08-22,SO008036,华东,顺丰,1256.29,55.48,517.03,办公用品,6185,8月
2021-06-17,SO008037,华东,顺丰,592.54,15.67,282.11,办公用品,Grip Seal Envelopes,6月
2021-09-28,SO008038,华东,顺丰,1823.04,70.98,-190.78,家具产品,Xerox 1907,9月
2021-09-28,SO008039,华东,顺丰,675.23,48.04,204.08,办公用品,DPC 650 Piper,9月
2021-07-12,SO008040,华东,顺丰,139.08,4.98,-120.04,数码电子,TDK 4.7GB DVD-R,7月
2021-07-12,SO008041,华东,顺丰,75.28,7.64,-17.22,办公用品,Xerox 217,7月
2021-07-23,SO008042,华东,顺丰,466.36,23.99,-192.7,家具产品,Document Clip Frames,7月
2021-11-11,SO008043,华东,顺丰,1882.12,59.78,584.1455,办公用品,3M Organizer Strips,11月
2021-11-11,SO008044,华东,顺丰,186.94,4.13,85.81,办公用品,Avery 498,11月
2021-11-11,SO008045,华东,顺丰,407.2,30.98,-8.42,办公用品,Xerox 217,11月
2021-05-17,SO008046,华东,顺丰,130.36,2.88,58.52,办公用品,Xerox 21,5月
2021-01-03,SO008047,华东,顺丰,294.48,8.46,-64.24,数码电子,TDK 4.7GB DVD-R,1月
2021-02-06,SO008048,华东,顺丰,351.12,30.93,202.63,家具产品,Document Clip Frames,2月
2021-04-22,SO008049,华南,顺丰,5740.624,217.85,-526.478095,家具产品,KI Conference Tables,4月
2021-04-22,SO008050,华南,顺丰,570.43,11.48,78.89,办公用品,Accessory12,4月
2021-04-22,SO008051,华南,顺丰,100.08,2.08,-85.58,办公用品,Staples Pushpins,4月
2021-07-21,SO008052,华东,顺丰,2239.52,95.46,330.5,家具产品,Avery 496,7月
2021-05-22,SO008053,华东,顺丰,1206.15,25.98,304.2,办公用品,Newell 340,5月
2021-05-22,SO008054,华南,顺丰,941.99,20.98,-2111.36,办公用品,Crate-A-Files™,5月
2021-08-08,SO008055,华南,顺丰,1803.12,40.98,544.93,办公用品,Holmes Odor Grabber,8月
2021-11-07,SO008056,华南,顺丰,22.78,3.75,3.96,办公用品,Avery 493,11月
2021-01-06,SO008057,华南,顺丰,86.0,7.77,-66.91,办公用品,Holmes Odor Grabber,1月
2021-01-06,SO008058,华南,顺丰,4805.36,363.25,1127.31,办公用品,Xerox 1977,1月
2021-11-10,SO008059,华南,顺丰,1857.88,40.98,752.96,数码电子,Avery 498,11月
2021-11-10,SO008060,华南,顺丰,2160.83,60.98,485.02,办公用品,Accessory6,11月
2021-11-10,SO008061,华南,顺丰,43.94,2.08,-72.23,家具产品,Document Clip Frames,11月
2021-11-12,SO008062,华南,顺丰,1806.43,47.98,134.85,数码电子,TDK 4.7GB DVD-R,11月
2021-09-16,SO008063,华南,顺丰,110.14,4.24,-89.217,办公用品,Unpadded Memo Slips,9月
2021-09-16,SO008064,华南,顺丰,453.89,16.98,-75.06,办公用品,Grip Seal Envelopes,9月
2021-07-12,SO008065,华南,顺丰,275.11,7.59,17.15,家具产品,Document Clip Frames,7月
2021-07-12,SO008066,华南,顺丰,102.34,2.98,-30.39,办公用品,Newell 340,7月
2021-04-30,SO008067,华南,顺丰,517.98,30.53,-85.32,办公用品,Avery 498,4月
2021-04-11,SO008068,华南,顺丰,3373.7095,110.99,861.723,数码电子,Xerox 1885,4月
2021-07-26,SO008069,华南,顺丰,88.84,4.98,-46.92,办公用品,Xerox 217,7月
2021-09-15,SO008070,华南,顺丰,3050.81,140.98,-124.04,家具产品,Xerox 1907,9月
2021-08-31,SO008071,华南,顺丰,12343.07,500.97,3972.72,数码电子,Xerox 193,8月
2021-07-02,SO008072,华南,顺丰,2453.3,100.98,-111.4,家具产品,Xerox 1907,7月
2021-07-02,SO008073,华南,顺丰,147.02,4.98,-77.03,办公用品,Avery 506,7月
2021-02-12,SO008074,华南,顺丰,127.45,7.1,-42.170500000000004,办公用品,Xerox 197,2月
2021-02-12,SO008075,华南,顺丰,92.18,2.78,5.7,办公用品,Avery 484,2月
2021-05-01,SO008076,华南,顺丰,314.96,18.65,153.48,家具产品,Document Clip Frames,5月
2021-10-25,SO008077,东北,顺丰,120.15,2.88,11.322000000000001,办公用品,3M Organizer Strips,10月
2021-04-07,SO008078,华北,顺丰,723.3075,20.99,216.702,数码电子,CF 688,4月
2021-02-26,SO008079,东北,顺丰,803.04,55.48,282.32,办公用品,Xerox 217,2月
2021-12-17,SO008080,东北,顺丰,934.9405,65.99,47.096999999999994,数码电子,CF 688,12月
2021-04-03,SO008081,东北,顺丰,13382.01,306.14,2852.94,数码电子,Xerox 193,4月
2021-08-18,SO008082,华南,顺丰,45.24,4.98,-42.12,数码电子,TDK 4.7GB DVD-R,8月
2021-08-18,SO008083,华南,顺丰,148.05,21.38,-45.94,办公用品,Newell 340,8月
2021-02-08,SO008084,华南,顺丰,343.26,6.84,-287.28,办公用品,Letter Slitter,2月
2021-02-28,SO008085,华南,顺丰,1419.83,30.98,385.8,办公用品,Avery 510,2月
2021-12-30,SO008086,华东,顺丰,239.86,5.81,-32.06,办公用品,"Super Bands, 12/Pack",12月
2021-12-30,SO008087,华南,顺丰,1269.79,26.31,-65.33,数码电子,TDK 4.7GB DVD-R,12月
2021-10-02,SO008088,华北,顺丰,192.99,30.97,-123.37,数码电子,TDK 4.7GB DVD-R,10月
2021-10-02,SO008089,西南,顺丰,11829.4,599.99,3899.72,数码电子,Canon PC940 Copier,10月
2021-10-29,SO008090,华南,顺丰,199.93,14.81,-105.33,办公用品,Holmes Odor Grabber,10月
2021-03-20,SO008091,华北,顺丰,256.6,39.98,-106.76,数码电子,TDK 4.7GB DVD-R,3月
2021-01-08,SO008092,东北,顺丰,287.75,6.68,-136.02,办公用品,Xerox 217,1月
2021-01-04,SO008093,华南,顺丰,61.4,2.08,-92.11,家具产品,Document Clip Frames,1月
2021-10-27,SO008094,华南,顺丰,208.6,7.38,-56.45,家具产品,Document Clip Frames,10月
2021-08-19,SO008095,华北,顺丰,21.55,7.31,-2.87,办公用品,Avery 498,8月
2021-08-19,SO008096,华北,顺丰,266.16,7.28,90.91,办公用品,Xerox 217,8月
2021-03-10,SO008097,华南,顺丰,154.62,5.53,-118.59949999999999,办公用品,LX 677,3月
2021-03-10,SO008098,华南,顺丰,1638.2,55.98,471.22,办公用品,Xerox 1897,3月
2021-02-01,SO008099,华南,顺丰,362.71,7.68,-88.9525,办公用品,3M Organizer Strips,2月
2021-02-01,SO008100,华北,顺丰,2077.1875,200.99,-38.071,数码电子,CF 688,2月
2021-03-28,SO008101,华北,顺丰,171.77,25.98,-59.88,家具产品,Phone 918,3月
2021-02-20,SO008102,华北,顺丰,134.86,3.14,-62.84,办公用品,Xerox 1952,2月
2021-12-16,SO008103,华北,顺丰,778.38,26.38,257.32,办公用品,Xerox 217,12月
2021-05-16,SO008104,东北,顺丰,203.49,5.84,46.21,家具产品,Newell 339,5月
2021-05-18,SO008105,东北,顺丰,470.74,10.98,24.09,办公用品,Holmes Odor Grabber,5月
2021-05-07,SO008106,东北,顺丰,60.36,2.16,-119.62299999999999,办公用品,3M Organizer Strips,5月
2021-09-29,SO008107,东北,顺丰,211.48,6.75,18.1475,办公用品,Accessory25,9月
2021-09-29,SO008108,华南,顺丰,5601.1,142.86,1515.7,办公用品,Crate-A-Files™,9月
2021-09-05,SO008109,华南,顺丰,39.49,11.58,-12.99,办公用品,252,9月
2021-10-07,SO008110,华南,顺丰,36.43,5.98,-22.04,办公用品,Xerox 217,10月
2021-02-20,SO008111,华南,顺丰,479.13,19.23,166.92,家具产品,Document Clip Frames,2月
2021-12-06,SO008112,华南,顺丰,144.03,3.58,-139.518,办公用品,3M Organizer Strips,12月
2021-09-07,SO008113,华南,顺丰,146.71,4.0,38.63,办公用品,Xerox 217,9月
2021-09-07,SO008114,华东,顺丰,475.92,12.88,-95.3,办公用品,Xerox 1979,9月
2021-09-23,SO008115,华东,顺丰,1058.82,131.12,211.73,办公用品,Holmes Odor Grabber,9月
2021-09-23,SO008116,华东,顺丰,92.07,6.48,-64.5,办公用品,Xerox 217,9月
2021-06-20,SO008117,华东,顺丰,244.9,8.46,-61.14,数码电子,TDK 4.7GB DVD-R,6月
2021-01-24,SO008118,华东,顺丰,294.68,11.7,-23.35,办公用品,Holmes Odor Grabber,1月
2021-09-10,SO008119,华东,顺丰,3512.9,99.23,2093.7,家具产品,Document Clip Frames,9月
2021-09-10,SO008120,华南,顺丰,281.5455,85.99,-434.555,数码电子,CF 688,9月
2021-04-11,SO008121,华南,顺丰,1317.34,30.56,555.934,办公用品,Xerox 1959,4月
2021-05-21,SO008122,华南,顺丰,2173.26,58.14,-465.66,家具产品,Xerox 1907,5月
2021-05-21,SO008123,华北,顺丰,623.29,29.99,57.44,数码电子,TDK 4.7GB DVD-R,5月
2021-05-21,SO008124,东北,顺丰,40.34,16.16,-23.62,家具产品,Document Clip Frames,5月
2021-02-23,SO008125,西南,顺丰,834.81,37.76,1.98,办公用品,Crate-A-Files™,2月
2021-05-28,SO008126,华南,顺丰,106.45,5.85,-5.08,办公用品,Newell 340,5月
2021-06-13,SO008127,华南,顺丰,1608.87,177.98,346.98,办公用品,Xerox 1882,6月
2021-06-13,SO008128,华东,顺丰,37.64,2.08,7.5225,办公用品,3M Organizer Strips,6月
2021-01-08,SO008129,西北,顺丰,1936.3,50.98,278.12,办公用品,2160i,1月
2021-04-01,SO008130,华南,顺丰,1718.87,40.98,754.1,数码电子,TDK 4.7GB DVD-R,4月
2021-01-09,SO008131,华南,顺丰,121.87,3.29,11.32,办公用品,"Super Bands, 12/Pack",1月
2021-07-09,SO008132,华南,顺丰,14.23,2.08,-4.43,家具产品,Xerox 1935,7月
2021-07-09,SO008133,华南,顺丰,272.07,6.48,-206.46,办公用品,Xerox 217,7月
2021-07-09,SO008134,华北,顺丰,325.43,64.98,-76.11,办公用品,Crate-A-Files™,7月
2021-08-30,SO008135,华北,顺丰,320.57,7.1,-114.195,办公用品,3M Organizer Strips,8月
2021-08-30,SO008136,华北,顺丰,2013.8,119.99,-98.4318,数码电子,Xerox 193,8月
2021-05-11,SO008137,华北,顺丰,2168.05,420.98,416.0155,办公用品,Letter Size Cart,5月
2021-05-11,SO008138,华北,顺丰,303.07,6.48,-238.45,办公用品,Xerox 217,5月
2021-05-11,SO008139,华北,顺丰,1661.8,36.55,202.68,办公用品,Newell 340,5月
2021-04-02,SO008140,华北,顺丰,184.1,3.98,43.2,办公用品,Newell 340,4月
2021-04-02,SO008141,华北,顺丰,38.2,2.21,4.34,办公用品,Newell 340,4月
2021-05-06,SO008142,华北,顺丰,1669.88,55.48,548.92,办公用品,Xerox 217,5月
2021-07-01,SO008143,华北,顺丰,2020.58,180.98,-45.02,家具产品,Phone 918,7月
2021-07-01,SO008144,华北,顺丰,1533.46,48.04,730.44,办公用品,Xerox 217,7月
2021-07-01,SO008145,华北,顺丰,5989.048000000001,400.98,541.01,家具产品,Xerox 213,7月
2021-03-09,SO008146,华北,顺丰,843.53,19.23,268.32,家具产品,Document Clip Frames,3月
2021-05-07,SO008147,华北,顺丰,273.44,22.38,-35.6155,办公用品,3M Organizer Strips,5月
2021-06-08,SO008148,华北,顺丰,1811.55,81.32,512.69,办公用品,Holmes Odor Grabber,6月
2021-06-08,SO008149,华北,顺丰,49.08,3.71,-0.31,办公用品,Accessory4,6月
2021-06-08,SO008150,华北,顺丰,236.19,6.48,-76.92,办公用品,Xerox 217,6月
2021-06-08,SO008151,华北,顺丰,854.14,18.97,94.0,办公用品,Xerox 217,6月
2021-06-08,SO008152,东北,顺丰,159.5,31.98,-57.98,办公用品,Crate-A-Files™,6月
2021-06-11,SO008153,东北,顺丰,137.97,6.48,-123.94,办公用品,Xerox 217,6月
2021-02-14,SO008154,东北,顺丰,1529.014,110.99,14.013,数码电子,CF 688,2月
2021-02-12,SO008155,东北,顺丰,5186.31,226.67,1009.38,家具产品,Phone 918,2月
2021-10-27,SO008156,东北,顺丰,700.95,46.89,233.8,办公用品,Holmes Odor Grabber,10月
2021-10-27,SO008157,东北,顺丰,159.74,3.69,-9.14,办公用品,Economy Binders,10月
2021-11-12,SO008158,东北,顺丰,103.03,2.08,-82.63,办公用品,Letter Slitter,11月
2021-08-23,SO008159,东北,顺丰,4680.89,105.29,693.01,家具产品,Document Clip Frames,8月
2021-08-23,SO008160,东北,顺丰,2414.9945,65.99,624.708,数码电子,CF 688,8月
2021-09-08,SO008161,东北,顺丰,2018.45,70.71,-812.25,家具产品,Document Clip Frames,9月
2021-08-29,SO008162,东北,顺丰,812.21,20.28,-128.02,家具产品,Xerox 1905,8月
2021-08-22,SO008163,东北,顺丰,13608.83,300.98,1342.93,家具产品,Phone 918,8月
2021-08-22,SO008164,东北,顺丰,89.32,3.41,33.46,办公用品,"Super Bands, 12/Pack",8月
2021-01-14,SO008165,东北,顺丰,5332.42,113.98,-219.2,家具产品,Phone 918,1月
2021-01-14,SO008166,东北,顺丰,2328.62,120.98,45.54,家具产品,Phone 918,1月
2021-12-30,SO008167,东北,顺丰,6641.14,300.98,673.77,家具产品,Xerox 1993,12月
2021-12-30,SO008168,东北,顺丰,10469.03,500.98,2608.72,家具产品,Phone 918,12月
2021-12-30,SO008169,西南,顺丰,835.55,45.19,171.59,数码电子,TDK 4.7GB DVD-R,12月
2021-03-24,SO008170,西南,顺丰,2527.792,138.75,-335.31712500000003,家具产品,KI Conference Tables,3月
2021-12-04,SO008171,华南,顺丰,39.44,6.75,-0.943,办公用品,Xerox 194,12月
2021-12-04,SO008172,华南,顺丰,11.01,2.08,-1.42,家具产品,Document Clip Frames,12月
2021-03-27,SO008173,华南,顺丰,1338.12,31.78,519.7,数码电子,Xerox 1937,3月
2021-06-11,SO008174,华南,顺丰,883.23,120.98,-404.36,家具产品,Xerox 1907,6月
2021-06-11,SO008175,华南,顺丰,917.25,20.97,-103.75,数码电子,TDK 4.7GB DVD-R,6月
2021-06-11,SO008176,华南,顺丰,760.8009999999999,20.99,348.58799999999997,数码电子,CF 688,6月
2021-10-24,SO008177,华南,顺丰,21.01,6.48,-13.13,办公用品,Xerox 217,10月
2021-03-29,SO008178,华南,顺丰,215.93,11.97,-41.87,办公用品,Newell 340,3月
2021-11-05,SO008179,华南,顺丰,3023.73,218.75,-1068.0098,家具产品,KI Conference Tables,11月
2021-10-21,SO008180,华南,顺丰,876.64,15.99,-126.684,办公用品,3M Organizer Strips,10月
2021-03-07,SO008181,华南,顺丰,2378.82,52.4,597.159,办公用品,3M Organizer Strips,3月
2021-03-07,SO008182,华南,顺丰,202.62,30.98,13.87,办公用品,Xerox 1997,3月
2021-10-11,SO008183,华南,顺丰,4042.96,89.99,-699.72,家具产品,LX 677,10月
2021-05-20,SO008184,华南,顺丰,148.31,7.04,37.33,办公用品,Xerox 217,5月
2021-05-20,SO008185,华南,顺丰,335.35,8.74,-134.97,办公用品,Grip Seal Envelopes,5月
2021-07-06,SO008186,华南,顺丰,525.78,26.48,180.64,家具产品,Colored Envelopes,7月
2021-12-03,SO008187,华南,顺丰,15.61,2.08,-5.1865,办公用品,3M Organizer Strips,12月
2021-12-03,SO008188,华南,顺丰,47.11,2.18,-95.42,办公用品,Xerox 217,12月
2021-01-21,SO008189,华南,顺丰,33.44,8.01,-6.88,办公用品,MicroTAC 650,1月
2021-01-18,SO008190,华南,顺丰,141.9,11.58,1.46,办公用品,Grip Seal Envelopes,1月
2021-01-18,SO008191,华东,顺丰,1379.1,48.91,573.8,办公用品,Xerox 217,1月
2021-01-18,SO008192,华北,顺丰,278.76,15.51,-210.09,办公用品,Crate-A-Files™,1月
2021-01-18,SO008193,华北,顺丰,8875.17,350.99,2372.08,家具产品,Phone 918,1月
2021-01-18,SO008194,华北,顺丰,331.21,15.99,-67.3815,数码电子,Xerox 193,1月
2021-02-01,SO008195,华北,顺丰,983.78,30.98,43.72,数码电子,TDK 4.7GB DVD-R,2月
2021-08-05,SO008196,华北,顺丰,195.51,7.3,-105.71950000000001,办公用品,3M Organizer Strips,8月
2021-08-05,SO008197,华北,顺丰,377.13,9.77,-10.29,家具产品,Document Clip Frames,8月
2021-04-15,SO008198,华北,顺丰,998.05,22.98,391.14,数码电子,TDK 4.7GB DVD-R,4月
2021-04-15,SO008199,西北,顺丰,4353.02,226.67,661.77,家具产品,Phone 918,4月
2021-02-27,SO008200,西北,顺丰,307.49,12.2,61.51,家具产品,Document Clip Frames,2月
2021-06-07,SO008201,西北,顺丰,23.93,8.34,-6.39,家具产品,Document Clip Frames,6月
2021-06-07,SO008202,西北,顺丰,2027.55,140.99,537.4,数码电子,Xerox 193,6月
2021-05-13,SO008203,西北,顺丰,5307.5,200.98,1116.67,家具产品,Phone 918,5月
2021-04-24,SO008204,华东,顺丰,6130.9,170.98,583.15,家具产品,Xerox 1907,4月
2021-04-24,SO008205,华东,顺丰,193.205,20.99,-52.239000000000004,数码电子,Accessory21,4月
2021-10-31,SO008206,华东,顺丰,69.26,1.74,-113.86,家具产品,Xerox 217,10月
2021-08-12,SO008207,华东,顺丰,161.56,4.13,59.67,办公用品,Avery 498,8月
2021-03-21,SO008208,华东,顺丰,87.68,2.88,23.14,办公用品,Avery 498,3月
2021-03-21,SO008209,华东,顺丰,3732.25,85.29,-1255.8600000000001,家具产品,KI Conference Tables,3月
2021-05-11,SO008210,华东,顺丰,144.55,6.48,-60.17,办公用品,Xerox 217,5月
2021-04-09,SO008211,华东,顺丰,99.94,2.12,-55.84,数码电子,Xerox 1979,4月
2021-04-09,SO008212,华东,顺丰,18.7,1.76,-3.36,办公用品,Newell 340,4月
2021-03-02,SO008213,华东,顺丰,14300.26,499.99,6279.18,数码电子,Canon PC940 Copier,3月
2021-03-02,SO008214,华东,顺丰,62.88,21.98,-25.96,办公用品,Newell 340,3月
2021-09-26,SO008215,华东,顺丰,410.15,8.01,102.58,办公用品,Xerox 217,9月
2021-09-26,SO008216,华东,顺丰,135.72,4.98,-67.79,办公用品,Round Ring Binders,9月
2021-12-16,SO008217,华东,顺丰,1558.9424999999999,35.99,548.442,数码电子,CF 688,12月
2021-02-06,SO008218,华东,顺丰,75.89,5.98,-31.01,办公用品,Xerox 217,2月
2021-01-31,SO008219,华东,顺丰,1262.75,46.89,422.23,办公用品,Holmes Odor Grabber,1月
2021-09-29,SO008220,华东,顺丰,3451.85,90.97,1264.75,数码电子,Xerox 1891,9月
2021-11-18,SO008221,华东,顺丰,614.91,30.98,-7.02,办公用品,Xerox 217,11月
2021-05-26,SO008222,华东,顺丰,254.46,8.5,23.5,数码电子,TDK 4.7GB DVD-R,5月
2021-05-26,SO008223,华东,顺丰,278.19,8.34,149.39,家具产品,Document Clip Frames,5月
2021-05-26,SO008224,华东,顺丰,1662.33,48.91,783.84,办公用品,Xerox 217,5月
2021-07-20,SO008225,华东,顺丰,20.19,3.08,1.25,办公用品,Avery 498,7月
2021-02-13,SO008226,华东,顺丰,140.24,4.55,32.8695,办公用品,3M Organizer Strips,2月
2021-01-28,SO008227,华南,顺丰,266.94,28.48,19.2,数码电子,TDK 4.7GB DVD-R,1月
2021-01-28,SO008228,华南,顺丰,113.85,4.14,-93.93,家具产品,Document Clip Frames,1月
2021-05-25,SO008229,华南,顺丰,78.94,5.44,-51.704,办公用品,3M Organizer Strips,5月
2021-05-25,SO008230,华东,顺丰,576.89,26.38,175.03,办公用品,Document Clip Frames,5月
2021-05-25,SO008231,华南,顺丰,35.666,20.99,-112.189,数码电子,CF 688,5月
2021-05-25,SO008232,华南,顺丰,4191.5625,125.99,1286.532,数码电子,CF 688,5月
2021-08-12,SO008233,华南,顺丰,589.63,14.98,70.8,家具产品,Document Clip Frames,8月
2021-02-26,SO008234,华南,顺丰,425.91,11.19,55.06,办公用品,Xerox 217,2月
2021-02-26,SO008235,华南,顺丰,21.84,4.77,-25.31,数码电子,TDK 4.7GB DVD-R,2月
2021-02-12,SO008236,华南,顺丰,197.61,14.27,3.4595000000000002,办公用品,Avery 491,2月
2021-02-12,SO008237,华南,顺丰,68.92,2.98,2.63,办公用品,Avery 474,2月
2021-02-12,SO008238,华南,顺丰,3594.7434999999996,115.99,1016.973,数码电子,CF 688,2月
2021-10-07,SO008239,华南,顺丰,68.53,3.28,-59.97,办公用品,Newell 340,10月
2021-10-07,SO008240,华南,顺丰,4215.83,125.99,972.1890000000001,数码电子,CF 688,10月
2021-01-29,SO008241,华南,顺丰,849.51,70.97,163.1,办公用品,Newell 326,1月
2021-01-29,SO008242,华南,顺丰,189.49,5.34,-13.708,办公用品,3M Organizer Strips,1月
2021-02-17,SO008243,华南,顺丰,242.46,5.34,9.299,办公用品,3M Organizer Strips,2月
2021-02-17,SO008244,华南,顺丰,607.77,62.18,232.0,家具产品,Document Clip Frames,2月
2021-02-17,SO008245,华南,顺丰,954.57,41.47,-380.9,家具产品,Xerox 1989,2月
2021-02-17,SO008246,华南,顺丰,8767.62,1938.02,-1510.8855,数码电子,Accessory35,2月
2021-09-12,SO008247,华南,顺丰,105.07,2.88,9.11,办公用品,Xerox 193,9月
2021-12-20,SO008248,华南,顺丰,2896.99,100.98,36.94,家具产品,Xerox 1907,12月
2021-01-01,SO008249,华南,顺丰,1193.1,204.1,-139.4958,数码电子,Xerox 193,1月
2021-12-09,SO008250,华南,顺丰,170.45,42.98,-30.27,办公用品,Xerox 197,12月
2021-12-09,SO008251,华南,顺丰,350.42,11.97,-37.3,办公用品,Newell 340,12月
2021-09-08,SO008252,华南,顺丰,83.81,12.53,21.92,办公用品,Document Clip Frames,9月
2021-09-08,SO008253,华南,顺丰,218.81,5.85,7.45,办公用品,Xerox 1891,9月
2021-10-31,SO008254,华南,顺丰,54.59,4.13,-47.18,办公用品,Avery 498,10月
2021-10-31,SO008255,华南,顺丰,597.04,16.74,-157.42,办公用品,Crate-A-Files™,10月
2021-05-18,SO008256,华南,顺丰,10.12,2.98,-4.07,办公用品,Xerox 1883,5月
2021-05-18,SO008257,华北,顺丰,9502.736,280.98,-945.5579999999999,家具产品,Accessory37,5月
2021-01-05,SO008258,华北,顺丰,725.43,30.98,245.97,办公用品,V2397,1月
2021-08-20,SO008259,东北,顺丰,336.84,100.98,-160.46,家具产品,Xerox 1907,8月
2021-08-20,SO008260,东北,顺丰,397.17,14.34,7.69,家具产品,Document Clip Frames,8月
2021-07-29,SO008261,东北,顺丰,5686.25,177.98,2109.21,办公用品,Holmes Odor Grabber,7月
2021-07-29,SO008262,华南,顺丰,797.24,50.98,11.46,家具产品,Phone 918,7月
2021-09-19,SO008263,华北,顺丰,455.88,40.97,9.150000000000006,办公用品,Newell 340,9月
2021-01-11,SO008264,华北,顺丰,25312.0,517.48,8788.81,数码电子,StarTAC 7797,1月
2021-01-11,SO008265,东北,顺丰,2138.63,142.86,453.03,办公用品,Newell 342,1月
2021-01-11,SO008266,东北,顺丰,647.27,122.99,-404.77,家具产品,M70,1月
2021-01-11,SO008267,东北,顺丰,1597.02,31.78,749.03,数码电子,TDK 4.7GB DVD-R,1月
2021-04-25,SO008268,华南,顺丰,630.38,14.81,-186.77,办公用品,Holmes Odor Grabber,4月
2021-04-25,SO008269,华南,顺丰,144.03,5.98,-37.04,办公用品,Xerox 217,4月
2021-12-09,SO008270,华南,顺丰,1582.47,119.99,-205.0242,数码电子,Xerox 193,12月
2021-12-04,SO008271,华南,顺丰,128.12,3.81,-135.5965,办公用品,3M Organizer Strips,12月
2021-12-04,SO008272,华南,顺丰,165.62,6.24,-64.72,家具产品,Document Clip Frames,12月
2021-12-04,SO008273,华东,顺丰,214.23,4.86,-165.42,家具产品,Newell 340,12月
2021-12-04,SO008274,华北,顺丰,214.19,4.98,-66.06,办公用品,Xerox 217,12月
2021-08-29,SO008275,华北,顺丰,1008.34,23.99,218.65,数码电子,Xerox 193,8月
2021-05-02,SO008276,华北,顺丰,158.91,6.68,-38.57,办公用品,Xerox 217,5月
2021-12-07,SO008277,西北,顺丰,534.3,535.64,-1220.9144999999999,数码电子,Xerox 193,12月
2021-06-26,SO008278,华东,顺丰,39.42,2.12,-29.02,数码电子,Avery 485,6月
2021-06-26,SO008279,华东,顺丰,1305.31,28.48,589.2,数码电子,TDK 4.7GB DVD-R,6月
2021-11-20,SO008280,华东,顺丰,398.76,11.58,0.82,办公用品,Grip Seal Envelopes,11月
2021-04-22,SO008281,华南,顺丰,963.3,48.04,367.12,办公用品,Xerox 217,4月
2021-11-14,SO008282,华南,顺丰,5930.34,152.48,427.68,数码电子,TDK 4.7GB DVD-R,11月
2021-05-17,SO008283,华南,顺丰,2094.12,83.1,717.12,数码电子,TDK 4.7GB DVD-R,5月
2021-05-17,SO008284,华南,顺丰,1714.02,37.94,741.27,办公用品,Xerox 217,5月
2021-09-09,SO008285,东北,顺丰,3602.12,100.98,-728.18,家具产品,Phone 918,9月
2021-09-09,SO008286,东北,顺丰,1174.94,27.42,-125.79,家具产品,Document Clip Frames,9月
2021-01-08,SO008287,华南,顺丰,182.92,4.48,-1367.72,办公用品,Holmes Odor Grabber,1月
2021-02-04,SO008288,华南,顺丰,69.66,1.7,-51.42,数码电子,TDK 4.7GB DVD-R,2月
2021-03-24,SO008289,华南,顺丰,32.31,3.58,-33.5915,办公用品,3M Organizer Strips,3月
2021-03-24,SO008290,华北,顺丰,57.9,7.38,-48.138999999999996,办公用品,3M Organizer Strips,3月
2021-03-24,SO008291,华北,顺丰,562.95,12.22,147.12,家具产品,Document Clip Frames,3月
2021-03-24,SO008292,华北,顺丰,12470.31,387.99,5528.502,办公用品,3M Organizer Strips,3月
2021-10-31,SO008293,华北,顺丰,170.4,6.48,-153.75,办公用品,Xerox 217,10月
2021-11-12,SO008294,华北,顺丰,171.57,11.34,12.5,办公用品,Letter Size Cart,11月
2021-11-12,SO008295,华北,顺丰,2170.305,65.99,264.321,数码电子,CF 688,11月
2021-11-15,SO008296,华北,顺丰,718.6,17.98,-81.49,数码电子,TDK 4.7GB DVD-R,11月
2021-12-15,SO008297,华北,顺丰,43.46,1.48,6.81,办公用品,"Super Bands, 12/Pack",12月
2021-12-15,SO008298,华北,顺丰,927.9875,205.99,-615.9119999999999,数码电子,Xerox 1992,12月
2021-07-16,SO008299,华北,顺丰,94.56,2.61,37.73,办公用品,Avery 498,7月
2021-09-17,SO008300,华北,顺丰,397.17,14.34,7.69,家具产品,Document Clip Frames,9月
2021-05-28,SO008301,华北,顺丰,336.84,100.98,-160.46,家具产品,Xerox 1907,5月
2021-05-28,SO008302,华北,顺丰,1120.27,150.98,16.81,数码电子,Xerox 193,5月
2021-09-22,SO008303,华北,顺丰,712.04,15.99,-110.925,数码电子,Xerox 193,9月
2021-03-07,SO008304,华北,顺丰,167.23,6.68,-43.17,办公用品,Xerox 217,3月
2021-04-11,SO008305,东北,顺丰,1610.26,64.98,122.42,办公用品,Xerox 1977,4月
2021-10-09,SO008306,东北,顺丰,3361.84,100.97,1211.76,数码电子,Xerox 193,10月
2021-10-09,SO008307,东北,顺丰,195.82,6.48,-91.7,办公用品,Xerox 217,10月
2021-02-13,SO008308,东北,顺丰,225.4,6.48,-165.48,办公用品,Xerox 217,2月
2021-02-13,SO008309,东北,顺丰,76.04,5.98,-47.55,办公用品,Xerox 217,2月
2021-05-20,SO008310,东北,顺丰,283.21,8.04,-196.0635,办公用品,Xerox 1885,5月
2021-05-20,SO008311,东北,顺丰,45.8,2.23,-52.92,家具产品,Document Clip Frames,5月
2021-01-27,SO008312,东北,顺丰,312.035,20.99,-55.935,数码电子,CF 688,1月
2021-06-18,SO008313,东北,顺丰,17.77,0.99,-37.67,数码电子,TDK 4.7GB DVD-R,6月
2021-06-11,SO008314,东北,顺丰,224.34,8.6,-11.948500000000001,办公用品,3M Organizer Strips,6月
2021-10-13,SO008315,东北,顺丰,191.36,4.91,-82.08699999999999,办公用品,3M Organizer Strips,10月
2021-12-29,SO008316,东北,顺丰,9059.9,180.98,778.01,办公用品,Holmes Odor Grabber,12月
2021-12-29,SO008317,东北,顺丰,368.17,8.32,-15.12,数码电子,TDK 4.7GB DVD-R,12月
2021-12-29,SO008318,东北,顺丰,14.46,4.2,-5.26,办公用品,Xerox 217,12月
2021-12-29,SO008319,东北,顺丰,168.39,6.48,-144.89,办公用品,Xerox 217,12月
2021-12-10,SO008320,东北,顺丰,505.2,40.98,78.98,办公用品,Holmes Odor Grabber,12月
2021-12-10,SO008321,东北,顺丰,562.91,12.99,-560.29,家具产品,Document Clip Frames,12月
2021-03-08,SO008322,东北,顺丰,243.37,5.8,-106.421,办公用品,Xerox 1997,3月
2021-06-15,SO008323,东北,顺丰,67.58,2.62,16.8,办公用品,"Super Bands, 12/Pack",6月
2021-12-13,SO008324,东北,顺丰,9225.65,349.45,1656.4621499999998,家具产品,Xerox 188,12月
2021-04-19,SO008325,东北,顺丰,18092.66,525.98,7917.7585,办公用品,5180,4月
2021-07-09,SO008326,东北,顺丰,223.59,6.48,-66.05,办公用品,Xerox 217,7月
2021-03-09,SO008327,东北,顺丰,285.01,7.64,124.82,办公用品,Binder Clips by OIC,3月
2021-03-09,SO008328,西南,顺丰,12215.43,400.97,5255.45,数码电子,TimeportP7382,3月
2021-12-12,SO008329,西南,顺丰,917.31,49.99,-139.86,数码电子,Avery 479,12月
2021-05-17,SO008330,西南,顺丰,3575.23,113.98,87.87999999999995,家具产品,Phone 918,5月
2021-02-20,SO008331,西南,顺丰,6776.92,306.14,1395.02,数码电子,Xerox 193,2月
2021-12-12,SO008332,华南,顺丰,1837.94,99.23,1249.43,家具产品,Document Clip Frames,12月
2021-12-12,SO008333,华南,顺丰,4408.27,180.98,329.28,家具产品,Phone 918,12月
2021-12-12,SO008334,华南,顺丰,24391.16,880.98,-9611.91,家具产品,Xerox 195,12月
2021-12-12,SO008335,华南,顺丰,262.13,5.58,-60.91,办公用品,Grip Seal Envelopes,12月
2021-12-12,SO008336,华南,顺丰,173.12,7.28,-166.41,办公用品,Xerox 217,12月
2021-08-19,SO008337,华南,顺丰,77.43,2.08,-60.07,办公用品,Xerox 223,8月
2021-03-08,SO008338,华南,顺丰,138.67,11.7,-9.7175,办公用品,Xerox 212,3月
2021-03-08,SO008339,华南,顺丰,506.84,30.98,-38.32,数码电子,TDK 4.7GB DVD-R,3月
2021-06-22,SO008340,华南,顺丰,9261.24,193.17,1646.43,办公用品,Crate-A-Files™,6月
2021-06-22,SO008341,华南,顺丰,28.98,12.64,-18.39,家具产品,Document Clip Frames,6月
2021-12-15,SO008342,华南,顺丰,51.56,3.71,-1.06,办公用品,Accessory15,12月
2021-12-22,SO008343,华南,顺丰,200.1,4.71,3.02,办公用品,"Super Bands, 12/Pack",12月
2021-12-22,SO008344,华南,顺丰,120.54,4.2,6.52,办公用品,Xerox 217,12月
2021-05-28,SO008345,华南,顺丰,112.4,17.98,-46.745099999999994,数码电子,Xerox 193,5月
2021-05-28,SO008346,华南,顺丰,249.64,10.9,-91.65,办公用品,Crate-A-Files™,5月
2021-03-09,SO008347,华南,顺丰,987.3175,35.99,368.55899999999997,数码电子,CF 688,3月
2021-04-14,SO008348,华南,顺丰,159.24,8.5,8.3,数码电子,TDK 4.7GB DVD-R,4月
2021-04-14,SO008349,华南,顺丰,48.77,7.4,5.95,办公用品,Xerox 1993,4月
2021-04-14,SO008350,华南,顺丰,26.5,4.26,2.61,办公用品,Newell 340,4月
2021-05-20,SO008351,华南,顺丰,284.92,9.11,81.29,办公用品,Xerox 217,5月
2021-08-05,SO008352,华南,顺丰,1255.48,115.99,-292.6506,数码电子,Xerox 193,8月
2021-08-05,SO008353,华南,顺丰,411.56,9.38,-188.02,办公用品,Crate-A-Files™,8月
2021-12-18,SO008354,华南,顺丰,10.59,9.11,-4.31,办公用品,Xerox 217,12月
2021-12-28,SO008355,华南,顺丰,235.98,30.98,-32.28,办公用品,Xerox 217,12月
2021-09-01,SO008356,华南,顺丰,130.96,3.14,-66.74,办公用品,Xerox 1994,9月
2021-02-08,SO008357,华南,顺丰,714.46,15.98,-268.65,数码电子,TDK 4.7GB DVD-R,2月
2021-06-09,SO008358,华东,顺丰,679.65,15.01,31.203500000000002,办公用品,3M Organizer Strips,6月
2021-01-11,SO008359,华东,顺丰,437.73,9.9,205.7,办公用品,Grip Seal Envelopes,1月
2021-01-11,SO008360,华北,顺丰,275.01,15.7,-87.11,办公用品,Crate-A-Files™,1月
2021-05-31,SO008361,华北,顺丰,437.77,15.98,-125.8,数码电子,TDK 4.7GB DVD-R,5月
2021-05-31,SO008362,华北,顺丰,514.86,12.28,-10.84,办公用品,Xerox 217,5月
2021-05-31,SO008363,华北,顺丰,356.27,30.98,84.53,办公用品,Xerox 217,5月
2021-11-15,SO008364,西北,顺丰,11039.75,400.97,2148.97,数码电子,Xerox 193,11月
2021-11-15,SO008365,西北,顺丰,4982.944,217.85,693.69,家具产品,KI Conference Tables,11月
2021-04-14,SO008366,西北,顺丰,26.5,4.26,2.61,办公用品,Newell 340,4月
2021-05-20,SO008367,西北,顺丰,284.92,9.11,81.29,办公用品,Xerox 217,5月
2021-08-05,SO008368,西北,顺丰,1255.48,115.99,-292.6506,数码电子,Xerox 193,8月
2021-08-05,SO008369,西北,顺丰,411.56,9.38,-188.02,办公用品,Crate-A-Files™,8月
2021-12-18,SO008370,西北,顺丰,10.59,9.11,-4.31,办公用品,Xerox 217,12月
2021-12-28,SO008371,西北,顺丰,235.98,30.98,-32.28,办公用品,Xerox 217,12月
2021-09-01,SO008372,西北,顺丰,130.96,3.14,-66.74,办公用品,Letter Slitter,9月
2021-02-08,SO008373,西北,顺丰,714.46,15.98,-268.65,数码电子,TDK 4.7GB DVD-R,2月
2021-06-09,SO008374,西北,顺丰,679.65,15.01,31.203500000000002,办公用品,3M Organizer Strips,6月
2021-01-11,SO008375,西北,顺丰,437.73,9.9,205.7,办公用品,Grip Seal Envelopes,1月
2021-01-11,SO008376,华南,顺丰,275.01,15.7,-87.11,办公用品,Crate-A-Files™,1月
2021-05-31,SO008377,华东,顺丰,437.77,15.98,-125.8,数码电子,Accessory9,5月
2021-05-31,SO008378,华东,顺丰,514.86,12.28,-10.84,办公用品,Xerox 217,5月
2021-05-31,SO008379,华东,顺丰,356.27,30.98,84.53,办公用品,Xerox 217,5月
2021-11-15,SO008380,华东,顺丰,11039.75,400.97,2148.97,数码电子,Xerox 193,11月
2021-11-15,SO008381,华东,顺丰,4982.944,217.85,693.69,家具产品,KI Conference Tables,11月
2021-04-14,SO008382,华东,顺丰,26.5,4.26,2.61,办公用品,Newell 340,4月
2021-05-20,SO008383,华东,顺丰,284.92,9.11,81.29,办公用品,Staples File Caddy,5月
2021-08-05,SO008384,华东,顺丰,1255.48,115.99,-292.6506,数码电子,Xerox 193,8月
2021-08-05,SO008385,华东,顺丰,411.56,9.38,-188.02,办公用品,Xerox 197,8月
2021-12-18,SO008386,华东,顺丰,10.59,9.11,-4.31,办公用品,Xerox 217,12月
2021-12-28,SO008387,华南,顺丰,235.98,30.98,-32.28,办公用品,Xerox 217,12月
2021-09-01,SO008388,华东,顺丰,130.96,3.14,-66.74,办公用品,Letter Slitter,9月
2021-02-08,SO008389,华南,顺丰,714.46,15.98,-268.65,数码电子,TDK 4.7GB DVD-R,2月
2021-06-09,SO008390,华南,顺丰,679.65,15.01,31.203500000000002,办公用品,3M Organizer Strips,6月
2021-11-12,SO008391,华南,顺丰,2170.305,65.99,264.321,数码电子,CF 688,11月
2021-11-15,SO008392,华南,顺丰,718.6,17.98,-81.49,数码电子,Xerox 1881,11月
2021-12-15,SO008393,华南,顺丰,43.46,1.48,6.81,办公用品,Xerox 19,12月
2021-12-15,SO008394,华南,顺丰,927.9875,205.99,-615.9119999999999,数码电子,CF 688,12月
2021-07-16,SO008395,华南,顺丰,94.56,2.61,37.73,办公用品,Avery 498,7月
2021-09-17,SO008396,华南,顺丰,397.17,14.34,7.69,家具产品,Document Clip Frames,9月
2021-05-28,SO008397,华南,顺丰,336.84,100.98,-160.46,家具产品,Xerox 1907,5月
2021-05-28,SO008398,华南,顺丰,1120.27,150.98,16.81,数码电子,Xerox 193,5月
2021-09-22,SO008399,华南,顺丰,712.04,15.99,-110.925,数码电子,Xerox 193,9月
2021-03-07,SO008400,华南,顺丰,167.23,6.68,-43.17,办公用品,Xerox 195,3月
2021-04-11,SO008401,华南,顺丰,1610.26,64.98,122.42,办公用品,Crate-A-Files™,4月
2021-10-09,SO008402,华南,顺丰,3361.84,100.97,1211.76,数码电子,Xerox 193,10月
2021-10-09,SO008403,华南,顺丰,195.82,6.48,-91.7,办公用品,Xerox 223,10月
2021-02-13,SO008404,华南,顺丰,225.4,6.48,-165.48,办公用品,Xerox 212,2月
2021-02-13,SO008405,华南,顺丰,76.04,5.98,-47.55,办公用品,Xerox 217,2月
2021-05-20,SO008406,华南,顺丰,283.21,8.04,-196.0635,办公用品,3M Organizer Strips,5月
2021-05-20,SO008407,华南,顺丰,45.8,2.23,-52.92,家具产品,Document Clip Frames,5月
2021-01-27,SO008408,华南,顺丰,312.035,20.99,-55.935,数码电子,Accessory15,1月
2021-06-18,SO008409,华北,顺丰,17.77,0.99,-37.67,数码电子,TDK 4.7GB DVD-R,6月
2021-06-11,SO008410,华南,顺丰,224.34,8.6,-11.948500000000001,办公用品,3M Organizer Strips,6月
2021-10-13,SO008411,华北,顺丰,191.36,4.91,-82.08699999999999,办公用品,3M Organizer Strips,10月
2021-11-12,SO008412,华北,顺丰,2170.305,65.99,264.321,数码电子,5180,11月
2021-11-15,SO008413,东北,顺丰,718.6,17.98,-81.49,数码电子,TDK 4.7GB DVD-R,11月
2021-12-15,SO008414,东北,顺丰,43.46,1.48,6.81,办公用品,Binder Clips by OIC,12月
2021-12-15,SO008415,西南,顺丰,927.9875,205.99,-615.9119999999999,数码电子,TimeportP7382,12月
2021-07-16,SO008416,西北,顺丰,94.56,2.61,37.73,办公用品,Avery 479,7月
2021-09-17,SO008417,西北,顺丰,397.17,14.34,7.69,家具产品,Document Clip Frames,9月
2021-05-28,SO008418,华南,顺丰,336.84,100.98,-160.46,家具产品,Xerox 1907,5月
2021-05-28,SO008419,华南,顺丰,1120.27,150.98,16.81,数码电子,Xerox 193,5月
2021-09-22,SO008420,西北,顺丰,712.04,15.99,-110.925,数码电子,Xerox 193,9月
2021-03-07,SO008421,西北,顺丰,167.23,6.68,-43.17,办公用品,Xerox 195,3月
2021-04-11,SO008422,西北,顺丰,1610.26,64.98,122.42,办公用品,Crate-A-Files™,4月
2021-10-09,SO008423,华南,顺丰,3361.84,100.97,1211.76,数码电子,Xerox 193,10月
2021-10-09,SO008424,华北,顺丰,195.82,6.48,-91.7,办公用品,Xerox 223,10月
2021-08-09,SO008425,华南,顺丰,42.29,2.16,-85.2725,办公用品,3M Organizer Strips,8月
2021-08-14,SO008426,华东,顺丰,197.36,4.18,-43.5045,办公用品,3M Organizer Strips,8月
2021-01-18,SO008427,华北,顺丰,883.31,200.98,-79.96,家具产品,Phone 918,1月
2021-07-16,SO008428,华南,顺丰,9695.84,599.99,2752.11,数码电子,Canon PC940 Copier,7月
2021-07-16,SO008429,华南,顺丰,246.79,6.48,-90.08,办公用品,Xerox 21,7月
2021-07-16,SO008430,华北,顺丰,777.78,19.84,237.75,办公用品,Newell 340,7月
2021-11-21,SO008431,华北,顺丰,1644.59,50.98,-52.92,数码电子,TDK 4.7GB DVD-R,11月
2021-01-29,SO008432,华北,顺丰,1379.98,113.98,-151.73,家具产品,Phone 918,1月
2021-04-29,SO008433,华北,顺丰,2368.1679999999997,85.99,1181.295,数码电子,Accessory8,4月
2021-07-28,SO008434,东北,顺丰,2550.12,60.97,882.45,办公用品,Holmes Odor Grabber,7月
2021-07-28,SO008435,东北,顺丰,5897.47,122.99,-1764.29,家具产品,Phone 918,7月
2021-04-15,SO008436,东北,顺丰,662.51,15.67,293.32,办公用品,Grip Seal Envelopes,4月
2021-04-15,SO008437,东北,顺丰,61.18,2.88,6.85,办公用品,Newell 340,4月
2021-06-04,SO008438,东北,顺丰,3029.97,999.99,-1819.9964999999997,数码电子,Xerox 193,6月
2021-06-04,SO008439,华南,顺丰,241.04,6.48,-28.2,办公用品,Xerox 23,6月
2021-03-17,SO008440,华南,顺丰,44.17,7.59,23.41,家具产品,Document Clip Frames,3月
2021-03-17,SO008441,华南,顺丰,192.92,5.43,74.58,办公用品,Xerox 217,3月
2021-03-17,SO008442,华南,顺丰,10532.94,279.48,406.37,办公用品,Crate-A-Files™,3月
2021-03-05,SO008443,华北,顺丰,364.4,8.5,51.08,数码电子,TDK 4.7GB DVD-R,3月
2021-05-07,SO008444,华北,顺丰,33.99,4.77,-25.86,数码电子,TDK 4.7GB DVD-R,5月
2021-09-15,SO008445,西北,顺丰,260.51,7.3,-127.5235,办公用品,3M Organizer Strips,9月
2021-09-15,SO008446,西北,顺丰,466.28,29.89,92.7,数码电子,TDK 4.7GB DVD-R,9月
2021-03-10,SO008447,华东,顺丰,1961.39,136.98,761.04,家具产品,Document Clip Frames,3月
2021-03-10,SO008448,华东,顺丰,4.94,1.48,-1.76,办公用品,Binder Clips by OIC,3月
2021-09-30,SO008449,华东,顺丰,22.06,4.98,-15.6,办公用品,Xerox 1922,9月
2021-12-06,SO008450,华东,顺丰,549.92,180.98,-210.97,家具产品,Phone 918,12月
2021-12-06,SO008451,华东,顺丰,182.09,6.48,-28.15,办公用品,Xerox 1995,12月
2021-01-10,SO008452,华东,顺丰,1091.47,92.23,160.48,家具产品,Document Clip Frames,1月
2021-01-10,SO008453,华南,顺丰,112.59,3.28,-126.7,办公用品,Newell 35,1月
2021-06-28,SO008454,华南,顺丰,9633.59,216.6,176.67,家具产品,Phone 918,6月
2021-06-28,SO008455,华南,顺丰,3758.77,140.81,753.61,家具产品,Phone 918,6月
2021-02-17,SO008456,华南,顺丰,1616.66,100.98,112.58,家具产品,Xerox 1907,2月
2021-02-17,SO008457,华南,顺丰,96.21,14.58,-19.34,家具产品,Document Clip Frames,2月
2021-11-15,SO008458,华南,顺丰,18.91,3.89,-16.353,办公用品,Avery Binder Labels,11月
2021-11-15,SO008459,华南,顺丰,685.7,88.84,350.94,家具产品,Document Clip Frames,11月
2021-11-15,SO008460,华南,顺丰,1024.165,115.99,-105.69900000000001,数码电子,2160,11月
2021-01-23,SO008461,华东,顺丰,1383.2,73.98,-23.44,数码电子,TDK 4.7GB DVD-R,1月
2021-05-27,SO008462,华东,顺丰,211.42,9.71,-113.52,办公用品,Crate-A-Files™,5月
2021-09-06,SO008463,华南,顺丰,112.03,5.18,-57.9945,办公用品,3M Organizer Strips,9月
2021-07-16,SO008464,华北,顺丰,5205.83,124.49,-818.7660000000001,家具产品,KI Conference Tables,7月
2021-03-19,SO008465,华北,顺丰,175.23,3.69,-13.35,办公用品,Colored Envelopes,3月
2021-06-10,SO008466,华北,顺丰,132.72,8.85,-9.177,办公用品,3M Organizer Strips,6月
2021-04-24,SO008467,华北,顺丰,1396.58,35.41,600.72,数码电子,TDK 4.7GB DVD-R,4月
2021-04-24,SO008468,华北,顺丰,6448.69,142.86,1663.35,办公用品,Letter Size Cart,4月
2021-03-23,SO008469,华北,顺丰,143.78,22.72,75.3,家具产品,Document Clip Frames,3月
2021-08-20,SO008470,华北,顺丰,252.99,7.08,28.76,办公用品,Newell 340,8月
2021-05-26,SO008471,华北,顺丰,224.58,5.18,46.31,办公用品,Array® Me广东 Cubes,5月
2021-10-19,SO008472,华北,顺丰,1646.47,48.91,743.59,办公用品,Xerox 1891,10月
2021-11-07,SO008473,华北,顺丰,149.64,16.74,13.77,办公用品,3M Organizer Strips,11月
2021-07-26,SO008474,华北,顺丰,3416.38,100.98,-1142.2,家具产品,Xerox 1907,7月
2021-07-26,SO008475,华北,顺丰,142.81,10.14,39.64,办公用品,Xerox 217,7月
2021-08-09,SO008476,东北,顺丰,42.29,2.16,-85.2725,办公用品,3M Organizer Strips,8月
2021-08-14,SO008477,东北,顺丰,197.36,4.18,-43.5045,办公用品,3M Organizer Strips,8月
2021-01-18,SO008478,东北,顺丰,883.31,200.98,-79.96,家具产品,Phone 918,1月
2021-07-16,SO008479,东北,顺丰,9695.84,599.99,2752.11,数码电子,Canon PC940 Copier,7月
2021-07-16,SO008480,东北,顺丰,246.79,6.48,-90.08,办公用品,Xerox 21,7月
2021-07-16,SO008481,东北,顺丰,777.78,19.84,237.75,办公用品,Newell 340,7月
2021-11-21,SO008482,东北,顺丰,1644.59,50.98,-52.92,数码电子,TDK 4.7GB DVD-R,11月
2021-01-29,SO008483,东北,顺丰,1379.98,113.98,-151.73,家具产品,Phone 918,1月
2021-04-29,SO008484,东北,顺丰,2368.1679999999997,85.99,1181.295,数码电子,Accessory8,4月
2021-07-28,SO008485,东北,顺丰,2550.12,60.97,882.45,办公用品,Holmes Odor Grabber,7月
2021-07-28,SO008486,东北,顺丰,5897.47,122.99,-1764.29,家具产品,Phone 918,7月
2021-04-15,SO008487,东北,顺丰,662.51,15.67,293.32,办公用品,Grip Seal Envelopes,4月
2021-04-15,SO008488,东北,顺丰,61.18,2.88,6.85,办公用品,Newell 340,4月
2021-06-04,SO008489,东北,顺丰,3029.97,999.99,-1819.9964999999997,数码电子,Xerox 193,6月
2021-06-04,SO008490,东北,顺丰,241.04,6.48,-28.2,办公用品,Xerox 23,6月
2021-03-17,SO008491,东北,顺丰,44.17,7.59,23.41,家具产品,Document Clip Frames,3月
2021-03-17,SO008492,西南,顺丰,192.92,5.43,74.58,办公用品,Xerox 217,3月
2021-03-17,SO008493,西南,顺丰,10532.94,279.48,406.37,办公用品,Crate-A-Files™,3月
2021-03-05,SO008494,华南,顺丰,364.4,8.5,51.08,数码电子,TDK 4.7GB DVD-R,3月
2021-05-07,SO008495,华南,顺丰,33.99,4.77,-25.86,数码电子,TDK 4.7GB DVD-R,5月
2021-09-15,SO008496,华南,顺丰,260.51,7.3,-127.5235,办公用品,3M Organizer Strips,9月
2021-09-15,SO008497,华南,顺丰,466.28,29.89,92.7,数码电子,TDK 4.7GB DVD-R,9月
2021-03-10,SO008498,华南,顺丰,1961.39,136.98,761.04,家具产品,Document Clip Frames,3月
2021-03-10,SO008499,华南,顺丰,4.94,1.48,-1.76,办公用品,Binder Clips by OIC,3月
2021-09-30,SO008500,华南,顺丰,22.06,4.98,-15.6,办公用品,Xerox 1922,9月
2021-12-06,SO008501,华南,顺丰,549.92,180.98,-210.97,家具产品,Phone 918,12月
2021-12-06,SO008502,华南,顺丰,182.09,6.48,-28.15,办公用品,Xerox 1995,12月
2021-01-10,SO008503,华南,顺丰,1091.47,92.23,160.48,家具产品,Document Clip Frames,1月
2021-01-10,SO008504,华南,顺丰,112.59,3.28,-126.7,办公用品,Newell 35,1月
2021-06-28,SO008505,华南,顺丰,9633.59,216.6,176.67,家具产品,Phone 918,6月
2021-06-28,SO008506,华南,顺丰,3758.77,140.81,753.61,家具产品,Phone 918,6月
2021-02-17,SO008507,华南,顺丰,1616.66,100.98,112.58,家具产品,Xerox 1907,2月
2021-02-17,SO008508,华南,顺丰,96.21,14.58,-19.34,家具产品,Document Clip Frames,2月
2021-11-15,SO008509,华南,顺丰,18.91,3.89,-16.353,办公用品,Avery Binder Labels,11月
2021-11-15,SO008510,华南,顺丰,685.7,88.84,350.94,家具产品,Document Clip Frames,11月
2021-11-15,SO008511,华南,顺丰,1024.165,115.99,-105.69900000000001,数码电子,2160,11月
2021-01-23,SO008512,华南,顺丰,1383.2,73.98,-23.44,数码电子,TDK 4.7GB DVD-R,1月
2021-05-27,SO008513,华南,顺丰,211.42,9.71,-113.52,办公用品,Crate-A-Files™,5月
2021-09-06,SO008514,华南,顺丰,112.03,5.18,-57.9945,办公用品,3M Organizer Strips,9月
2021-07-16,SO008515,华南,顺丰,5205.83,124.49,-818.7660000000001,家具产品,KI Conference Tables,7月
2021-03-19,SO008516,华南,顺丰,175.23,3.69,-13.35,办公用品,Colored Envelopes,3月
2021-06-10,SO008517,华东,顺丰,132.72,8.85,-9.177,办公用品,3M Organizer Strips,6月
2021-04-24,SO008518,华东,顺丰,1396.58,35.41,600.72,数码电子,TDK 4.7GB DVD-R,4月
2021-04-24,SO008519,华东,顺丰,6448.69,142.86,1663.35,办公用品,Letter Size Cart,4月
2021-03-23,SO008520,华北,顺丰,143.78,22.72,75.3,家具产品,Document Clip Frames,3月
2021-08-20,SO008521,华北,顺丰,252.99,7.08,28.76,办公用品,Newell 340,8月
2021-05-26,SO008522,华北,顺丰,224.58,5.18,46.31,办公用品,Array® Me广东 Cubes,5月
2021-10-19,SO008523,华北,顺丰,1646.47,48.91,743.59,办公用品,Xerox 1891,10月
2021-11-07,SO008524,华北,顺丰,149.64,16.74,13.77,办公用品,3M Organizer Strips,11月
2021-07-26,SO008525,华北,顺丰,3416.38,100.98,-1142.2,家具产品,Xerox 1907,7月
2021-07-26,SO008526,华北,顺丰,142.81,10.14,39.64,办公用品,Xerox 217,7月
2021-08-09,SO008527,西北,顺丰,42.29,2.16,-85.2725,办公用品,3M Organizer Strips,8月
2021-08-14,SO008528,西北,顺丰,197.36,4.18,-43.5045,办公用品,3M Organizer Strips,8月
2021-01-18,SO008529,西北,顺丰,883.31,200.98,-79.96,家具产品,Phone 918,1月
2021-07-16,SO008530,西北,顺丰,9695.84,599.99,2752.11,数码电子,Canon PC940 Copier,7月
2021-07-16,SO008531,西北,顺丰,246.79,6.48,-90.08,办公用品,Xerox 21,7月
2021-07-16,SO008532,西北,顺丰,777.78,19.84,237.75,办公用品,Newell 340,7月
2021-11-21,SO008533,西北,顺丰,1644.59,50.98,-52.92,数码电子,TDK 4.7GB DVD-R,11月
2021-01-29,SO008534,西北,顺丰,1379.98,113.98,-151.73,家具产品,Phone 918,1月
2021-04-29,SO008535,西北,顺丰,2368.1679999999997,85.99,1181.295,数码电子,Accessory8,4月
2021-07-28,SO008536,西北,顺丰,2550.12,60.97,882.45,办公用品,Holmes Odor Grabber,7月
2021-07-28,SO008537,西北,顺丰,5897.47,122.99,-1764.29,家具产品,Phone 918,7月
2021-04-15,SO008538,西北,顺丰,662.51,15.67,293.32,办公用品,Grip Seal Envelopes,4月
2021-04-15,SO008539,华东,顺丰,61.18,2.88,6.85,办公用品,Newell 340,4月
2021-06-04,SO008540,华东,顺丰,3029.97,999.99,-1819.9964999999997,数码电子,Xerox 193,6月
2021-06-04,SO008541,华东,顺丰,241.04,6.48,-28.2,办公用品,Xerox 23,6月
2021-03-17,SO008542,华东,顺丰,44.17,7.59,23.41,家具产品,Document Clip Frames,3月
2021-03-17,SO008543,华东,顺丰,192.92,5.43,74.58,办公用品,Xerox 217,3月
2021-03-17,SO008544,华东,顺丰,10532.94,279.48,406.37,办公用品,Crate-A-Files™,3月
2021-03-05,SO008545,华东,顺丰,364.4,8.5,51.08,数码电子,TDK 4.7GB DVD-R,3月
2021-05-07,SO008546,华东,顺丰,33.99,4.77,-25.86,数码电子,TDK 4.7GB DVD-R,5月
2021-09-15,SO008547,华东,顺丰,260.51,7.3,-127.5235,办公用品,3M Organizer Strips,9月
2021-09-15,SO008548,华东,顺丰,466.28,29.89,92.7,数码电子,TDK 4.7GB DVD-R,9月
2021-03-10,SO008549,华东,顺丰,1961.39,136.98,761.04,家具产品,Document Clip Frames,3月
2021-03-10,SO008550,华东,顺丰,4.94,1.48,-1.76,办公用品,Binder Clips by OIC,3月
2021-09-30,SO008551,华东,顺丰,22.06,4.98,-15.6,办公用品,Xerox 1922,9月
2021-12-06,SO008552,华东,顺丰,549.92,180.98,-210.97,家具产品,Phone 918,12月
2021-12-06,SO008553,华东,顺丰,182.09,6.48,-28.15,办公用品,Xerox 1995,12月
2021-01-10,SO008554,华东,顺丰,1091.47,92.23,160.48,家具产品,Document Clip Frames,1月
2021-01-10,SO008555,华东,顺丰,112.59,3.28,-126.7,办公用品,Newell 35,1月
2021-06-28,SO008556,华南,顺丰,9633.59,216.6,176.67,家具产品,Phone 918,6月
2021-06-28,SO008557,华南,顺丰,3758.77,140.81,753.61,家具产品,Phone 918,6月
2021-02-17,SO008558,华南,顺丰,1616.66,100.98,112.58,家具产品,Xerox 1907,2月
2021-02-17,SO008559,华南,顺丰,96.21,14.58,-19.34,家具产品,Document Clip Frames,2月
2021-11-15,SO008560,西北,顺丰,18.91,3.89,-16.353,办公用品,Avery Binder Labels,11月
2021-11-15,SO008561,华东,顺丰,685.7,88.84,350.94,家具产品,Document Clip Frames,11月
2021-11-15,SO008562,华南,顺丰,1024.165,115.99,-105.69900000000001,数码电子,2160,11月
2021-01-23,SO008563,华南,顺丰,1383.2,73.98,-23.44,数码电子,TDK 4.7GB DVD-R,1月
2021-05-27,SO008564,华南,顺丰,211.42,9.71,-113.52,办公用品,Crate-A-Files™,5月
